task_id,task_name,volume,workflow_id,start_time,finish_time
0,entry,0.0,0,0,0.0
1,ID00000,3.0,0,8.0,11.0
2,ID00001,3.0,0,4.0,7.0
3,ID00002,3.0,0,4.0,7.0
4,ID00003,3.0,0,4.0,7.0
5,ID00004,3.0,0,4.0,7.0
6,ID00005,3.0,0,4.0,7.0
7,ID00006,3.0,0,4.0,7.0
8,ID00007,3.0,0,4.0,7.0
9,ID00008,3.0,0,4.0,7.0
10,ID00009,3.0,0,4.0,7.0
11,ID00010,3.0,0,4.0,7.0
12,ID00011,3.0,0,4.0,7.0
13,ID00012,3.0,0,4.0,7.0
14,ID00013,497.0,0,2.0,499.0
15,ID00014,10.0,0,2.0,12.0
16,ID00015,20.0,0,3.0,23.0
17,ID00016,468.0,0,904.0,1372.0
18,ID00017,134.0,0,1375.0,1509.0
19,ID00018,3.0,0,1523.0,1526.0
20,ID00019,3.0,0,1523.0,1526.0
21,ID00020,329.0,0,1523.0,1852.0
22,ID00021,9.0,0,1527.0,1536.0
23,ID00022,3.0,0,1523.0,1526.0
24,ID00023,3.0,0,1860.0,1863.0
25,ID00025,3.0,0,8.0,11.0
26,ID00026,3.0,0,4.0,7.0
27,ID00027,3.0,0,4.0,7.0
28,ID00028,3.0,0,4.0,7.0
29,ID00029,3.0,0,4.0,7.0
30,ID00030,3.0,0,4.0,7.0
31,ID00031,3.0,0,4.0,7.0
32,ID00032,3.0,0,4.0,7.0
33,ID00033,3.0,0,4.0,7.0
34,ID00034,3.0,0,4.0,7.0
35,ID00035,3.0,0,4.0,7.0
36,ID00036,3.0,0,4.0,7.0
37,ID00037,3.0,0,4.0,7.0
38,ID00038,277.0,0,2.0,279.0
39,ID00039,10.0,0,2.0,12.0
40,ID00040,9.0,0,3.0,12.0
41,ID00041,626.0,0,908.0,1534.0
42,ID00042,46.0,0,1537.0,1583.0
43,ID00043,3.0,0,1597.0,1600.0
44,ID00044,3.0,0,1597.0,1600.0
45,ID00045,319.0,0,1597.0,1916.0
46,ID00046,9.0,0,1601.0,1610.0
47,ID00047,3.0,0,1597.0,1600.0
48,ID00048,3.0,0,1924.0,1927.0
49,finish,0.0,0,1935.0,1935.0
50,entry,0.0,1,0,0.0
51,ID00000,6.0,1,5987.0,5993.0
52,ID00001,5.0,1,5958.0,5963.0
53,ID00002,3417.0,1,1567.0,4984.0
54,ID00003,542.0,1,5008.0,5550.0
55,ID00004,27.0,1,5553.0,5580.0
56,ID00005,627.0,1,5008.0,5635.0
57,ID00006,22.0,1,5638.0,5660.0
58,ID00007,382.0,1,5008.0,5390.0
59,ID00008,20.0,1,5393.0,5413.0
60,ID00009,449.0,1,5008.0,5457.0
61,ID00010,27.0,1,5460.0,5487.0
62,ID00011,453.0,1,5008.0,5461.0
63,ID00012,27.0,1,5464.0,5491.0
64,ID00013,757.0,1,5008.0,5765.0
65,ID00014,28.0,1,5768.0,5796.0
66,ID00015,598.0,1,5008.0,5606.0
67,ID00016,12.0,1,5609.0,5621.0
68,ID00017,445.0,1,5008.0,5453.0
69,ID00018,10.0,1,5456.0,5466.0
70,ID00019,947.0,1,5008.0,5955.0
71,ID00020,26.0,1,5958.0,5984.0
72,ID00021,688.0,1,5008.0,5696.0
73,ID00022,25.0,1,5699.0,5724.0
74,ID00023,2589.0,1,1575.0,4164.0
75,ID00024,1086.0,1,4180.0,5266.0
76,ID00025,15.0,1,5269.0,5284.0
77,ID00026,669.0,1,4180.0,4849.0
78,ID00027,21.0,1,4852.0,4873.0
79,ID00028,784.0,1,4180.0,4964.0
80,ID00029,21.0,1,4967.0,4988.0
81,ID00030,937.0,1,4180.0,5117.0
82,ID00031,11.0,1,5120.0,5131.0
83,ID00032,541.0,1,4180.0,4721.0
84,ID00033,22.0,1,4724.0,4746.0
85,ID00034,518.0,1,4180.0,4698.0
86,ID00035,20.0,1,4701.0,4721.0
87,ID00036,1103.0,1,4180.0,5283.0
88,ID00037,19.0,1,5286.0,5305.0
89,ID00038,969.0,1,4180.0,5149.0
90,ID00039,19.0,1,5152.0,5171.0
91,ID00040,490.0,1,4180.0,4670.0
92,ID00041,27.0,1,4673.0,4700.0
93,ID00042,984.0,1,4180.0,5164.0
94,ID00043,19.0,1,5167.0,5186.0
95,ID00044,446.0,1,4180.0,4626.0
96,ID00045,23.0,1,4629.0,4652.0
97,ID00046,441.0,1,4180.0,4621.0
98,ID00047,10.0,1,4624.0,4634.0
99,ID00048,602.0,1,4180.0,4782.0
100,ID00049,12.0,1,4785.0,4797.0
101,finish,0.0,1,5994.0,5994.0
102,entry,0.0,2,0,0.0
103,ID00000,3.0,2,8.0,11.0
104,ID00001,3.0,2,4.0,7.0
105,ID00002,3.0,2,4.0,7.0
106,ID00003,3.0,2,4.0,7.0
107,ID00004,3.0,2,4.0,7.0
108,ID00005,3.0,2,4.0,7.0
109,ID00006,3.0,2,4.0,7.0
110,ID00007,3.0,2,4.0,7.0
111,ID00008,3.0,2,4.0,7.0
112,ID00009,3.0,2,4.0,7.0
113,ID00010,3.0,2,4.0,7.0
114,ID00011,3.0,2,4.0,7.0
115,ID00012,3.0,2,4.0,7.0
116,ID00013,497.0,2,2.0,499.0
117,ID00014,10.0,2,2.0,12.0
118,ID00015,20.0,2,3.0,23.0
119,ID00016,468.0,2,904.0,1372.0
120,ID00017,134.0,2,1375.0,1509.0
121,ID00018,3.0,2,1523.0,1526.0
122,ID00019,3.0,2,1523.0,1526.0
123,ID00020,329.0,2,1523.0,1852.0
124,ID00021,9.0,2,1527.0,1536.0
125,ID00022,3.0,2,1523.0,1526.0
126,ID00023,3.0,2,1860.0,1863.0
127,ID00025,3.0,2,8.0,11.0
128,ID00026,3.0,2,4.0,7.0
129,ID00027,3.0,2,4.0,7.0
130,ID00028,3.0,2,4.0,7.0
131,ID00029,3.0,2,4.0,7.0
132,ID00030,3.0,2,4.0,7.0
133,ID00031,3.0,2,4.0,7.0
134,ID00032,3.0,2,4.0,7.0
135,ID00033,3.0,2,4.0,7.0
136,ID00034,3.0,2,4.0,7.0
137,ID00035,3.0,2,4.0,7.0
138,ID00036,3.0,2,4.0,7.0
139,ID00037,3.0,2,4.0,7.0
140,ID00038,277.0,2,2.0,279.0
141,ID00039,10.0,2,2.0,12.0
142,ID00040,9.0,2,3.0,12.0
143,ID00041,626.0,2,908.0,1534.0
144,ID00042,46.0,2,1537.0,1583.0
145,ID00043,3.0,2,1597.0,1600.0
146,ID00044,3.0,2,1597.0,1600.0
147,ID00045,319.0,2,1597.0,1916.0
148,ID00046,9.0,2,1601.0,1610.0
149,ID00047,3.0,2,1597.0,1600.0
150,ID00048,3.0,2,1924.0,1927.0
151,finish,0.0,2,1935.0,1935.0
152,entry,0.0,3,0,0.0
153,ID00000,57.0,3,286.0,343.0
154,ID00001,56.0,3,286.0,342.0
155,ID00002,54.0,3,286.0,340.0
156,ID00003,54.0,3,286.0,340.0
157,ID00004,56.0,3,285.0,341.0
158,ID00005,55.0,3,286.0,341.0
159,ID00006,55.0,3,286.0,341.0
160,ID00007,55.0,3,286.0,341.0
161,ID00008,55.0,3,286.0,341.0
162,ID00009,55.0,3,286.0,341.0
163,ID00010,54.0,3,286.0,340.0
164,ID00011,54.0,3,286.0,340.0
165,ID00012,1768.0,3,350.0,2118.0
166,ID00013,1486.0,3,350.0,1836.0
167,ID00014,1667.0,3,348.0,2015.0
168,ID00015,1360.0,3,347.0,1707.0
169,ID00016,1286.0,3,348.0,1634.0
170,ID00017,1598.0,3,348.0,1946.0
171,ID00018,880.0,3,348.0,1228.0
172,ID00019,1746.0,3,348.0,2094.0
173,ID00020,988.0,3,348.0,1336.0
174,ID00021,1553.0,3,348.0,1901.0
175,ID00022,2027.0,3,348.0,2375.0
176,ID00023,1807.0,3,347.0,2154.0
177,ID00024,17.0,3,2378.0,2395.0
178,ID00025,15.0,3,2398.0,2413.0
179,ID00026,15.0,3,2398.0,2413.0
180,ID00027,16.0,3,2398.0,2414.0
181,ID00028,14.0,3,2398.0,2412.0
182,ID00029,18.0,3,2398.0,2416.0
183,ID00030,17.0,3,2398.0,2415.0
184,ID00031,17.0,3,2398.0,2415.0
185,ID00032,16.0,3,2398.0,2414.0
186,ID00033,16.0,3,2398.0,2414.0
187,ID00034,17.0,3,2398.0,2415.0
188,ID00035,15.0,3,2398.0,2413.0
189,ID00036,13.0,3,2398.0,2411.0
190,ID00037,1607.0,3,2416.0,4023.0
191,ID00038,1213.0,3,2416.0,3629.0
192,ID00039,1186.0,3,2417.0,3603.0
193,ID00040,1749.0,3,2415.0,4164.0
194,ID00041,1473.0,3,2419.0,3892.0
195,ID00042,1670.0,3,2418.0,4088.0
196,ID00043,1139.0,3,2418.0,3557.0
197,ID00044,1855.0,3,2417.0,4272.0
198,ID00045,2015.0,3,2417.0,4432.0
199,ID00046,2007.0,3,2418.0,4425.0
200,ID00047,1767.0,3,2416.0,4183.0
201,ID00048,911.0,3,2414.0,3325.0
202,ID00049,16.0,3,4435.0,4451.0
203,finish,0.0,3,4452.0,4452.0
204,entry,0.0,4,0,0.0
205,ID00000,3.0,4,8.0,11.0
206,ID00001,3.0,4,4.0,7.0
207,ID00002,3.0,4,4.0,7.0
208,ID00003,3.0,4,4.0,7.0
209,ID00004,3.0,4,4.0,7.0
210,ID00005,3.0,4,4.0,7.0
211,ID00006,3.0,4,4.0,7.0
212,ID00007,3.0,4,4.0,7.0
213,ID00008,3.0,4,4.0,7.0
214,ID00009,3.0,4,4.0,7.0
215,ID00010,3.0,4,4.0,7.0
216,ID00011,3.0,4,4.0,7.0
217,ID00012,3.0,4,4.0,7.0
218,ID00013,497.0,4,2.0,499.0
219,ID00014,10.0,4,2.0,12.0
220,ID00015,20.0,4,3.0,23.0
221,ID00016,468.0,4,904.0,1372.0
222,ID00017,134.0,4,1375.0,1509.0
223,ID00018,3.0,4,1523.0,1526.0
224,ID00019,3.0,4,1523.0,1526.0
225,ID00020,329.0,4,1523.0,1852.0
226,ID00021,9.0,4,1527.0,1536.0
227,ID00022,3.0,4,1523.0,1526.0
228,ID00023,3.0,4,1860.0,1863.0
229,ID00025,3.0,4,8.0,11.0
230,ID00026,3.0,4,4.0,7.0
231,ID00027,3.0,4,4.0,7.0
232,ID00028,3.0,4,4.0,7.0
233,ID00029,3.0,4,4.0,7.0
234,ID00030,3.0,4,4.0,7.0
235,ID00031,3.0,4,4.0,7.0
236,ID00032,3.0,4,4.0,7.0
237,ID00033,3.0,4,4.0,7.0
238,ID00034,3.0,4,4.0,7.0
239,ID00035,3.0,4,4.0,7.0
240,ID00036,3.0,4,4.0,7.0
241,ID00037,3.0,4,4.0,7.0
242,ID00038,277.0,4,2.0,279.0
243,ID00039,10.0,4,2.0,12.0
244,ID00040,9.0,4,3.0,12.0
245,ID00041,626.0,4,908.0,1534.0
246,ID00042,46.0,4,1537.0,1583.0
247,ID00043,3.0,4,1597.0,1600.0
248,ID00044,3.0,4,1597.0,1600.0
249,ID00045,319.0,4,1597.0,1916.0
250,ID00046,9.0,4,1601.0,1610.0
251,ID00047,3.0,4,1597.0,1600.0
252,ID00048,3.0,4,1924.0,1927.0
253,finish,0.0,4,1935.0,1935.0
254,entry,0.0,5,0,0.0
255,ID00000,165.0,5,23.0,188.0
256,ID00001,165.0,5,23.0,188.0
257,ID00002,166.0,5,23.0,189.0
258,ID00003,166.0,5,23.0,189.0
259,ID00004,163.0,5,23.0,186.0
260,ID00005,166.0,5,23.0,189.0
261,ID00006,164.0,5,23.0,187.0
262,ID00007,166.0,5,23.0,189.0
263,ID00008,129.0,5,230.0,359.0
264,ID00009,128.0,5,231.0,359.0
265,ID00010,126.0,5,230.0,356.0
266,ID00011,128.0,5,231.0,359.0
267,ID00012,129.0,5,230.0,359.0
268,ID00013,126.0,5,231.0,357.0
269,ID00014,128.0,5,231.0,359.0
270,ID00015,128.0,5,231.0,359.0
271,ID00016,127.0,5,231.0,358.0
272,ID00017,125.0,5,231.0,356.0
273,ID00018,129.0,5,231.0,360.0
274,ID00019,127.0,5,231.0,358.0
275,ID00020,126.0,5,231.0,357.0
276,ID00021,129.0,5,231.0,360.0
277,ID00022,127.0,5,231.0,358.0
278,ID00023,129.0,5,231.0,360.0
279,ID00024,126.0,5,228.0,354.0
280,ID00025,127.0,5,231.0,358.0
281,ID00026,130.0,5,231.0,361.0
282,ID00027,126.0,5,231.0,357.0
283,ID00028,128.0,5,231.0,359.0
284,ID00029,128.0,5,230.0,358.0
285,ID00030,128.0,5,231.0,359.0
286,ID00031,128.0,5,231.0,359.0
287,ID00032,127.0,5,231.0,358.0
288,ID00033,127.0,5,231.0,358.0
289,ID00034,127.0,5,231.0,358.0
290,ID00035,127.0,5,231.0,358.0
291,ID00036,27.0,5,367.0,394.0
292,ID00037,64.0,5,397.0,461.0
293,ID00038,131.0,5,464.0,595.0
294,ID00039,129.0,5,464.0,593.0
295,ID00040,131.0,5,464.0,595.0
296,ID00041,128.0,5,464.0,592.0
297,ID00042,126.0,5,464.0,590.0
298,ID00043,128.0,5,464.0,592.0
299,ID00044,129.0,5,464.0,593.0
300,ID00045,129.0,5,464.0,593.0
301,ID00046,30.0,5,637.0,667.0
302,ID00047,59.0,5,670.0,729.0
303,ID00048,59.0,5,1381.0,1440.0
304,ID00049,6.0,5,1454.0,1460.0
305,finish,0.0,5,1462.0,1462.0
306,entry,0.0,6,0,0.0
307,ID00000,3.0,6,74.0,77.0
308,ID00001,3.0,6,27.0,30.0
309,ID00002,3.0,6,153.0,156.0
310,ID00003,3.0,6,153.0,156.0
311,ID00004,3.0,6,153.0,156.0
312,ID00005,3.0,6,153.0,156.0
313,ID00006,3.0,6,153.0,156.0
314,ID00007,3.0,6,60.0,63.0
315,ID00008,3.0,6,60.0,63.0
316,ID00009,3.0,6,60.0,63.0
317,ID00010,3.0,6,60.0,63.0
318,ID00011,3.0,6,60.0,63.0
319,ID00012,3.0,6,172.0,175.0
320,ID00013,3.0,6,170.0,173.0
321,ID00014,3.0,6,172.0,175.0
322,ID00015,3.0,6,172.0,175.0
323,ID00016,3.0,6,172.0,175.0
324,ID00017,3.0,6,69.0,72.0
325,ID00018,3.0,6,69.0,72.0
326,ID00019,3.0,6,69.0,72.0
327,ID00020,3.0,6,69.0,72.0
328,ID00021,3.0,6,69.0,72.0
329,ID00022,3.0,6,181.0,184.0
330,ID00023,3.0,6,178.0,181.0
331,ID00024,3.0,6,180.0,183.0
332,ID00025,3.0,6,185.0,188.0
333,ID00026,3.0,6,181.0,184.0
334,ID00027,3.0,6,74.0,77.0
335,ID00028,3.0,6,74.0,77.0
336,ID00029,3.0,6,74.0,77.0
337,ID00030,3.0,6,74.0,77.0
338,ID00031,3.0,6,75.0,78.0
339,ID00032,172.0,6,186.0,358.0
340,ID00033,230.0,6,183.0,413.0
341,ID00034,125.0,6,185.0,310.0
342,ID00035,175.0,6,191.0,366.0
343,ID00036,163.0,6,186.0,349.0
344,ID00037,178.0,6,78.0,256.0
345,ID00038,217.0,6,78.0,295.0
346,ID00039,175.0,6,78.0,253.0
347,ID00040,181.0,6,78.0,259.0
348,ID00041,158.0,6,79.0,237.0
349,ID00042,3.0,6,415.0,418.0
350,ID00043,3.0,6,296.0,299.0
351,ID00044,3.0,6,426.0,429.0
352,ID00045,3.0,6,440.0,443.0
353,ID00046,62.0,6,444.0,506.0
354,finish,0.0,6,507.0,507.0
355,entry,0.0,7,0,0.0
356,ID00000,3.0,7,8.0,11.0
357,ID00001,3.0,7,4.0,7.0
358,ID00002,3.0,7,4.0,7.0
359,ID00003,3.0,7,4.0,7.0
360,ID00004,3.0,7,4.0,7.0
361,ID00005,3.0,7,4.0,7.0
362,ID00006,3.0,7,4.0,7.0
363,ID00007,3.0,7,4.0,7.0
364,ID00008,3.0,7,4.0,7.0
365,ID00009,3.0,7,4.0,7.0
366,ID00010,3.0,7,4.0,7.0
367,ID00011,3.0,7,4.0,7.0
368,ID00012,3.0,7,4.0,7.0
369,ID00013,497.0,7,2.0,499.0
370,ID00014,10.0,7,2.0,12.0
371,ID00015,20.0,7,3.0,23.0
372,ID00016,468.0,7,904.0,1372.0
373,ID00017,134.0,7,1375.0,1509.0
374,ID00018,3.0,7,1523.0,1526.0
375,ID00019,3.0,7,1523.0,1526.0
376,ID00020,329.0,7,1523.0,1852.0
377,ID00021,9.0,7,1527.0,1536.0
378,ID00022,3.0,7,1523.0,1526.0
379,ID00023,3.0,7,1860.0,1863.0
380,ID00025,3.0,7,8.0,11.0
381,ID00026,3.0,7,4.0,7.0
382,ID00027,3.0,7,4.0,7.0
383,ID00028,3.0,7,4.0,7.0
384,ID00029,3.0,7,4.0,7.0
385,ID00030,3.0,7,4.0,7.0
386,ID00031,3.0,7,4.0,7.0
387,ID00032,3.0,7,4.0,7.0
388,ID00033,3.0,7,4.0,7.0
389,ID00034,3.0,7,4.0,7.0
390,ID00035,3.0,7,4.0,7.0
391,ID00036,3.0,7,4.0,7.0
392,ID00037,3.0,7,4.0,7.0
393,ID00038,277.0,7,2.0,279.0
394,ID00039,10.0,7,2.0,12.0
395,ID00040,9.0,7,3.0,12.0
396,ID00041,626.0,7,908.0,1534.0
397,ID00042,46.0,7,1537.0,1583.0
398,ID00043,3.0,7,1597.0,1600.0
399,ID00044,3.0,7,1597.0,1600.0
400,ID00045,319.0,7,1597.0,1916.0
401,ID00046,9.0,7,1601.0,1610.0
402,ID00047,3.0,7,1597.0,1600.0
403,ID00048,3.0,7,1924.0,1927.0
404,finish,0.0,7,1935.0,1935.0
405,entry,0.0,8,0,0.0
406,ID00000,3.0,8,74.0,77.0
407,ID00001,3.0,8,27.0,30.0
408,ID00002,3.0,8,153.0,156.0
409,ID00003,3.0,8,153.0,156.0
410,ID00004,3.0,8,153.0,156.0
411,ID00005,3.0,8,153.0,156.0
412,ID00006,3.0,8,153.0,156.0
413,ID00007,3.0,8,60.0,63.0
414,ID00008,3.0,8,60.0,63.0
415,ID00009,3.0,8,60.0,63.0
416,ID00010,3.0,8,60.0,63.0
417,ID00011,3.0,8,60.0,63.0
418,ID00012,3.0,8,172.0,175.0
419,ID00013,3.0,8,170.0,173.0
420,ID00014,3.0,8,172.0,175.0
421,ID00015,3.0,8,172.0,175.0
422,ID00016,3.0,8,172.0,175.0
423,ID00017,3.0,8,69.0,72.0
424,ID00018,3.0,8,69.0,72.0
425,ID00019,3.0,8,69.0,72.0
426,ID00020,3.0,8,69.0,72.0
427,ID00021,3.0,8,69.0,72.0
428,ID00022,3.0,8,181.0,184.0
429,ID00023,3.0,8,178.0,181.0
430,ID00024,3.0,8,180.0,183.0
431,ID00025,3.0,8,185.0,188.0
432,ID00026,3.0,8,181.0,184.0
433,ID00027,3.0,8,74.0,77.0
434,ID00028,3.0,8,74.0,77.0
435,ID00029,3.0,8,74.0,77.0
436,ID00030,3.0,8,74.0,77.0
437,ID00031,3.0,8,75.0,78.0
438,ID00032,172.0,8,186.0,358.0
439,ID00033,230.0,8,183.0,413.0
440,ID00034,125.0,8,185.0,310.0
441,ID00035,175.0,8,191.0,366.0
442,ID00036,163.0,8,186.0,349.0
443,ID00037,178.0,8,78.0,256.0
444,ID00038,217.0,8,78.0,295.0
445,ID00039,175.0,8,78.0,253.0
446,ID00040,181.0,8,78.0,259.0
447,ID00041,158.0,8,79.0,237.0
448,ID00042,3.0,8,415.0,418.0
449,ID00043,3.0,8,296.0,299.0
450,ID00044,3.0,8,426.0,429.0
451,ID00045,3.0,8,440.0,443.0
452,ID00046,62.0,8,444.0,506.0
453,finish,0.0,8,507.0,507.0
454,entry,0.0,9,0,0.0
455,ID00000,6.0,9,5987.0,5993.0
456,ID00001,5.0,9,5958.0,5963.0
457,ID00002,3417.0,9,1567.0,4984.0
458,ID00003,542.0,9,5008.0,5550.0
459,ID00004,27.0,9,5553.0,5580.0
460,ID00005,627.0,9,5008.0,5635.0
461,ID00006,22.0,9,5638.0,5660.0
462,ID00007,382.0,9,5008.0,5390.0
463,ID00008,20.0,9,5393.0,5413.0
464,ID00009,449.0,9,5008.0,5457.0
465,ID00010,27.0,9,5460.0,5487.0
466,ID00011,453.0,9,5008.0,5461.0
467,ID00012,27.0,9,5464.0,5491.0
468,ID00013,757.0,9,5008.0,5765.0
469,ID00014,28.0,9,5768.0,5796.0
470,ID00015,598.0,9,5008.0,5606.0
471,ID00016,12.0,9,5609.0,5621.0
472,ID00017,445.0,9,5008.0,5453.0
473,ID00018,10.0,9,5456.0,5466.0
474,ID00019,947.0,9,5008.0,5955.0
475,ID00020,26.0,9,5958.0,5984.0
476,ID00021,688.0,9,5008.0,5696.0
477,ID00022,25.0,9,5699.0,5724.0
478,ID00023,2589.0,9,1575.0,4164.0
479,ID00024,1086.0,9,4180.0,5266.0
480,ID00025,15.0,9,5269.0,5284.0
481,ID00026,669.0,9,4180.0,4849.0
482,ID00027,21.0,9,4852.0,4873.0
483,ID00028,784.0,9,4180.0,4964.0
484,ID00029,21.0,9,4967.0,4988.0
485,ID00030,937.0,9,4180.0,5117.0
486,ID00031,11.0,9,5120.0,5131.0
487,ID00032,541.0,9,4180.0,4721.0
488,ID00033,22.0,9,4724.0,4746.0
489,ID00034,518.0,9,4180.0,4698.0
490,ID00035,20.0,9,4701.0,4721.0
491,ID00036,1103.0,9,4180.0,5283.0
492,ID00037,19.0,9,5286.0,5305.0
493,ID00038,969.0,9,4180.0,5149.0
494,ID00039,19.0,9,5152.0,5171.0
495,ID00040,490.0,9,4180.0,4670.0
496,ID00041,27.0,9,4673.0,4700.0
497,ID00042,984.0,9,4180.0,5164.0
498,ID00043,19.0,9,5167.0,5186.0
499,ID00044,446.0,9,4180.0,4626.0
500,ID00045,23.0,9,4629.0,4652.0
501,ID00046,441.0,9,4180.0,4621.0
502,ID00047,10.0,9,4624.0,4634.0
503,ID00048,602.0,9,4180.0,4782.0
504,ID00049,12.0,9,4785.0,4797.0
505,finish,0.0,9,5994.0,5994.0
506,entry,0.0,10,0,0.0
507,ID00000,57.0,10,286.0,343.0
508,ID00001,56.0,10,286.0,342.0
509,ID00002,54.0,10,286.0,340.0
510,ID00003,54.0,10,286.0,340.0
511,ID00004,56.0,10,285.0,341.0
512,ID00005,55.0,10,286.0,341.0
513,ID00006,55.0,10,286.0,341.0
514,ID00007,55.0,10,286.0,341.0
515,ID00008,55.0,10,286.0,341.0
516,ID00009,55.0,10,286.0,341.0
517,ID00010,54.0,10,286.0,340.0
518,ID00011,54.0,10,286.0,340.0
519,ID00012,1768.0,10,350.0,2118.0
520,ID00013,1486.0,10,350.0,1836.0
521,ID00014,1667.0,10,348.0,2015.0
522,ID00015,1360.0,10,347.0,1707.0
523,ID00016,1286.0,10,348.0,1634.0
524,ID00017,1598.0,10,348.0,1946.0
525,ID00018,880.0,10,348.0,1228.0
526,ID00019,1746.0,10,348.0,2094.0
527,ID00020,988.0,10,348.0,1336.0
528,ID00021,1553.0,10,348.0,1901.0
529,ID00022,2027.0,10,348.0,2375.0
530,ID00023,1807.0,10,347.0,2154.0
531,ID00024,17.0,10,2378.0,2395.0
532,ID00025,15.0,10,2398.0,2413.0
533,ID00026,15.0,10,2398.0,2413.0
534,ID00027,16.0,10,2398.0,2414.0
535,ID00028,14.0,10,2398.0,2412.0
536,ID00029,18.0,10,2398.0,2416.0
537,ID00030,17.0,10,2398.0,2415.0
538,ID00031,17.0,10,2398.0,2415.0
539,ID00032,16.0,10,2398.0,2414.0
540,ID00033,16.0,10,2398.0,2414.0
541,ID00034,17.0,10,2398.0,2415.0
542,ID00035,15.0,10,2398.0,2413.0
543,ID00036,13.0,10,2398.0,2411.0
544,ID00037,1607.0,10,2416.0,4023.0
545,ID00038,1213.0,10,2416.0,3629.0
546,ID00039,1186.0,10,2417.0,3603.0
547,ID00040,1749.0,10,2415.0,4164.0
548,ID00041,1473.0,10,2419.0,3892.0
549,ID00042,1670.0,10,2418.0,4088.0
550,ID00043,1139.0,10,2418.0,3557.0
551,ID00044,1855.0,10,2417.0,4272.0
552,ID00045,2015.0,10,2417.0,4432.0
553,ID00046,2007.0,10,2418.0,4425.0
554,ID00047,1767.0,10,2416.0,4183.0
555,ID00048,911.0,10,2414.0,3325.0
556,ID00049,16.0,10,4435.0,4451.0
557,finish,0.0,10,4452.0,4452.0
558,entry,0.0,11,0,0.0
559,ID00000,57.0,11,286.0,343.0
560,ID00001,56.0,11,286.0,342.0
561,ID00002,54.0,11,286.0,340.0
562,ID00003,54.0,11,286.0,340.0
563,ID00004,56.0,11,285.0,341.0
564,ID00005,55.0,11,286.0,341.0
565,ID00006,55.0,11,286.0,341.0
566,ID00007,55.0,11,286.0,341.0
567,ID00008,55.0,11,286.0,341.0
568,ID00009,55.0,11,286.0,341.0
569,ID00010,54.0,11,286.0,340.0
570,ID00011,54.0,11,286.0,340.0
571,ID00012,1768.0,11,350.0,2118.0
572,ID00013,1486.0,11,350.0,1836.0
573,ID00014,1667.0,11,348.0,2015.0
574,ID00015,1360.0,11,347.0,1707.0
575,ID00016,1286.0,11,348.0,1634.0
576,ID00017,1598.0,11,348.0,1946.0
577,ID00018,880.0,11,348.0,1228.0
578,ID00019,1746.0,11,348.0,2094.0
579,ID00020,988.0,11,348.0,1336.0
580,ID00021,1553.0,11,348.0,1901.0
581,ID00022,2027.0,11,348.0,2375.0
582,ID00023,1807.0,11,347.0,2154.0
583,ID00024,17.0,11,2378.0,2395.0
584,ID00025,15.0,11,2398.0,2413.0
585,ID00026,15.0,11,2398.0,2413.0
586,ID00027,16.0,11,2398.0,2414.0
587,ID00028,14.0,11,2398.0,2412.0
588,ID00029,18.0,11,2398.0,2416.0
589,ID00030,17.0,11,2398.0,2415.0
590,ID00031,17.0,11,2398.0,2415.0
591,ID00032,16.0,11,2398.0,2414.0
592,ID00033,16.0,11,2398.0,2414.0
593,ID00034,17.0,11,2398.0,2415.0
594,ID00035,15.0,11,2398.0,2413.0
595,ID00036,13.0,11,2398.0,2411.0
596,ID00037,1607.0,11,2416.0,4023.0
597,ID00038,1213.0,11,2416.0,3629.0
598,ID00039,1186.0,11,2417.0,3603.0
599,ID00040,1749.0,11,2415.0,4164.0
600,ID00041,1473.0,11,2419.0,3892.0
601,ID00042,1670.0,11,2418.0,4088.0
602,ID00043,1139.0,11,2418.0,3557.0
603,ID00044,1855.0,11,2417.0,4272.0
604,ID00045,2015.0,11,2417.0,4432.0
605,ID00046,2007.0,11,2418.0,4425.0
606,ID00047,1767.0,11,2416.0,4183.0
607,ID00048,911.0,11,2414.0,3325.0
608,ID00049,16.0,11,4435.0,4451.0
609,finish,0.0,11,4452.0,4452.0
610,entry,0.0,12,0,0.0
611,ID00000,57.0,12,286.0,343.0
612,ID00001,56.0,12,286.0,342.0
613,ID00002,54.0,12,286.0,340.0
614,ID00003,54.0,12,286.0,340.0
615,ID00004,56.0,12,285.0,341.0
616,ID00005,55.0,12,286.0,341.0
617,ID00006,55.0,12,286.0,341.0
618,ID00007,55.0,12,286.0,341.0
619,ID00008,55.0,12,286.0,341.0
620,ID00009,55.0,12,286.0,341.0
621,ID00010,54.0,12,286.0,340.0
622,ID00011,54.0,12,286.0,340.0
623,ID00012,1768.0,12,350.0,2118.0
624,ID00013,1486.0,12,350.0,1836.0
625,ID00014,1667.0,12,348.0,2015.0
626,ID00015,1360.0,12,347.0,1707.0
627,ID00016,1286.0,12,348.0,1634.0
628,ID00017,1598.0,12,348.0,1946.0
629,ID00018,880.0,12,348.0,1228.0
630,ID00019,1746.0,12,348.0,2094.0
631,ID00020,988.0,12,348.0,1336.0
632,ID00021,1553.0,12,348.0,1901.0
633,ID00022,2027.0,12,348.0,2375.0
634,ID00023,1807.0,12,347.0,2154.0
635,ID00024,17.0,12,2378.0,2395.0
636,ID00025,15.0,12,2398.0,2413.0
637,ID00026,15.0,12,2398.0,2413.0
638,ID00027,16.0,12,2398.0,2414.0
639,ID00028,14.0,12,2398.0,2412.0
640,ID00029,18.0,12,2398.0,2416.0
641,ID00030,17.0,12,2398.0,2415.0
642,ID00031,17.0,12,2398.0,2415.0
643,ID00032,16.0,12,2398.0,2414.0
644,ID00033,16.0,12,2398.0,2414.0
645,ID00034,17.0,12,2398.0,2415.0
646,ID00035,15.0,12,2398.0,2413.0
647,ID00036,13.0,12,2398.0,2411.0
648,ID00037,1607.0,12,2416.0,4023.0
649,ID00038,1213.0,12,2416.0,3629.0
650,ID00039,1186.0,12,2417.0,3603.0
651,ID00040,1749.0,12,2415.0,4164.0
652,ID00041,1473.0,12,2419.0,3892.0
653,ID00042,1670.0,12,2418.0,4088.0
654,ID00043,1139.0,12,2418.0,3557.0
655,ID00044,1855.0,12,2417.0,4272.0
656,ID00045,2015.0,12,2417.0,4432.0
657,ID00046,2007.0,12,2418.0,4425.0
658,ID00047,1767.0,12,2416.0,4183.0
659,ID00048,911.0,12,2414.0,3325.0
660,ID00049,16.0,12,4435.0,4451.0
661,finish,0.0,12,4452.0,4452.0
662,entry,0.0,13,0,0.0
663,ID00000,57.0,13,286.0,343.0
664,ID00001,56.0,13,286.0,342.0
665,ID00002,54.0,13,286.0,340.0
666,ID00003,54.0,13,286.0,340.0
667,ID00004,56.0,13,285.0,341.0
668,ID00005,55.0,13,286.0,341.0
669,ID00006,55.0,13,286.0,341.0
670,ID00007,55.0,13,286.0,341.0
671,ID00008,55.0,13,286.0,341.0
672,ID00009,55.0,13,286.0,341.0
673,ID00010,54.0,13,286.0,340.0
674,ID00011,54.0,13,286.0,340.0
675,ID00012,1768.0,13,350.0,2118.0
676,ID00013,1486.0,13,350.0,1836.0
677,ID00014,1667.0,13,348.0,2015.0
678,ID00015,1360.0,13,347.0,1707.0
679,ID00016,1286.0,13,348.0,1634.0
680,ID00017,1598.0,13,348.0,1946.0
681,ID00018,880.0,13,348.0,1228.0
682,ID00019,1746.0,13,348.0,2094.0
683,ID00020,988.0,13,348.0,1336.0
684,ID00021,1553.0,13,348.0,1901.0
685,ID00022,2027.0,13,348.0,2375.0
686,ID00023,1807.0,13,347.0,2154.0
687,ID00024,17.0,13,2378.0,2395.0
688,ID00025,15.0,13,2398.0,2413.0
689,ID00026,15.0,13,2398.0,2413.0
690,ID00027,16.0,13,2398.0,2414.0
691,ID00028,14.0,13,2398.0,2412.0
692,ID00029,18.0,13,2398.0,2416.0
693,ID00030,17.0,13,2398.0,2415.0
694,ID00031,17.0,13,2398.0,2415.0
695,ID00032,16.0,13,2398.0,2414.0
696,ID00033,16.0,13,2398.0,2414.0
697,ID00034,17.0,13,2398.0,2415.0
698,ID00035,15.0,13,2398.0,2413.0
699,ID00036,13.0,13,2398.0,2411.0
700,ID00037,1607.0,13,2416.0,4023.0
701,ID00038,1213.0,13,2416.0,3629.0
702,ID00039,1186.0,13,2417.0,3603.0
703,ID00040,1749.0,13,2415.0,4164.0
704,ID00041,1473.0,13,2419.0,3892.0
705,ID00042,1670.0,13,2418.0,4088.0
706,ID00043,1139.0,13,2418.0,3557.0
707,ID00044,1855.0,13,2417.0,4272.0
708,ID00045,2015.0,13,2417.0,4432.0
709,ID00046,2007.0,13,2418.0,4425.0
710,ID00047,1767.0,13,2416.0,4183.0
711,ID00048,911.0,13,2414.0,3325.0
712,ID00049,16.0,13,4435.0,4451.0
713,finish,0.0,13,4452.0,4452.0
714,entry,0.0,14,0,0.0
715,ID00000,57.0,14,286.0,343.0
716,ID00001,56.0,14,286.0,342.0
717,ID00002,54.0,14,286.0,340.0
718,ID00003,54.0,14,286.0,340.0
719,ID00004,56.0,14,285.0,341.0
720,ID00005,55.0,14,286.0,341.0
721,ID00006,55.0,14,286.0,341.0
722,ID00007,55.0,14,286.0,341.0
723,ID00008,55.0,14,286.0,341.0
724,ID00009,55.0,14,286.0,341.0
725,ID00010,54.0,14,286.0,340.0
726,ID00011,54.0,14,286.0,340.0
727,ID00012,1768.0,14,350.0,2118.0
728,ID00013,1486.0,14,350.0,1836.0
729,ID00014,1667.0,14,348.0,2015.0
730,ID00015,1360.0,14,347.0,1707.0
731,ID00016,1286.0,14,348.0,1634.0
732,ID00017,1598.0,14,348.0,1946.0
733,ID00018,880.0,14,348.0,1228.0
734,ID00019,1746.0,14,348.0,2094.0
735,ID00020,988.0,14,348.0,1336.0
736,ID00021,1553.0,14,348.0,1901.0
737,ID00022,2027.0,14,348.0,2375.0
738,ID00023,1807.0,14,347.0,2154.0
739,ID00024,17.0,14,2378.0,2395.0
740,ID00025,15.0,14,2398.0,2413.0
741,ID00026,15.0,14,2398.0,2413.0
742,ID00027,16.0,14,2398.0,2414.0
743,ID00028,14.0,14,2398.0,2412.0
744,ID00029,18.0,14,2398.0,2416.0
745,ID00030,17.0,14,2398.0,2415.0
746,ID00031,17.0,14,2398.0,2415.0
747,ID00032,16.0,14,2398.0,2414.0
748,ID00033,16.0,14,2398.0,2414.0
749,ID00034,17.0,14,2398.0,2415.0
750,ID00035,15.0,14,2398.0,2413.0
751,ID00036,13.0,14,2398.0,2411.0
752,ID00037,1607.0,14,2416.0,4023.0
753,ID00038,1213.0,14,2416.0,3629.0
754,ID00039,1186.0,14,2417.0,3603.0
755,ID00040,1749.0,14,2415.0,4164.0
756,ID00041,1473.0,14,2419.0,3892.0
757,ID00042,1670.0,14,2418.0,4088.0
758,ID00043,1139.0,14,2418.0,3557.0
759,ID00044,1855.0,14,2417.0,4272.0
760,ID00045,2015.0,14,2417.0,4432.0
761,ID00046,2007.0,14,2418.0,4425.0
762,ID00047,1767.0,14,2416.0,4183.0
763,ID00048,911.0,14,2414.0,3325.0
764,ID00049,16.0,14,4435.0,4451.0
765,finish,0.0,14,4452.0,4452.0
766,entry,0.0,15,0,0.0
767,ID00000,165.0,15,23.0,188.0
768,ID00001,165.0,15,23.0,188.0
769,ID00002,166.0,15,23.0,189.0
770,ID00003,166.0,15,23.0,189.0
771,ID00004,163.0,15,23.0,186.0
772,ID00005,166.0,15,23.0,189.0
773,ID00006,164.0,15,23.0,187.0
774,ID00007,166.0,15,23.0,189.0
775,ID00008,129.0,15,230.0,359.0
776,ID00009,128.0,15,231.0,359.0
777,ID00010,126.0,15,230.0,356.0
778,ID00011,128.0,15,231.0,359.0
779,ID00012,129.0,15,230.0,359.0
780,ID00013,126.0,15,231.0,357.0
781,ID00014,128.0,15,231.0,359.0
782,ID00015,128.0,15,231.0,359.0
783,ID00016,127.0,15,231.0,358.0
784,ID00017,125.0,15,231.0,356.0
785,ID00018,129.0,15,231.0,360.0
786,ID00019,127.0,15,231.0,358.0
787,ID00020,126.0,15,231.0,357.0
788,ID00021,129.0,15,231.0,360.0
789,ID00022,127.0,15,231.0,358.0
790,ID00023,129.0,15,231.0,360.0
791,ID00024,126.0,15,228.0,354.0
792,ID00025,127.0,15,231.0,358.0
793,ID00026,130.0,15,231.0,361.0
794,ID00027,126.0,15,231.0,357.0
795,ID00028,128.0,15,231.0,359.0
796,ID00029,128.0,15,230.0,358.0
797,ID00030,128.0,15,231.0,359.0
798,ID00031,128.0,15,231.0,359.0
799,ID00032,127.0,15,231.0,358.0
800,ID00033,127.0,15,231.0,358.0
801,ID00034,127.0,15,231.0,358.0
802,ID00035,127.0,15,231.0,358.0
803,ID00036,27.0,15,367.0,394.0
804,ID00037,64.0,15,397.0,461.0
805,ID00038,131.0,15,464.0,595.0
806,ID00039,129.0,15,464.0,593.0
807,ID00040,131.0,15,464.0,595.0
808,ID00041,128.0,15,464.0,592.0
809,ID00042,126.0,15,464.0,590.0
810,ID00043,128.0,15,464.0,592.0
811,ID00044,129.0,15,464.0,593.0
812,ID00045,129.0,15,464.0,593.0
813,ID00046,30.0,15,637.0,667.0
814,ID00047,59.0,15,670.0,729.0
815,ID00048,59.0,15,1381.0,1440.0
816,ID00049,6.0,15,1454.0,1460.0
817,finish,0.0,15,1462.0,1462.0
818,entry,0.0,16,0,0.0
819,ID00000,165.0,16,23.0,188.0
820,ID00001,165.0,16,23.0,188.0
821,ID00002,166.0,16,23.0,189.0
822,ID00003,166.0,16,23.0,189.0
823,ID00004,163.0,16,23.0,186.0
824,ID00005,166.0,16,23.0,189.0
825,ID00006,164.0,16,23.0,187.0
826,ID00007,166.0,16,23.0,189.0
827,ID00008,129.0,16,230.0,359.0
828,ID00009,128.0,16,231.0,359.0
829,ID00010,126.0,16,230.0,356.0
830,ID00011,128.0,16,231.0,359.0
831,ID00012,129.0,16,230.0,359.0
832,ID00013,126.0,16,231.0,357.0
833,ID00014,128.0,16,231.0,359.0
834,ID00015,128.0,16,231.0,359.0
835,ID00016,127.0,16,231.0,358.0
836,ID00017,125.0,16,231.0,356.0
837,ID00018,129.0,16,231.0,360.0
838,ID00019,127.0,16,231.0,358.0
839,ID00020,126.0,16,231.0,357.0
840,ID00021,129.0,16,231.0,360.0
841,ID00022,127.0,16,231.0,358.0
842,ID00023,129.0,16,231.0,360.0
843,ID00024,126.0,16,228.0,354.0
844,ID00025,127.0,16,231.0,358.0
845,ID00026,130.0,16,231.0,361.0
846,ID00027,126.0,16,231.0,357.0
847,ID00028,128.0,16,231.0,359.0
848,ID00029,128.0,16,230.0,358.0
849,ID00030,128.0,16,231.0,359.0
850,ID00031,128.0,16,231.0,359.0
851,ID00032,127.0,16,231.0,358.0
852,ID00033,127.0,16,231.0,358.0
853,ID00034,127.0,16,231.0,358.0
854,ID00035,127.0,16,231.0,358.0
855,ID00036,27.0,16,367.0,394.0
856,ID00037,64.0,16,397.0,461.0
857,ID00038,131.0,16,464.0,595.0
858,ID00039,129.0,16,464.0,593.0
859,ID00040,131.0,16,464.0,595.0
860,ID00041,128.0,16,464.0,592.0
861,ID00042,126.0,16,464.0,590.0
862,ID00043,128.0,16,464.0,592.0
863,ID00044,129.0,16,464.0,593.0
864,ID00045,129.0,16,464.0,593.0
865,ID00046,30.0,16,637.0,667.0
866,ID00047,59.0,16,670.0,729.0
867,ID00048,59.0,16,1381.0,1440.0
868,ID00049,6.0,16,1454.0,1460.0
869,finish,0.0,16,1462.0,1462.0
870,entry,0.0,17,0,0.0
871,ID00000,3.0,17,74.0,77.0
872,ID00001,3.0,17,27.0,30.0
873,ID00002,3.0,17,153.0,156.0
874,ID00003,3.0,17,153.0,156.0
875,ID00004,3.0,17,153.0,156.0
876,ID00005,3.0,17,153.0,156.0
877,ID00006,3.0,17,153.0,156.0
878,ID00007,3.0,17,60.0,63.0
879,ID00008,3.0,17,60.0,63.0
880,ID00009,3.0,17,60.0,63.0
881,ID00010,3.0,17,60.0,63.0
882,ID00011,3.0,17,60.0,63.0
883,ID00012,3.0,17,172.0,175.0
884,ID00013,3.0,17,170.0,173.0
885,ID00014,3.0,17,172.0,175.0
886,ID00015,3.0,17,172.0,175.0
887,ID00016,3.0,17,172.0,175.0
888,ID00017,3.0,17,69.0,72.0
889,ID00018,3.0,17,69.0,72.0
890,ID00019,3.0,17,69.0,72.0
891,ID00020,3.0,17,69.0,72.0
892,ID00021,3.0,17,69.0,72.0
893,ID00022,3.0,17,181.0,184.0
894,ID00023,3.0,17,178.0,181.0
895,ID00024,3.0,17,180.0,183.0
896,ID00025,3.0,17,185.0,188.0
897,ID00026,3.0,17,181.0,184.0
898,ID00027,3.0,17,74.0,77.0
899,ID00028,3.0,17,74.0,77.0
900,ID00029,3.0,17,74.0,77.0
901,ID00030,3.0,17,74.0,77.0
902,ID00031,3.0,17,75.0,78.0
903,ID00032,172.0,17,186.0,358.0
904,ID00033,230.0,17,183.0,413.0
905,ID00034,125.0,17,185.0,310.0
906,ID00035,175.0,17,191.0,366.0
907,ID00036,163.0,17,186.0,349.0
908,ID00037,178.0,17,78.0,256.0
909,ID00038,217.0,17,78.0,295.0
910,ID00039,175.0,17,78.0,253.0
911,ID00040,181.0,17,78.0,259.0
912,ID00041,158.0,17,79.0,237.0
913,ID00042,3.0,17,415.0,418.0
914,ID00043,3.0,17,296.0,299.0
915,ID00044,3.0,17,426.0,429.0
916,ID00045,3.0,17,440.0,443.0
917,ID00046,62.0,17,444.0,506.0
918,finish,0.0,17,507.0,507.0
919,entry,0.0,18,0,0.0
920,ID00000,165.0,18,23.0,188.0
921,ID00001,165.0,18,23.0,188.0
922,ID00002,166.0,18,23.0,189.0
923,ID00003,166.0,18,23.0,189.0
924,ID00004,163.0,18,23.0,186.0
925,ID00005,166.0,18,23.0,189.0
926,ID00006,164.0,18,23.0,187.0
927,ID00007,166.0,18,23.0,189.0
928,ID00008,129.0,18,230.0,359.0
929,ID00009,128.0,18,231.0,359.0
930,ID00010,126.0,18,230.0,356.0
931,ID00011,128.0,18,231.0,359.0
932,ID00012,129.0,18,230.0,359.0
933,ID00013,126.0,18,231.0,357.0
934,ID00014,128.0,18,231.0,359.0
935,ID00015,128.0,18,231.0,359.0
936,ID00016,127.0,18,231.0,358.0
937,ID00017,125.0,18,231.0,356.0
938,ID00018,129.0,18,231.0,360.0
939,ID00019,127.0,18,231.0,358.0
940,ID00020,126.0,18,231.0,357.0
941,ID00021,129.0,18,231.0,360.0
942,ID00022,127.0,18,231.0,358.0
943,ID00023,129.0,18,231.0,360.0
944,ID00024,126.0,18,228.0,354.0
945,ID00025,127.0,18,231.0,358.0
946,ID00026,130.0,18,231.0,361.0
947,ID00027,126.0,18,231.0,357.0
948,ID00028,128.0,18,231.0,359.0
949,ID00029,128.0,18,230.0,358.0
950,ID00030,128.0,18,231.0,359.0
951,ID00031,128.0,18,231.0,359.0
952,ID00032,127.0,18,231.0,358.0
953,ID00033,127.0,18,231.0,358.0
954,ID00034,127.0,18,231.0,358.0
955,ID00035,127.0,18,231.0,358.0
956,ID00036,27.0,18,367.0,394.0
957,ID00037,64.0,18,397.0,461.0
958,ID00038,131.0,18,464.0,595.0
959,ID00039,129.0,18,464.0,593.0
960,ID00040,131.0,18,464.0,595.0
961,ID00041,128.0,18,464.0,592.0
962,ID00042,126.0,18,464.0,590.0
963,ID00043,128.0,18,464.0,592.0
964,ID00044,129.0,18,464.0,593.0
965,ID00045,129.0,18,464.0,593.0
966,ID00046,30.0,18,637.0,667.0
967,ID00047,59.0,18,670.0,729.0
968,ID00048,59.0,18,1381.0,1440.0
969,ID00049,6.0,18,1454.0,1460.0
970,finish,0.0,18,1462.0,1462.0
971,entry,0.0,19,0,0.0
972,ID00000,3.0,19,74.0,77.0
973,ID00001,3.0,19,27.0,30.0
974,ID00002,3.0,19,153.0,156.0
975,ID00003,3.0,19,153.0,156.0
976,ID00004,3.0,19,153.0,156.0
977,ID00005,3.0,19,153.0,156.0
978,ID00006,3.0,19,153.0,156.0
979,ID00007,3.0,19,60.0,63.0
980,ID00008,3.0,19,60.0,63.0
981,ID00009,3.0,19,60.0,63.0
982,ID00010,3.0,19,60.0,63.0
983,ID00011,3.0,19,60.0,63.0
984,ID00012,3.0,19,172.0,175.0
985,ID00013,3.0,19,170.0,173.0
986,ID00014,3.0,19,172.0,175.0
987,ID00015,3.0,19,172.0,175.0
988,ID00016,3.0,19,172.0,175.0
989,ID00017,3.0,19,69.0,72.0
990,ID00018,3.0,19,69.0,72.0
991,ID00019,3.0,19,69.0,72.0
992,ID00020,3.0,19,69.0,72.0
993,ID00021,3.0,19,69.0,72.0
994,ID00022,3.0,19,181.0,184.0
995,ID00023,3.0,19,178.0,181.0
996,ID00024,3.0,19,180.0,183.0
997,ID00025,3.0,19,185.0,188.0
998,ID00026,3.0,19,181.0,184.0
999,ID00027,3.0,19,74.0,77.0
1000,ID00028,3.0,19,74.0,77.0
1001,ID00029,3.0,19,74.0,77.0
1002,ID00030,3.0,19,74.0,77.0
1003,ID00031,3.0,19,75.0,78.0
1004,ID00032,172.0,19,186.0,358.0
1005,ID00033,230.0,19,183.0,413.0
1006,ID00034,125.0,19,185.0,310.0
1007,ID00035,175.0,19,191.0,366.0
1008,ID00036,163.0,19,186.0,349.0
1009,ID00037,178.0,19,78.0,256.0
1010,ID00038,217.0,19,78.0,295.0
1011,ID00039,175.0,19,78.0,253.0
1012,ID00040,181.0,19,78.0,259.0
1013,ID00041,158.0,19,79.0,237.0
1014,ID00042,3.0,19,415.0,418.0
1015,ID00043,3.0,19,296.0,299.0
1016,ID00044,3.0,19,426.0,429.0
1017,ID00045,3.0,19,440.0,443.0
1018,ID00046,62.0,19,444.0,506.0
1019,finish,0.0,19,507.0,507.0
1020,entry,0.0,20,0,0.0
1021,ID00000,3.0,20,8.0,11.0
1022,ID00001,3.0,20,4.0,7.0
1023,ID00002,3.0,20,4.0,7.0
1024,ID00003,3.0,20,4.0,7.0
1025,ID00004,3.0,20,4.0,7.0
1026,ID00005,3.0,20,4.0,7.0
1027,ID00006,3.0,20,4.0,7.0
1028,ID00007,3.0,20,4.0,7.0
1029,ID00008,3.0,20,4.0,7.0
1030,ID00009,3.0,20,4.0,7.0
1031,ID00010,3.0,20,4.0,7.0
1032,ID00011,3.0,20,4.0,7.0
1033,ID00012,3.0,20,4.0,7.0
1034,ID00013,497.0,20,2.0,499.0
1035,ID00014,10.0,20,2.0,12.0
1036,ID00015,20.0,20,3.0,23.0
1037,ID00016,468.0,20,904.0,1372.0
1038,ID00017,134.0,20,1375.0,1509.0
1039,ID00018,3.0,20,1523.0,1526.0
1040,ID00019,3.0,20,1523.0,1526.0
1041,ID00020,329.0,20,1523.0,1852.0
1042,ID00021,9.0,20,1527.0,1536.0
1043,ID00022,3.0,20,1523.0,1526.0
1044,ID00023,3.0,20,1860.0,1863.0
1045,ID00025,3.0,20,8.0,11.0
1046,ID00026,3.0,20,4.0,7.0
1047,ID00027,3.0,20,4.0,7.0
1048,ID00028,3.0,20,4.0,7.0
1049,ID00029,3.0,20,4.0,7.0
1050,ID00030,3.0,20,4.0,7.0
1051,ID00031,3.0,20,4.0,7.0
1052,ID00032,3.0,20,4.0,7.0
1053,ID00033,3.0,20,4.0,7.0
1054,ID00034,3.0,20,4.0,7.0
1055,ID00035,3.0,20,4.0,7.0
1056,ID00036,3.0,20,4.0,7.0
1057,ID00037,3.0,20,4.0,7.0
1058,ID00038,277.0,20,2.0,279.0
1059,ID00039,10.0,20,2.0,12.0
1060,ID00040,9.0,20,3.0,12.0
1061,ID00041,626.0,20,908.0,1534.0
1062,ID00042,46.0,20,1537.0,1583.0
1063,ID00043,3.0,20,1597.0,1600.0
1064,ID00044,3.0,20,1597.0,1600.0
1065,ID00045,319.0,20,1597.0,1916.0
1066,ID00046,9.0,20,1601.0,1610.0
1067,ID00047,3.0,20,1597.0,1600.0
1068,ID00048,3.0,20,1924.0,1927.0
1069,finish,0.0,20,1935.0,1935.0
1070,entry,0.0,21,0,0.0
1071,ID00000,3.0,21,8.0,11.0
1072,ID00001,3.0,21,4.0,7.0
1073,ID00002,3.0,21,4.0,7.0
1074,ID00003,3.0,21,4.0,7.0
1075,ID00004,3.0,21,4.0,7.0
1076,ID00005,3.0,21,4.0,7.0
1077,ID00006,3.0,21,4.0,7.0
1078,ID00007,3.0,21,4.0,7.0
1079,ID00008,3.0,21,4.0,7.0
1080,ID00009,3.0,21,4.0,7.0
1081,ID00010,3.0,21,4.0,7.0
1082,ID00011,3.0,21,4.0,7.0
1083,ID00012,3.0,21,4.0,7.0
1084,ID00013,497.0,21,2.0,499.0
1085,ID00014,10.0,21,2.0,12.0
1086,ID00015,20.0,21,3.0,23.0
1087,ID00016,468.0,21,904.0,1372.0
1088,ID00017,134.0,21,1375.0,1509.0
1089,ID00018,3.0,21,1523.0,1526.0
1090,ID00019,3.0,21,1523.0,1526.0
1091,ID00020,329.0,21,1523.0,1852.0
1092,ID00021,9.0,21,1527.0,1536.0
1093,ID00022,3.0,21,1523.0,1526.0
1094,ID00023,3.0,21,1860.0,1863.0
1095,ID00025,3.0,21,8.0,11.0
1096,ID00026,3.0,21,4.0,7.0
1097,ID00027,3.0,21,4.0,7.0
1098,ID00028,3.0,21,4.0,7.0
1099,ID00029,3.0,21,4.0,7.0
1100,ID00030,3.0,21,4.0,7.0
1101,ID00031,3.0,21,4.0,7.0
1102,ID00032,3.0,21,4.0,7.0
1103,ID00033,3.0,21,4.0,7.0
1104,ID00034,3.0,21,4.0,7.0
1105,ID00035,3.0,21,4.0,7.0
1106,ID00036,3.0,21,4.0,7.0
1107,ID00037,3.0,21,4.0,7.0
1108,ID00038,277.0,21,2.0,279.0
1109,ID00039,10.0,21,2.0,12.0
1110,ID00040,9.0,21,3.0,12.0
1111,ID00041,626.0,21,908.0,1534.0
1112,ID00042,46.0,21,1537.0,1583.0
1113,ID00043,3.0,21,1597.0,1600.0
1114,ID00044,3.0,21,1597.0,1600.0
1115,ID00045,319.0,21,1597.0,1916.0
1116,ID00046,9.0,21,1601.0,1610.0
1117,ID00047,3.0,21,1597.0,1600.0
1118,ID00048,3.0,21,1924.0,1927.0
1119,finish,0.0,21,1935.0,1935.0
1120,entry,0.0,22,0,0.0
1121,ID00000,165.0,22,23.0,188.0
1122,ID00001,165.0,22,23.0,188.0
1123,ID00002,166.0,22,23.0,189.0
1124,ID00003,166.0,22,23.0,189.0
1125,ID00004,163.0,22,23.0,186.0
1126,ID00005,166.0,22,23.0,189.0
1127,ID00006,164.0,22,23.0,187.0
1128,ID00007,166.0,22,23.0,189.0
1129,ID00008,129.0,22,230.0,359.0
1130,ID00009,128.0,22,231.0,359.0
1131,ID00010,126.0,22,230.0,356.0
1132,ID00011,128.0,22,231.0,359.0
1133,ID00012,129.0,22,230.0,359.0
1134,ID00013,126.0,22,231.0,357.0
1135,ID00014,128.0,22,231.0,359.0
1136,ID00015,128.0,22,231.0,359.0
1137,ID00016,127.0,22,231.0,358.0
1138,ID00017,125.0,22,231.0,356.0
1139,ID00018,129.0,22,231.0,360.0
1140,ID00019,127.0,22,231.0,358.0
1141,ID00020,126.0,22,231.0,357.0
1142,ID00021,129.0,22,231.0,360.0
1143,ID00022,127.0,22,231.0,358.0
1144,ID00023,129.0,22,231.0,360.0
1145,ID00024,126.0,22,228.0,354.0
1146,ID00025,127.0,22,231.0,358.0
1147,ID00026,130.0,22,231.0,361.0
1148,ID00027,126.0,22,231.0,357.0
1149,ID00028,128.0,22,231.0,359.0
1150,ID00029,128.0,22,230.0,358.0
1151,ID00030,128.0,22,231.0,359.0
1152,ID00031,128.0,22,231.0,359.0
1153,ID00032,127.0,22,231.0,358.0
1154,ID00033,127.0,22,231.0,358.0
1155,ID00034,127.0,22,231.0,358.0
1156,ID00035,127.0,22,231.0,358.0
1157,ID00036,27.0,22,367.0,394.0
1158,ID00037,64.0,22,397.0,461.0
1159,ID00038,131.0,22,464.0,595.0
1160,ID00039,129.0,22,464.0,593.0
1161,ID00040,131.0,22,464.0,595.0
1162,ID00041,128.0,22,464.0,592.0
1163,ID00042,126.0,22,464.0,590.0
1164,ID00043,128.0,22,464.0,592.0
1165,ID00044,129.0,22,464.0,593.0
1166,ID00045,129.0,22,464.0,593.0
1167,ID00046,30.0,22,637.0,667.0
1168,ID00047,59.0,22,670.0,729.0
1169,ID00048,59.0,22,1381.0,1440.0
1170,ID00049,6.0,22,1454.0,1460.0
1171,finish,0.0,22,1462.0,1462.0
1172,entry,0.0,23,0,0.0
1173,ID00000,6.0,23,5987.0,5993.0
1174,ID00001,5.0,23,5958.0,5963.0
1175,ID00002,3417.0,23,1567.0,4984.0
1176,ID00003,542.0,23,5008.0,5550.0
1177,ID00004,27.0,23,5553.0,5580.0
1178,ID00005,627.0,23,5008.0,5635.0
1179,ID00006,22.0,23,5638.0,5660.0
1180,ID00007,382.0,23,5008.0,5390.0
1181,ID00008,20.0,23,5393.0,5413.0
1182,ID00009,449.0,23,5008.0,5457.0
1183,ID00010,27.0,23,5460.0,5487.0
1184,ID00011,453.0,23,5008.0,5461.0
1185,ID00012,27.0,23,5464.0,5491.0
1186,ID00013,757.0,23,5008.0,5765.0
1187,ID00014,28.0,23,5768.0,5796.0
1188,ID00015,598.0,23,5008.0,5606.0
1189,ID00016,12.0,23,5609.0,5621.0
1190,ID00017,445.0,23,5008.0,5453.0
1191,ID00018,10.0,23,5456.0,5466.0
1192,ID00019,947.0,23,5008.0,5955.0
1193,ID00020,26.0,23,5958.0,5984.0
1194,ID00021,688.0,23,5008.0,5696.0
1195,ID00022,25.0,23,5699.0,5724.0
1196,ID00023,2589.0,23,1575.0,4164.0
1197,ID00024,1086.0,23,4180.0,5266.0
1198,ID00025,15.0,23,5269.0,5284.0
1199,ID00026,669.0,23,4180.0,4849.0
1200,ID00027,21.0,23,4852.0,4873.0
1201,ID00028,784.0,23,4180.0,4964.0
1202,ID00029,21.0,23,4967.0,4988.0
1203,ID00030,937.0,23,4180.0,5117.0
1204,ID00031,11.0,23,5120.0,5131.0
1205,ID00032,541.0,23,4180.0,4721.0
1206,ID00033,22.0,23,4724.0,4746.0
1207,ID00034,518.0,23,4180.0,4698.0
1208,ID00035,20.0,23,4701.0,4721.0
1209,ID00036,1103.0,23,4180.0,5283.0
1210,ID00037,19.0,23,5286.0,5305.0
1211,ID00038,969.0,23,4180.0,5149.0
1212,ID00039,19.0,23,5152.0,5171.0
1213,ID00040,490.0,23,4180.0,4670.0
1214,ID00041,27.0,23,4673.0,4700.0
1215,ID00042,984.0,23,4180.0,5164.0
1216,ID00043,19.0,23,5167.0,5186.0
1217,ID00044,446.0,23,4180.0,4626.0
1218,ID00045,23.0,23,4629.0,4652.0
1219,ID00046,441.0,23,4180.0,4621.0
1220,ID00047,10.0,23,4624.0,4634.0
1221,ID00048,602.0,23,4180.0,4782.0
1222,ID00049,12.0,23,4785.0,4797.0
1223,finish,0.0,23,5994.0,5994.0
1224,entry,0.0,24,0,0.0
1225,ID00000,57.0,24,286.0,343.0
1226,ID00001,56.0,24,286.0,342.0
1227,ID00002,54.0,24,286.0,340.0
1228,ID00003,54.0,24,286.0,340.0
1229,ID00004,56.0,24,285.0,341.0
1230,ID00005,55.0,24,286.0,341.0
1231,ID00006,55.0,24,286.0,341.0
1232,ID00007,55.0,24,286.0,341.0
1233,ID00008,55.0,24,286.0,341.0
1234,ID00009,55.0,24,286.0,341.0
1235,ID00010,54.0,24,286.0,340.0
1236,ID00011,54.0,24,286.0,340.0
1237,ID00012,1768.0,24,350.0,2118.0
1238,ID00013,1486.0,24,350.0,1836.0
1239,ID00014,1667.0,24,348.0,2015.0
1240,ID00015,1360.0,24,347.0,1707.0
1241,ID00016,1286.0,24,348.0,1634.0
1242,ID00017,1598.0,24,348.0,1946.0
1243,ID00018,880.0,24,348.0,1228.0
1244,ID00019,1746.0,24,348.0,2094.0
1245,ID00020,988.0,24,348.0,1336.0
1246,ID00021,1553.0,24,348.0,1901.0
1247,ID00022,2027.0,24,348.0,2375.0
1248,ID00023,1807.0,24,347.0,2154.0
1249,ID00024,17.0,24,2378.0,2395.0
1250,ID00025,15.0,24,2398.0,2413.0
1251,ID00026,15.0,24,2398.0,2413.0
1252,ID00027,16.0,24,2398.0,2414.0
1253,ID00028,14.0,24,2398.0,2412.0
1254,ID00029,18.0,24,2398.0,2416.0
1255,ID00030,17.0,24,2398.0,2415.0
1256,ID00031,17.0,24,2398.0,2415.0
1257,ID00032,16.0,24,2398.0,2414.0
1258,ID00033,16.0,24,2398.0,2414.0
1259,ID00034,17.0,24,2398.0,2415.0
1260,ID00035,15.0,24,2398.0,2413.0
1261,ID00036,13.0,24,2398.0,2411.0
1262,ID00037,1607.0,24,2416.0,4023.0
1263,ID00038,1213.0,24,2416.0,3629.0
1264,ID00039,1186.0,24,2417.0,3603.0
1265,ID00040,1749.0,24,2415.0,4164.0
1266,ID00041,1473.0,24,2419.0,3892.0
1267,ID00042,1670.0,24,2418.0,4088.0
1268,ID00043,1139.0,24,2418.0,3557.0
1269,ID00044,1855.0,24,2417.0,4272.0
1270,ID00045,2015.0,24,2417.0,4432.0
1271,ID00046,2007.0,24,2418.0,4425.0
1272,ID00047,1767.0,24,2416.0,4183.0
1273,ID00048,911.0,24,2414.0,3325.0
1274,ID00049,16.0,24,4435.0,4451.0
1275,finish,0.0,24,4452.0,4452.0
1276,entry,0.0,25,0,0.0
1277,ID00000,6.0,25,5987.0,5993.0
1278,ID00001,5.0,25,5958.0,5963.0
1279,ID00002,3417.0,25,1567.0,4984.0
1280,ID00003,542.0,25,5008.0,5550.0
1281,ID00004,27.0,25,5553.0,5580.0
1282,ID00005,627.0,25,5008.0,5635.0
1283,ID00006,22.0,25,5638.0,5660.0
1284,ID00007,382.0,25,5008.0,5390.0
1285,ID00008,20.0,25,5393.0,5413.0
1286,ID00009,449.0,25,5008.0,5457.0
1287,ID00010,27.0,25,5460.0,5487.0
1288,ID00011,453.0,25,5008.0,5461.0
1289,ID00012,27.0,25,5464.0,5491.0
1290,ID00013,757.0,25,5008.0,5765.0
1291,ID00014,28.0,25,5768.0,5796.0
1292,ID00015,598.0,25,5008.0,5606.0
1293,ID00016,12.0,25,5609.0,5621.0
1294,ID00017,445.0,25,5008.0,5453.0
1295,ID00018,10.0,25,5456.0,5466.0
1296,ID00019,947.0,25,5008.0,5955.0
1297,ID00020,26.0,25,5958.0,5984.0
1298,ID00021,688.0,25,5008.0,5696.0
1299,ID00022,25.0,25,5699.0,5724.0
1300,ID00023,2589.0,25,1575.0,4164.0
1301,ID00024,1086.0,25,4180.0,5266.0
1302,ID00025,15.0,25,5269.0,5284.0
1303,ID00026,669.0,25,4180.0,4849.0
1304,ID00027,21.0,25,4852.0,4873.0
1305,ID00028,784.0,25,4180.0,4964.0
1306,ID00029,21.0,25,4967.0,4988.0
1307,ID00030,937.0,25,4180.0,5117.0
1308,ID00031,11.0,25,5120.0,5131.0
1309,ID00032,541.0,25,4180.0,4721.0
1310,ID00033,22.0,25,4724.0,4746.0
1311,ID00034,518.0,25,4180.0,4698.0
1312,ID00035,20.0,25,4701.0,4721.0
1313,ID00036,1103.0,25,4180.0,5283.0
1314,ID00037,19.0,25,5286.0,5305.0
1315,ID00038,969.0,25,4180.0,5149.0
1316,ID00039,19.0,25,5152.0,5171.0
1317,ID00040,490.0,25,4180.0,4670.0
1318,ID00041,27.0,25,4673.0,4700.0
1319,ID00042,984.0,25,4180.0,5164.0
1320,ID00043,19.0,25,5167.0,5186.0
1321,ID00044,446.0,25,4180.0,4626.0
1322,ID00045,23.0,25,4629.0,4652.0
1323,ID00046,441.0,25,4180.0,4621.0
1324,ID00047,10.0,25,4624.0,4634.0
1325,ID00048,602.0,25,4180.0,4782.0
1326,ID00049,12.0,25,4785.0,4797.0
1327,finish,0.0,25,5994.0,5994.0
1328,entry,0.0,26,0,0.0
1329,ID00000,3.0,26,8.0,11.0
1330,ID00001,3.0,26,4.0,7.0
1331,ID00002,3.0,26,4.0,7.0
1332,ID00003,3.0,26,4.0,7.0
1333,ID00004,3.0,26,4.0,7.0
1334,ID00005,3.0,26,4.0,7.0
1335,ID00006,3.0,26,4.0,7.0
1336,ID00007,3.0,26,4.0,7.0
1337,ID00008,3.0,26,4.0,7.0
1338,ID00009,3.0,26,4.0,7.0
1339,ID00010,3.0,26,4.0,7.0
1340,ID00011,3.0,26,4.0,7.0
1341,ID00012,3.0,26,4.0,7.0
1342,ID00013,497.0,26,2.0,499.0
1343,ID00014,10.0,26,2.0,12.0
1344,ID00015,20.0,26,3.0,23.0
1345,ID00016,468.0,26,904.0,1372.0
1346,ID00017,134.0,26,1375.0,1509.0
1347,ID00018,3.0,26,1523.0,1526.0
1348,ID00019,3.0,26,1523.0,1526.0
1349,ID00020,329.0,26,1523.0,1852.0
1350,ID00021,9.0,26,1527.0,1536.0
1351,ID00022,3.0,26,1523.0,1526.0
1352,ID00023,3.0,26,1860.0,1863.0
1353,ID00025,3.0,26,8.0,11.0
1354,ID00026,3.0,26,4.0,7.0
1355,ID00027,3.0,26,4.0,7.0
1356,ID00028,3.0,26,4.0,7.0
1357,ID00029,3.0,26,4.0,7.0
1358,ID00030,3.0,26,4.0,7.0
1359,ID00031,3.0,26,4.0,7.0
1360,ID00032,3.0,26,4.0,7.0
1361,ID00033,3.0,26,4.0,7.0
1362,ID00034,3.0,26,4.0,7.0
1363,ID00035,3.0,26,4.0,7.0
1364,ID00036,3.0,26,4.0,7.0
1365,ID00037,3.0,26,4.0,7.0
1366,ID00038,277.0,26,2.0,279.0
1367,ID00039,10.0,26,2.0,12.0
1368,ID00040,9.0,26,3.0,12.0
1369,ID00041,626.0,26,908.0,1534.0
1370,ID00042,46.0,26,1537.0,1583.0
1371,ID00043,3.0,26,1597.0,1600.0
1372,ID00044,3.0,26,1597.0,1600.0
1373,ID00045,319.0,26,1597.0,1916.0
1374,ID00046,9.0,26,1601.0,1610.0
1375,ID00047,3.0,26,1597.0,1600.0
1376,ID00048,3.0,26,1924.0,1927.0
1377,finish,0.0,26,1935.0,1935.0
1378,entry,0.0,27,0,0.0
1379,ID00000,57.0,27,286.0,343.0
1380,ID00001,56.0,27,286.0,342.0
1381,ID00002,54.0,27,286.0,340.0
1382,ID00003,54.0,27,286.0,340.0
1383,ID00004,56.0,27,285.0,341.0
1384,ID00005,55.0,27,286.0,341.0
1385,ID00006,55.0,27,286.0,341.0
1386,ID00007,55.0,27,286.0,341.0
1387,ID00008,55.0,27,286.0,341.0
1388,ID00009,55.0,27,286.0,341.0
1389,ID00010,54.0,27,286.0,340.0
1390,ID00011,54.0,27,286.0,340.0
1391,ID00012,1768.0,27,350.0,2118.0
1392,ID00013,1486.0,27,350.0,1836.0
1393,ID00014,1667.0,27,348.0,2015.0
1394,ID00015,1360.0,27,347.0,1707.0
1395,ID00016,1286.0,27,348.0,1634.0
1396,ID00017,1598.0,27,348.0,1946.0
1397,ID00018,880.0,27,348.0,1228.0
1398,ID00019,1746.0,27,348.0,2094.0
1399,ID00020,988.0,27,348.0,1336.0
1400,ID00021,1553.0,27,348.0,1901.0
1401,ID00022,2027.0,27,348.0,2375.0
1402,ID00023,1807.0,27,347.0,2154.0
1403,ID00024,17.0,27,2378.0,2395.0
1404,ID00025,15.0,27,2398.0,2413.0
1405,ID00026,15.0,27,2398.0,2413.0
1406,ID00027,16.0,27,2398.0,2414.0
1407,ID00028,14.0,27,2398.0,2412.0
1408,ID00029,18.0,27,2398.0,2416.0
1409,ID00030,17.0,27,2398.0,2415.0
1410,ID00031,17.0,27,2398.0,2415.0
1411,ID00032,16.0,27,2398.0,2414.0
1412,ID00033,16.0,27,2398.0,2414.0
1413,ID00034,17.0,27,2398.0,2415.0
1414,ID00035,15.0,27,2398.0,2413.0
1415,ID00036,13.0,27,2398.0,2411.0
1416,ID00037,1607.0,27,2416.0,4023.0
1417,ID00038,1213.0,27,2416.0,3629.0
1418,ID00039,1186.0,27,2417.0,3603.0
1419,ID00040,1749.0,27,2415.0,4164.0
1420,ID00041,1473.0,27,2419.0,3892.0
1421,ID00042,1670.0,27,2418.0,4088.0
1422,ID00043,1139.0,27,2418.0,3557.0
1423,ID00044,1855.0,27,2417.0,4272.0
1424,ID00045,2015.0,27,2417.0,4432.0
1425,ID00046,2007.0,27,2418.0,4425.0
1426,ID00047,1767.0,27,2416.0,4183.0
1427,ID00048,911.0,27,2414.0,3325.0
1428,ID00049,16.0,27,4435.0,4451.0
1429,finish,0.0,27,4452.0,4452.0
1430,entry,0.0,28,0,0.0
1431,ID00000,6.0,28,5987.0,5993.0
1432,ID00001,5.0,28,5958.0,5963.0
1433,ID00002,3417.0,28,1567.0,4984.0
1434,ID00003,542.0,28,5008.0,5550.0
1435,ID00004,27.0,28,5553.0,5580.0
1436,ID00005,627.0,28,5008.0,5635.0
1437,ID00006,22.0,28,5638.0,5660.0
1438,ID00007,382.0,28,5008.0,5390.0
1439,ID00008,20.0,28,5393.0,5413.0
1440,ID00009,449.0,28,5008.0,5457.0
1441,ID00010,27.0,28,5460.0,5487.0
1442,ID00011,453.0,28,5008.0,5461.0
1443,ID00012,27.0,28,5464.0,5491.0
1444,ID00013,757.0,28,5008.0,5765.0
1445,ID00014,28.0,28,5768.0,5796.0
1446,ID00015,598.0,28,5008.0,5606.0
1447,ID00016,12.0,28,5609.0,5621.0
1448,ID00017,445.0,28,5008.0,5453.0
1449,ID00018,10.0,28,5456.0,5466.0
1450,ID00019,947.0,28,5008.0,5955.0
1451,ID00020,26.0,28,5958.0,5984.0
1452,ID00021,688.0,28,5008.0,5696.0
1453,ID00022,25.0,28,5699.0,5724.0
1454,ID00023,2589.0,28,1575.0,4164.0
1455,ID00024,1086.0,28,4180.0,5266.0
1456,ID00025,15.0,28,5269.0,5284.0
1457,ID00026,669.0,28,4180.0,4849.0
1458,ID00027,21.0,28,4852.0,4873.0
1459,ID00028,784.0,28,4180.0,4964.0
1460,ID00029,21.0,28,4967.0,4988.0
1461,ID00030,937.0,28,4180.0,5117.0
1462,ID00031,11.0,28,5120.0,5131.0
1463,ID00032,541.0,28,4180.0,4721.0
1464,ID00033,22.0,28,4724.0,4746.0
1465,ID00034,518.0,28,4180.0,4698.0
1466,ID00035,20.0,28,4701.0,4721.0
1467,ID00036,1103.0,28,4180.0,5283.0
1468,ID00037,19.0,28,5286.0,5305.0
1469,ID00038,969.0,28,4180.0,5149.0
1470,ID00039,19.0,28,5152.0,5171.0
1471,ID00040,490.0,28,4180.0,4670.0
1472,ID00041,27.0,28,4673.0,4700.0
1473,ID00042,984.0,28,4180.0,5164.0
1474,ID00043,19.0,28,5167.0,5186.0
1475,ID00044,446.0,28,4180.0,4626.0
1476,ID00045,23.0,28,4629.0,4652.0
1477,ID00046,441.0,28,4180.0,4621.0
1478,ID00047,10.0,28,4624.0,4634.0
1479,ID00048,602.0,28,4180.0,4782.0
1480,ID00049,12.0,28,4785.0,4797.0
1481,finish,0.0,28,5994.0,5994.0
1482,entry,0.0,29,0,0.0
1483,ID00000,57.0,29,286.0,343.0
1484,ID00001,56.0,29,286.0,342.0
1485,ID00002,54.0,29,286.0,340.0
1486,ID00003,54.0,29,286.0,340.0
1487,ID00004,56.0,29,285.0,341.0
1488,ID00005,55.0,29,286.0,341.0
1489,ID00006,55.0,29,286.0,341.0
1490,ID00007,55.0,29,286.0,341.0
1491,ID00008,55.0,29,286.0,341.0
1492,ID00009,55.0,29,286.0,341.0
1493,ID00010,54.0,29,286.0,340.0
1494,ID00011,54.0,29,286.0,340.0
1495,ID00012,1768.0,29,350.0,2118.0
1496,ID00013,1486.0,29,350.0,1836.0
1497,ID00014,1667.0,29,348.0,2015.0
1498,ID00015,1360.0,29,347.0,1707.0
1499,ID00016,1286.0,29,348.0,1634.0
1500,ID00017,1598.0,29,348.0,1946.0
1501,ID00018,880.0,29,348.0,1228.0
1502,ID00019,1746.0,29,348.0,2094.0
1503,ID00020,988.0,29,348.0,1336.0
1504,ID00021,1553.0,29,348.0,1901.0
1505,ID00022,2027.0,29,348.0,2375.0
1506,ID00023,1807.0,29,347.0,2154.0
1507,ID00024,17.0,29,2378.0,2395.0
1508,ID00025,15.0,29,2398.0,2413.0
1509,ID00026,15.0,29,2398.0,2413.0
1510,ID00027,16.0,29,2398.0,2414.0
1511,ID00028,14.0,29,2398.0,2412.0
1512,ID00029,18.0,29,2398.0,2416.0
1513,ID00030,17.0,29,2398.0,2415.0
1514,ID00031,17.0,29,2398.0,2415.0
1515,ID00032,16.0,29,2398.0,2414.0
1516,ID00033,16.0,29,2398.0,2414.0
1517,ID00034,17.0,29,2398.0,2415.0
1518,ID00035,15.0,29,2398.0,2413.0
1519,ID00036,13.0,29,2398.0,2411.0
1520,ID00037,1607.0,29,2416.0,4023.0
1521,ID00038,1213.0,29,2416.0,3629.0
1522,ID00039,1186.0,29,2417.0,3603.0
1523,ID00040,1749.0,29,2415.0,4164.0
1524,ID00041,1473.0,29,2419.0,3892.0
1525,ID00042,1670.0,29,2418.0,4088.0
1526,ID00043,1139.0,29,2418.0,3557.0
1527,ID00044,1855.0,29,2417.0,4272.0
1528,ID00045,2015.0,29,2417.0,4432.0
1529,ID00046,2007.0,29,2418.0,4425.0
1530,ID00047,1767.0,29,2416.0,4183.0
1531,ID00048,911.0,29,2414.0,3325.0
1532,ID00049,16.0,29,4435.0,4451.0
1533,finish,0.0,29,4452.0,4452.0
1534,entry,0.0,30,0,0.0
1535,ID00000,6.0,30,5987.0,5993.0
1536,ID00001,5.0,30,5958.0,5963.0
1537,ID00002,3417.0,30,1567.0,4984.0
1538,ID00003,542.0,30,5008.0,5550.0
1539,ID00004,27.0,30,5553.0,5580.0
1540,ID00005,627.0,30,5008.0,5635.0
1541,ID00006,22.0,30,5638.0,5660.0
1542,ID00007,382.0,30,5008.0,5390.0
1543,ID00008,20.0,30,5393.0,5413.0
1544,ID00009,449.0,30,5008.0,5457.0
1545,ID00010,27.0,30,5460.0,5487.0
1546,ID00011,453.0,30,5008.0,5461.0
1547,ID00012,27.0,30,5464.0,5491.0
1548,ID00013,757.0,30,5008.0,5765.0
1549,ID00014,28.0,30,5768.0,5796.0
1550,ID00015,598.0,30,5008.0,5606.0
1551,ID00016,12.0,30,5609.0,5621.0
1552,ID00017,445.0,30,5008.0,5453.0
1553,ID00018,10.0,30,5456.0,5466.0
1554,ID00019,947.0,30,5008.0,5955.0
1555,ID00020,26.0,30,5958.0,5984.0
1556,ID00021,688.0,30,5008.0,5696.0
1557,ID00022,25.0,30,5699.0,5724.0
1558,ID00023,2589.0,30,1575.0,4164.0
1559,ID00024,1086.0,30,4180.0,5266.0
1560,ID00025,15.0,30,5269.0,5284.0
1561,ID00026,669.0,30,4180.0,4849.0
1562,ID00027,21.0,30,4852.0,4873.0
1563,ID00028,784.0,30,4180.0,4964.0
1564,ID00029,21.0,30,4967.0,4988.0
1565,ID00030,937.0,30,4180.0,5117.0
1566,ID00031,11.0,30,5120.0,5131.0
1567,ID00032,541.0,30,4180.0,4721.0
1568,ID00033,22.0,30,4724.0,4746.0
1569,ID00034,518.0,30,4180.0,4698.0
1570,ID00035,20.0,30,4701.0,4721.0
1571,ID00036,1103.0,30,4180.0,5283.0
1572,ID00037,19.0,30,5286.0,5305.0
1573,ID00038,969.0,30,4180.0,5149.0
1574,ID00039,19.0,30,5152.0,5171.0
1575,ID00040,490.0,30,4180.0,4670.0
1576,ID00041,27.0,30,4673.0,4700.0
1577,ID00042,984.0,30,4180.0,5164.0
1578,ID00043,19.0,30,5167.0,5186.0
1579,ID00044,446.0,30,4180.0,4626.0
1580,ID00045,23.0,30,4629.0,4652.0
1581,ID00046,441.0,30,4180.0,4621.0
1582,ID00047,10.0,30,4624.0,4634.0
1583,ID00048,602.0,30,4180.0,4782.0
1584,ID00049,12.0,30,4785.0,4797.0
1585,finish,0.0,30,5994.0,5994.0
1586,entry,0.0,31,0,0.0
1587,ID00000,6.0,31,5987.0,5993.0
1588,ID00001,5.0,31,5958.0,5963.0
1589,ID00002,3417.0,31,1567.0,4984.0
1590,ID00003,542.0,31,5008.0,5550.0
1591,ID00004,27.0,31,5553.0,5580.0
1592,ID00005,627.0,31,5008.0,5635.0
1593,ID00006,22.0,31,5638.0,5660.0
1594,ID00007,382.0,31,5008.0,5390.0
1595,ID00008,20.0,31,5393.0,5413.0
1596,ID00009,449.0,31,5008.0,5457.0
1597,ID00010,27.0,31,5460.0,5487.0
1598,ID00011,453.0,31,5008.0,5461.0
1599,ID00012,27.0,31,5464.0,5491.0
1600,ID00013,757.0,31,5008.0,5765.0
1601,ID00014,28.0,31,5768.0,5796.0
1602,ID00015,598.0,31,5008.0,5606.0
1603,ID00016,12.0,31,5609.0,5621.0
1604,ID00017,445.0,31,5008.0,5453.0
1605,ID00018,10.0,31,5456.0,5466.0
1606,ID00019,947.0,31,5008.0,5955.0
1607,ID00020,26.0,31,5958.0,5984.0
1608,ID00021,688.0,31,5008.0,5696.0
1609,ID00022,25.0,31,5699.0,5724.0
1610,ID00023,2589.0,31,1575.0,4164.0
1611,ID00024,1086.0,31,4180.0,5266.0
1612,ID00025,15.0,31,5269.0,5284.0
1613,ID00026,669.0,31,4180.0,4849.0
1614,ID00027,21.0,31,4852.0,4873.0
1615,ID00028,784.0,31,4180.0,4964.0
1616,ID00029,21.0,31,4967.0,4988.0
1617,ID00030,937.0,31,4180.0,5117.0
1618,ID00031,11.0,31,5120.0,5131.0
1619,ID00032,541.0,31,4180.0,4721.0
1620,ID00033,22.0,31,4724.0,4746.0
1621,ID00034,518.0,31,4180.0,4698.0
1622,ID00035,20.0,31,4701.0,4721.0
1623,ID00036,1103.0,31,4180.0,5283.0
1624,ID00037,19.0,31,5286.0,5305.0
1625,ID00038,969.0,31,4180.0,5149.0
1626,ID00039,19.0,31,5152.0,5171.0
1627,ID00040,490.0,31,4180.0,4670.0
1628,ID00041,27.0,31,4673.0,4700.0
1629,ID00042,984.0,31,4180.0,5164.0
1630,ID00043,19.0,31,5167.0,5186.0
1631,ID00044,446.0,31,4180.0,4626.0
1632,ID00045,23.0,31,4629.0,4652.0
1633,ID00046,441.0,31,4180.0,4621.0
1634,ID00047,10.0,31,4624.0,4634.0
1635,ID00048,602.0,31,4180.0,4782.0
1636,ID00049,12.0,31,4785.0,4797.0
1637,finish,0.0,31,5994.0,5994.0
1638,entry,0.0,32,0,0.0
1639,ID00000,165.0,32,23.0,188.0
1640,ID00001,165.0,32,23.0,188.0
1641,ID00002,166.0,32,23.0,189.0
1642,ID00003,166.0,32,23.0,189.0
1643,ID00004,163.0,32,23.0,186.0
1644,ID00005,166.0,32,23.0,189.0
1645,ID00006,164.0,32,23.0,187.0
1646,ID00007,166.0,32,23.0,189.0
1647,ID00008,129.0,32,230.0,359.0
1648,ID00009,128.0,32,231.0,359.0
1649,ID00010,126.0,32,230.0,356.0
1650,ID00011,128.0,32,231.0,359.0
1651,ID00012,129.0,32,230.0,359.0
1652,ID00013,126.0,32,231.0,357.0
1653,ID00014,128.0,32,231.0,359.0
1654,ID00015,128.0,32,231.0,359.0
1655,ID00016,127.0,32,231.0,358.0
1656,ID00017,125.0,32,231.0,356.0
1657,ID00018,129.0,32,231.0,360.0
1658,ID00019,127.0,32,231.0,358.0
1659,ID00020,126.0,32,231.0,357.0
1660,ID00021,129.0,32,231.0,360.0
1661,ID00022,127.0,32,231.0,358.0
1662,ID00023,129.0,32,231.0,360.0
1663,ID00024,126.0,32,228.0,354.0
1664,ID00025,127.0,32,231.0,358.0
1665,ID00026,130.0,32,231.0,361.0
1666,ID00027,126.0,32,231.0,357.0
1667,ID00028,128.0,32,231.0,359.0
1668,ID00029,128.0,32,230.0,358.0
1669,ID00030,128.0,32,231.0,359.0
1670,ID00031,128.0,32,231.0,359.0
1671,ID00032,127.0,32,231.0,358.0
1672,ID00033,127.0,32,231.0,358.0
1673,ID00034,127.0,32,231.0,358.0
1674,ID00035,127.0,32,231.0,358.0
1675,ID00036,27.0,32,367.0,394.0
1676,ID00037,64.0,32,397.0,461.0
1677,ID00038,131.0,32,464.0,595.0
1678,ID00039,129.0,32,464.0,593.0
1679,ID00040,131.0,32,464.0,595.0
1680,ID00041,128.0,32,464.0,592.0
1681,ID00042,126.0,32,464.0,590.0
1682,ID00043,128.0,32,464.0,592.0
1683,ID00044,129.0,32,464.0,593.0
1684,ID00045,129.0,32,464.0,593.0
1685,ID00046,30.0,32,637.0,667.0
1686,ID00047,59.0,32,670.0,729.0
1687,ID00048,59.0,32,1381.0,1440.0
1688,ID00049,6.0,32,1454.0,1460.0
1689,finish,0.0,32,1462.0,1462.0
1690,entry,0.0,33,0,0.0
1691,ID00000,3.0,33,8.0,11.0
1692,ID00001,3.0,33,4.0,7.0
1693,ID00002,3.0,33,4.0,7.0
1694,ID00003,3.0,33,4.0,7.0
1695,ID00004,3.0,33,4.0,7.0
1696,ID00005,3.0,33,4.0,7.0
1697,ID00006,3.0,33,4.0,7.0
1698,ID00007,3.0,33,4.0,7.0
1699,ID00008,3.0,33,4.0,7.0
1700,ID00009,3.0,33,4.0,7.0
1701,ID00010,3.0,33,4.0,7.0
1702,ID00011,3.0,33,4.0,7.0
1703,ID00012,3.0,33,4.0,7.0
1704,ID00013,497.0,33,2.0,499.0
1705,ID00014,10.0,33,2.0,12.0
1706,ID00015,20.0,33,3.0,23.0
1707,ID00016,468.0,33,904.0,1372.0
1708,ID00017,134.0,33,1375.0,1509.0
1709,ID00018,3.0,33,1523.0,1526.0
1710,ID00019,3.0,33,1523.0,1526.0
1711,ID00020,329.0,33,1523.0,1852.0
1712,ID00021,9.0,33,1527.0,1536.0
1713,ID00022,3.0,33,1523.0,1526.0
1714,ID00023,3.0,33,1860.0,1863.0
1715,ID00025,3.0,33,8.0,11.0
1716,ID00026,3.0,33,4.0,7.0
1717,ID00027,3.0,33,4.0,7.0
1718,ID00028,3.0,33,4.0,7.0
1719,ID00029,3.0,33,4.0,7.0
1720,ID00030,3.0,33,4.0,7.0
1721,ID00031,3.0,33,4.0,7.0
1722,ID00032,3.0,33,4.0,7.0
1723,ID00033,3.0,33,4.0,7.0
1724,ID00034,3.0,33,4.0,7.0
1725,ID00035,3.0,33,4.0,7.0
1726,ID00036,3.0,33,4.0,7.0
1727,ID00037,3.0,33,4.0,7.0
1728,ID00038,277.0,33,2.0,279.0
1729,ID00039,10.0,33,2.0,12.0
1730,ID00040,9.0,33,3.0,12.0
1731,ID00041,626.0,33,908.0,1534.0
1732,ID00042,46.0,33,1537.0,1583.0
1733,ID00043,3.0,33,1597.0,1600.0
1734,ID00044,3.0,33,1597.0,1600.0
1735,ID00045,319.0,33,1597.0,1916.0
1736,ID00046,9.0,33,1601.0,1610.0
1737,ID00047,3.0,33,1597.0,1600.0
1738,ID00048,3.0,33,1924.0,1927.0
1739,finish,0.0,33,1935.0,1935.0
1740,entry,0.0,34,0,0.0
1741,ID00000,6.0,34,5987.0,5993.0
1742,ID00001,5.0,34,5958.0,5963.0
1743,ID00002,3417.0,34,1567.0,4984.0
1744,ID00003,542.0,34,5008.0,5550.0
1745,ID00004,27.0,34,5553.0,5580.0
1746,ID00005,627.0,34,5008.0,5635.0
1747,ID00006,22.0,34,5638.0,5660.0
1748,ID00007,382.0,34,5008.0,5390.0
1749,ID00008,20.0,34,5393.0,5413.0
1750,ID00009,449.0,34,5008.0,5457.0
1751,ID00010,27.0,34,5460.0,5487.0
1752,ID00011,453.0,34,5008.0,5461.0
1753,ID00012,27.0,34,5464.0,5491.0
1754,ID00013,757.0,34,5008.0,5765.0
1755,ID00014,28.0,34,5768.0,5796.0
1756,ID00015,598.0,34,5008.0,5606.0
1757,ID00016,12.0,34,5609.0,5621.0
1758,ID00017,445.0,34,5008.0,5453.0
1759,ID00018,10.0,34,5456.0,5466.0
1760,ID00019,947.0,34,5008.0,5955.0
1761,ID00020,26.0,34,5958.0,5984.0
1762,ID00021,688.0,34,5008.0,5696.0
1763,ID00022,25.0,34,5699.0,5724.0
1764,ID00023,2589.0,34,1575.0,4164.0
1765,ID00024,1086.0,34,4180.0,5266.0
1766,ID00025,15.0,34,5269.0,5284.0
1767,ID00026,669.0,34,4180.0,4849.0
1768,ID00027,21.0,34,4852.0,4873.0
1769,ID00028,784.0,34,4180.0,4964.0
1770,ID00029,21.0,34,4967.0,4988.0
1771,ID00030,937.0,34,4180.0,5117.0
1772,ID00031,11.0,34,5120.0,5131.0
1773,ID00032,541.0,34,4180.0,4721.0
1774,ID00033,22.0,34,4724.0,4746.0
1775,ID00034,518.0,34,4180.0,4698.0
1776,ID00035,20.0,34,4701.0,4721.0
1777,ID00036,1103.0,34,4180.0,5283.0
1778,ID00037,19.0,34,5286.0,5305.0
1779,ID00038,969.0,34,4180.0,5149.0
1780,ID00039,19.0,34,5152.0,5171.0
1781,ID00040,490.0,34,4180.0,4670.0
1782,ID00041,27.0,34,4673.0,4700.0
1783,ID00042,984.0,34,4180.0,5164.0
1784,ID00043,19.0,34,5167.0,5186.0
1785,ID00044,446.0,34,4180.0,4626.0
1786,ID00045,23.0,34,4629.0,4652.0
1787,ID00046,441.0,34,4180.0,4621.0
1788,ID00047,10.0,34,4624.0,4634.0
1789,ID00048,602.0,34,4180.0,4782.0
1790,ID00049,12.0,34,4785.0,4797.0
1791,finish,0.0,34,5994.0,5994.0
1792,entry,0.0,35,0,0.0
1793,ID00000,6.0,35,5987.0,5993.0
1794,ID00001,5.0,35,5958.0,5963.0
1795,ID00002,3417.0,35,1567.0,4984.0
1796,ID00003,542.0,35,5008.0,5550.0
1797,ID00004,27.0,35,5553.0,5580.0
1798,ID00005,627.0,35,5008.0,5635.0
1799,ID00006,22.0,35,5638.0,5660.0
1800,ID00007,382.0,35,5008.0,5390.0
1801,ID00008,20.0,35,5393.0,5413.0
1802,ID00009,449.0,35,5008.0,5457.0
1803,ID00010,27.0,35,5460.0,5487.0
1804,ID00011,453.0,35,5008.0,5461.0
1805,ID00012,27.0,35,5464.0,5491.0
1806,ID00013,757.0,35,5008.0,5765.0
1807,ID00014,28.0,35,5768.0,5796.0
1808,ID00015,598.0,35,5008.0,5606.0
1809,ID00016,12.0,35,5609.0,5621.0
1810,ID00017,445.0,35,5008.0,5453.0
1811,ID00018,10.0,35,5456.0,5466.0
1812,ID00019,947.0,35,5008.0,5955.0
1813,ID00020,26.0,35,5958.0,5984.0
1814,ID00021,688.0,35,5008.0,5696.0
1815,ID00022,25.0,35,5699.0,5724.0
1816,ID00023,2589.0,35,1575.0,4164.0
1817,ID00024,1086.0,35,4180.0,5266.0
1818,ID00025,15.0,35,5269.0,5284.0
1819,ID00026,669.0,35,4180.0,4849.0
1820,ID00027,21.0,35,4852.0,4873.0
1821,ID00028,784.0,35,4180.0,4964.0
1822,ID00029,21.0,35,4967.0,4988.0
1823,ID00030,937.0,35,4180.0,5117.0
1824,ID00031,11.0,35,5120.0,5131.0
1825,ID00032,541.0,35,4180.0,4721.0
1826,ID00033,22.0,35,4724.0,4746.0
1827,ID00034,518.0,35,4180.0,4698.0
1828,ID00035,20.0,35,4701.0,4721.0
1829,ID00036,1103.0,35,4180.0,5283.0
1830,ID00037,19.0,35,5286.0,5305.0
1831,ID00038,969.0,35,4180.0,5149.0
1832,ID00039,19.0,35,5152.0,5171.0
1833,ID00040,490.0,35,4180.0,4670.0
1834,ID00041,27.0,35,4673.0,4700.0
1835,ID00042,984.0,35,4180.0,5164.0
1836,ID00043,19.0,35,5167.0,5186.0
1837,ID00044,446.0,35,4180.0,4626.0
1838,ID00045,23.0,35,4629.0,4652.0
1839,ID00046,441.0,35,4180.0,4621.0
1840,ID00047,10.0,35,4624.0,4634.0
1841,ID00048,602.0,35,4180.0,4782.0
1842,ID00049,12.0,35,4785.0,4797.0
1843,finish,0.0,35,5994.0,5994.0
1844,entry,0.0,36,0,0.0
1845,ID00000,6.0,36,5987.0,5993.0
1846,ID00001,5.0,36,5958.0,5963.0
1847,ID00002,3417.0,36,1567.0,4984.0
1848,ID00003,542.0,36,5008.0,5550.0
1849,ID00004,27.0,36,5553.0,5580.0
1850,ID00005,627.0,36,5008.0,5635.0
1851,ID00006,22.0,36,5638.0,5660.0
1852,ID00007,382.0,36,5008.0,5390.0
1853,ID00008,20.0,36,5393.0,5413.0
1854,ID00009,449.0,36,5008.0,5457.0
1855,ID00010,27.0,36,5460.0,5487.0
1856,ID00011,453.0,36,5008.0,5461.0
1857,ID00012,27.0,36,5464.0,5491.0
1858,ID00013,757.0,36,5008.0,5765.0
1859,ID00014,28.0,36,5768.0,5796.0
1860,ID00015,598.0,36,5008.0,5606.0
1861,ID00016,12.0,36,5609.0,5621.0
1862,ID00017,445.0,36,5008.0,5453.0
1863,ID00018,10.0,36,5456.0,5466.0
1864,ID00019,947.0,36,5008.0,5955.0
1865,ID00020,26.0,36,5958.0,5984.0
1866,ID00021,688.0,36,5008.0,5696.0
1867,ID00022,25.0,36,5699.0,5724.0
1868,ID00023,2589.0,36,1575.0,4164.0
1869,ID00024,1086.0,36,4180.0,5266.0
1870,ID00025,15.0,36,5269.0,5284.0
1871,ID00026,669.0,36,4180.0,4849.0
1872,ID00027,21.0,36,4852.0,4873.0
1873,ID00028,784.0,36,4180.0,4964.0
1874,ID00029,21.0,36,4967.0,4988.0
1875,ID00030,937.0,36,4180.0,5117.0
1876,ID00031,11.0,36,5120.0,5131.0
1877,ID00032,541.0,36,4180.0,4721.0
1878,ID00033,22.0,36,4724.0,4746.0
1879,ID00034,518.0,36,4180.0,4698.0
1880,ID00035,20.0,36,4701.0,4721.0
1881,ID00036,1103.0,36,4180.0,5283.0
1882,ID00037,19.0,36,5286.0,5305.0
1883,ID00038,969.0,36,4180.0,5149.0
1884,ID00039,19.0,36,5152.0,5171.0
1885,ID00040,490.0,36,4180.0,4670.0
1886,ID00041,27.0,36,4673.0,4700.0
1887,ID00042,984.0,36,4180.0,5164.0
1888,ID00043,19.0,36,5167.0,5186.0
1889,ID00044,446.0,36,4180.0,4626.0
1890,ID00045,23.0,36,4629.0,4652.0
1891,ID00046,441.0,36,4180.0,4621.0
1892,ID00047,10.0,36,4624.0,4634.0
1893,ID00048,602.0,36,4180.0,4782.0
1894,ID00049,12.0,36,4785.0,4797.0
1895,finish,0.0,36,5994.0,5994.0
1896,entry,0.0,37,0,0.0
1897,ID00000,165.0,37,23.0,188.0
1898,ID00001,165.0,37,23.0,188.0
1899,ID00002,166.0,37,23.0,189.0
1900,ID00003,166.0,37,23.0,189.0
1901,ID00004,163.0,37,23.0,186.0
1902,ID00005,166.0,37,23.0,189.0
1903,ID00006,164.0,37,23.0,187.0
1904,ID00007,166.0,37,23.0,189.0
1905,ID00008,129.0,37,230.0,359.0
1906,ID00009,128.0,37,231.0,359.0
1907,ID00010,126.0,37,230.0,356.0
1908,ID00011,128.0,37,231.0,359.0
1909,ID00012,129.0,37,230.0,359.0
1910,ID00013,126.0,37,231.0,357.0
1911,ID00014,128.0,37,231.0,359.0
1912,ID00015,128.0,37,231.0,359.0
1913,ID00016,127.0,37,231.0,358.0
1914,ID00017,125.0,37,231.0,356.0
1915,ID00018,129.0,37,231.0,360.0
1916,ID00019,127.0,37,231.0,358.0
1917,ID00020,126.0,37,231.0,357.0
1918,ID00021,129.0,37,231.0,360.0
1919,ID00022,127.0,37,231.0,358.0
1920,ID00023,129.0,37,231.0,360.0
1921,ID00024,126.0,37,228.0,354.0
1922,ID00025,127.0,37,231.0,358.0
1923,ID00026,130.0,37,231.0,361.0
1924,ID00027,126.0,37,231.0,357.0
1925,ID00028,128.0,37,231.0,359.0
1926,ID00029,128.0,37,230.0,358.0
1927,ID00030,128.0,37,231.0,359.0
1928,ID00031,128.0,37,231.0,359.0
1929,ID00032,127.0,37,231.0,358.0
1930,ID00033,127.0,37,231.0,358.0
1931,ID00034,127.0,37,231.0,358.0
1932,ID00035,127.0,37,231.0,358.0
1933,ID00036,27.0,37,367.0,394.0
1934,ID00037,64.0,37,397.0,461.0
1935,ID00038,131.0,37,464.0,595.0
1936,ID00039,129.0,37,464.0,593.0
1937,ID00040,131.0,37,464.0,595.0
1938,ID00041,128.0,37,464.0,592.0
1939,ID00042,126.0,37,464.0,590.0
1940,ID00043,128.0,37,464.0,592.0
1941,ID00044,129.0,37,464.0,593.0
1942,ID00045,129.0,37,464.0,593.0
1943,ID00046,30.0,37,637.0,667.0
1944,ID00047,59.0,37,670.0,729.0
1945,ID00048,59.0,37,1381.0,1440.0
1946,ID00049,6.0,37,1454.0,1460.0
1947,finish,0.0,37,1462.0,1462.0
1948,entry,0.0,38,0,0.0
1949,ID00000,3.0,38,8.0,11.0
1950,ID00001,3.0,38,4.0,7.0
1951,ID00002,3.0,38,4.0,7.0
1952,ID00003,3.0,38,4.0,7.0
1953,ID00004,3.0,38,4.0,7.0
1954,ID00005,3.0,38,4.0,7.0
1955,ID00006,3.0,38,4.0,7.0
1956,ID00007,3.0,38,4.0,7.0
1957,ID00008,3.0,38,4.0,7.0
1958,ID00009,3.0,38,4.0,7.0
1959,ID00010,3.0,38,4.0,7.0
1960,ID00011,3.0,38,4.0,7.0
1961,ID00012,3.0,38,4.0,7.0
1962,ID00013,497.0,38,2.0,499.0
1963,ID00014,10.0,38,2.0,12.0
1964,ID00015,20.0,38,3.0,23.0
1965,ID00016,468.0,38,904.0,1372.0
1966,ID00017,134.0,38,1375.0,1509.0
1967,ID00018,3.0,38,1523.0,1526.0
1968,ID00019,3.0,38,1523.0,1526.0
1969,ID00020,329.0,38,1523.0,1852.0
1970,ID00021,9.0,38,1527.0,1536.0
1971,ID00022,3.0,38,1523.0,1526.0
1972,ID00023,3.0,38,1860.0,1863.0
1973,ID00025,3.0,38,8.0,11.0
1974,ID00026,3.0,38,4.0,7.0
1975,ID00027,3.0,38,4.0,7.0
1976,ID00028,3.0,38,4.0,7.0
1977,ID00029,3.0,38,4.0,7.0
1978,ID00030,3.0,38,4.0,7.0
1979,ID00031,3.0,38,4.0,7.0
1980,ID00032,3.0,38,4.0,7.0
1981,ID00033,3.0,38,4.0,7.0
1982,ID00034,3.0,38,4.0,7.0
1983,ID00035,3.0,38,4.0,7.0
1984,ID00036,3.0,38,4.0,7.0
1985,ID00037,3.0,38,4.0,7.0
1986,ID00038,277.0,38,2.0,279.0
1987,ID00039,10.0,38,2.0,12.0
1988,ID00040,9.0,38,3.0,12.0
1989,ID00041,626.0,38,908.0,1534.0
1990,ID00042,46.0,38,1537.0,1583.0
1991,ID00043,3.0,38,1597.0,1600.0
1992,ID00044,3.0,38,1597.0,1600.0
1993,ID00045,319.0,38,1597.0,1916.0
1994,ID00046,9.0,38,1601.0,1610.0
1995,ID00047,3.0,38,1597.0,1600.0
1996,ID00048,3.0,38,1924.0,1927.0
1997,finish,0.0,38,1935.0,1935.0
1998,entry,0.0,39,0,0.0
1999,ID00000,3.0,39,74.0,77.0
2000,ID00001,3.0,39,27.0,30.0
2001,ID00002,3.0,39,153.0,156.0
2002,ID00003,3.0,39,153.0,156.0
2003,ID00004,3.0,39,153.0,156.0
2004,ID00005,3.0,39,153.0,156.0
2005,ID00006,3.0,39,153.0,156.0
2006,ID00007,3.0,39,60.0,63.0
2007,ID00008,3.0,39,60.0,63.0
2008,ID00009,3.0,39,60.0,63.0
2009,ID00010,3.0,39,60.0,63.0
2010,ID00011,3.0,39,60.0,63.0
2011,ID00012,3.0,39,172.0,175.0
2012,ID00013,3.0,39,170.0,173.0
2013,ID00014,3.0,39,172.0,175.0
2014,ID00015,3.0,39,172.0,175.0
2015,ID00016,3.0,39,172.0,175.0
2016,ID00017,3.0,39,69.0,72.0
2017,ID00018,3.0,39,69.0,72.0
2018,ID00019,3.0,39,69.0,72.0
2019,ID00020,3.0,39,69.0,72.0
2020,ID00021,3.0,39,69.0,72.0
2021,ID00022,3.0,39,181.0,184.0
2022,ID00023,3.0,39,178.0,181.0
2023,ID00024,3.0,39,180.0,183.0
2024,ID00025,3.0,39,185.0,188.0
2025,ID00026,3.0,39,181.0,184.0
2026,ID00027,3.0,39,74.0,77.0
2027,ID00028,3.0,39,74.0,77.0
2028,ID00029,3.0,39,74.0,77.0
2029,ID00030,3.0,39,74.0,77.0
2030,ID00031,3.0,39,75.0,78.0
2031,ID00032,172.0,39,186.0,358.0
2032,ID00033,230.0,39,183.0,413.0
2033,ID00034,125.0,39,185.0,310.0
2034,ID00035,175.0,39,191.0,366.0
2035,ID00036,163.0,39,186.0,349.0
2036,ID00037,178.0,39,78.0,256.0
2037,ID00038,217.0,39,78.0,295.0
2038,ID00039,175.0,39,78.0,253.0
2039,ID00040,181.0,39,78.0,259.0
2040,ID00041,158.0,39,79.0,237.0
2041,ID00042,3.0,39,415.0,418.0
2042,ID00043,3.0,39,296.0,299.0
2043,ID00044,3.0,39,426.0,429.0
2044,ID00045,3.0,39,440.0,443.0
2045,ID00046,62.0,39,444.0,506.0
2046,finish,0.0,39,507.0,507.0
2047,entry,0.0,40,0,0.0
2048,ID00000,3.0,40,74.0,77.0
2049,ID00001,3.0,40,27.0,30.0
2050,ID00002,3.0,40,153.0,156.0
2051,ID00003,3.0,40,153.0,156.0
2052,ID00004,3.0,40,153.0,156.0
2053,ID00005,3.0,40,153.0,156.0
2054,ID00006,3.0,40,153.0,156.0
2055,ID00007,3.0,40,60.0,63.0
2056,ID00008,3.0,40,60.0,63.0
2057,ID00009,3.0,40,60.0,63.0
2058,ID00010,3.0,40,60.0,63.0
2059,ID00011,3.0,40,60.0,63.0
2060,ID00012,3.0,40,172.0,175.0
2061,ID00013,3.0,40,170.0,173.0
2062,ID00014,3.0,40,172.0,175.0
2063,ID00015,3.0,40,172.0,175.0
2064,ID00016,3.0,40,172.0,175.0
2065,ID00017,3.0,40,69.0,72.0
2066,ID00018,3.0,40,69.0,72.0
2067,ID00019,3.0,40,69.0,72.0
2068,ID00020,3.0,40,69.0,72.0
2069,ID00021,3.0,40,69.0,72.0
2070,ID00022,3.0,40,181.0,184.0
2071,ID00023,3.0,40,178.0,181.0
2072,ID00024,3.0,40,180.0,183.0
2073,ID00025,3.0,40,185.0,188.0
2074,ID00026,3.0,40,181.0,184.0
2075,ID00027,3.0,40,74.0,77.0
2076,ID00028,3.0,40,74.0,77.0
2077,ID00029,3.0,40,74.0,77.0
2078,ID00030,3.0,40,74.0,77.0
2079,ID00031,3.0,40,75.0,78.0
2080,ID00032,172.0,40,186.0,358.0
2081,ID00033,230.0,40,183.0,413.0
2082,ID00034,125.0,40,185.0,310.0
2083,ID00035,175.0,40,191.0,366.0
2084,ID00036,163.0,40,186.0,349.0
2085,ID00037,178.0,40,78.0,256.0
2086,ID00038,217.0,40,78.0,295.0
2087,ID00039,175.0,40,78.0,253.0
2088,ID00040,181.0,40,78.0,259.0
2089,ID00041,158.0,40,79.0,237.0
2090,ID00042,3.0,40,415.0,418.0
2091,ID00043,3.0,40,296.0,299.0
2092,ID00044,3.0,40,426.0,429.0
2093,ID00045,3.0,40,440.0,443.0
2094,ID00046,62.0,40,444.0,506.0
2095,finish,0.0,40,507.0,507.0
2096,entry,0.0,41,0,0.0
2097,ID00000,3.0,41,74.0,77.0
2098,ID00001,3.0,41,27.0,30.0
2099,ID00002,3.0,41,153.0,156.0
2100,ID00003,3.0,41,153.0,156.0
2101,ID00004,3.0,41,153.0,156.0
2102,ID00005,3.0,41,153.0,156.0
2103,ID00006,3.0,41,153.0,156.0
2104,ID00007,3.0,41,60.0,63.0
2105,ID00008,3.0,41,60.0,63.0
2106,ID00009,3.0,41,60.0,63.0
2107,ID00010,3.0,41,60.0,63.0
2108,ID00011,3.0,41,60.0,63.0
2109,ID00012,3.0,41,172.0,175.0
2110,ID00013,3.0,41,170.0,173.0
2111,ID00014,3.0,41,172.0,175.0
2112,ID00015,3.0,41,172.0,175.0
2113,ID00016,3.0,41,172.0,175.0
2114,ID00017,3.0,41,69.0,72.0
2115,ID00018,3.0,41,69.0,72.0
2116,ID00019,3.0,41,69.0,72.0
2117,ID00020,3.0,41,69.0,72.0
2118,ID00021,3.0,41,69.0,72.0
2119,ID00022,3.0,41,181.0,184.0
2120,ID00023,3.0,41,178.0,181.0
2121,ID00024,3.0,41,180.0,183.0
2122,ID00025,3.0,41,185.0,188.0
2123,ID00026,3.0,41,181.0,184.0
2124,ID00027,3.0,41,74.0,77.0
2125,ID00028,3.0,41,74.0,77.0
2126,ID00029,3.0,41,74.0,77.0
2127,ID00030,3.0,41,74.0,77.0
2128,ID00031,3.0,41,75.0,78.0
2129,ID00032,172.0,41,186.0,358.0
2130,ID00033,230.0,41,183.0,413.0
2131,ID00034,125.0,41,185.0,310.0
2132,ID00035,175.0,41,191.0,366.0
2133,ID00036,163.0,41,186.0,349.0
2134,ID00037,178.0,41,78.0,256.0
2135,ID00038,217.0,41,78.0,295.0
2136,ID00039,175.0,41,78.0,253.0
2137,ID00040,181.0,41,78.0,259.0
2138,ID00041,158.0,41,79.0,237.0
2139,ID00042,3.0,41,415.0,418.0
2140,ID00043,3.0,41,296.0,299.0
2141,ID00044,3.0,41,426.0,429.0
2142,ID00045,3.0,41,440.0,443.0
2143,ID00046,62.0,41,444.0,506.0
2144,finish,0.0,41,507.0,507.0
2145,entry,0.0,42,0,0.0
2146,ID00000,6.0,42,5987.0,5993.0
2147,ID00001,5.0,42,5958.0,5963.0
2148,ID00002,3417.0,42,1567.0,4984.0
2149,ID00003,542.0,42,5008.0,5550.0
2150,ID00004,27.0,42,5553.0,5580.0
2151,ID00005,627.0,42,5008.0,5635.0
2152,ID00006,22.0,42,5638.0,5660.0
2153,ID00007,382.0,42,5008.0,5390.0
2154,ID00008,20.0,42,5393.0,5413.0
2155,ID00009,449.0,42,5008.0,5457.0
2156,ID00010,27.0,42,5460.0,5487.0
2157,ID00011,453.0,42,5008.0,5461.0
2158,ID00012,27.0,42,5464.0,5491.0
2159,ID00013,757.0,42,5008.0,5765.0
2160,ID00014,28.0,42,5768.0,5796.0
2161,ID00015,598.0,42,5008.0,5606.0
2162,ID00016,12.0,42,5609.0,5621.0
2163,ID00017,445.0,42,5008.0,5453.0
2164,ID00018,10.0,42,5456.0,5466.0
2165,ID00019,947.0,42,5008.0,5955.0
2166,ID00020,26.0,42,5958.0,5984.0
2167,ID00021,688.0,42,5008.0,5696.0
2168,ID00022,25.0,42,5699.0,5724.0
2169,ID00023,2589.0,42,1575.0,4164.0
2170,ID00024,1086.0,42,4180.0,5266.0
2171,ID00025,15.0,42,5269.0,5284.0
2172,ID00026,669.0,42,4180.0,4849.0
2173,ID00027,21.0,42,4852.0,4873.0
2174,ID00028,784.0,42,4180.0,4964.0
2175,ID00029,21.0,42,4967.0,4988.0
2176,ID00030,937.0,42,4180.0,5117.0
2177,ID00031,11.0,42,5120.0,5131.0
2178,ID00032,541.0,42,4180.0,4721.0
2179,ID00033,22.0,42,4724.0,4746.0
2180,ID00034,518.0,42,4180.0,4698.0
2181,ID00035,20.0,42,4701.0,4721.0
2182,ID00036,1103.0,42,4180.0,5283.0
2183,ID00037,19.0,42,5286.0,5305.0
2184,ID00038,969.0,42,4180.0,5149.0
2185,ID00039,19.0,42,5152.0,5171.0
2186,ID00040,490.0,42,4180.0,4670.0
2187,ID00041,27.0,42,4673.0,4700.0
2188,ID00042,984.0,42,4180.0,5164.0
2189,ID00043,19.0,42,5167.0,5186.0
2190,ID00044,446.0,42,4180.0,4626.0
2191,ID00045,23.0,42,4629.0,4652.0
2192,ID00046,441.0,42,4180.0,4621.0
2193,ID00047,10.0,42,4624.0,4634.0
2194,ID00048,602.0,42,4180.0,4782.0
2195,ID00049,12.0,42,4785.0,4797.0
2196,finish,0.0,42,5994.0,5994.0
2197,entry,0.0,43,0,0.0
2198,ID00000,57.0,43,286.0,343.0
2199,ID00001,56.0,43,286.0,342.0
2200,ID00002,54.0,43,286.0,340.0
2201,ID00003,54.0,43,286.0,340.0
2202,ID00004,56.0,43,285.0,341.0
2203,ID00005,55.0,43,286.0,341.0
2204,ID00006,55.0,43,286.0,341.0
2205,ID00007,55.0,43,286.0,341.0
2206,ID00008,55.0,43,286.0,341.0
2207,ID00009,55.0,43,286.0,341.0
2208,ID00010,54.0,43,286.0,340.0
2209,ID00011,54.0,43,286.0,340.0
2210,ID00012,1768.0,43,350.0,2118.0
2211,ID00013,1486.0,43,350.0,1836.0
2212,ID00014,1667.0,43,348.0,2015.0
2213,ID00015,1360.0,43,347.0,1707.0
2214,ID00016,1286.0,43,348.0,1634.0
2215,ID00017,1598.0,43,348.0,1946.0
2216,ID00018,880.0,43,348.0,1228.0
2217,ID00019,1746.0,43,348.0,2094.0
2218,ID00020,988.0,43,348.0,1336.0
2219,ID00021,1553.0,43,348.0,1901.0
2220,ID00022,2027.0,43,348.0,2375.0
2221,ID00023,1807.0,43,347.0,2154.0
2222,ID00024,17.0,43,2378.0,2395.0
2223,ID00025,15.0,43,2398.0,2413.0
2224,ID00026,15.0,43,2398.0,2413.0
2225,ID00027,16.0,43,2398.0,2414.0
2226,ID00028,14.0,43,2398.0,2412.0
2227,ID00029,18.0,43,2398.0,2416.0
2228,ID00030,17.0,43,2398.0,2415.0
2229,ID00031,17.0,43,2398.0,2415.0
2230,ID00032,16.0,43,2398.0,2414.0
2231,ID00033,16.0,43,2398.0,2414.0
2232,ID00034,17.0,43,2398.0,2415.0
2233,ID00035,15.0,43,2398.0,2413.0
2234,ID00036,13.0,43,2398.0,2411.0
2235,ID00037,1607.0,43,2416.0,4023.0
2236,ID00038,1213.0,43,2416.0,3629.0
2237,ID00039,1186.0,43,2417.0,3603.0
2238,ID00040,1749.0,43,2415.0,4164.0
2239,ID00041,1473.0,43,2419.0,3892.0
2240,ID00042,1670.0,43,2418.0,4088.0
2241,ID00043,1139.0,43,2418.0,3557.0
2242,ID00044,1855.0,43,2417.0,4272.0
2243,ID00045,2015.0,43,2417.0,4432.0
2244,ID00046,2007.0,43,2418.0,4425.0
2245,ID00047,1767.0,43,2416.0,4183.0
2246,ID00048,911.0,43,2414.0,3325.0
2247,ID00049,16.0,43,4435.0,4451.0
2248,finish,0.0,43,4452.0,4452.0
2249,entry,0.0,44,0,0.0
2250,ID00000,6.0,44,5987.0,5993.0
2251,ID00001,5.0,44,5958.0,5963.0
2252,ID00002,3417.0,44,1567.0,4984.0
2253,ID00003,542.0,44,5008.0,5550.0
2254,ID00004,27.0,44,5553.0,5580.0
2255,ID00005,627.0,44,5008.0,5635.0
2256,ID00006,22.0,44,5638.0,5660.0
2257,ID00007,382.0,44,5008.0,5390.0
2258,ID00008,20.0,44,5393.0,5413.0
2259,ID00009,449.0,44,5008.0,5457.0
2260,ID00010,27.0,44,5460.0,5487.0
2261,ID00011,453.0,44,5008.0,5461.0
2262,ID00012,27.0,44,5464.0,5491.0
2263,ID00013,757.0,44,5008.0,5765.0
2264,ID00014,28.0,44,5768.0,5796.0
2265,ID00015,598.0,44,5008.0,5606.0
2266,ID00016,12.0,44,5609.0,5621.0
2267,ID00017,445.0,44,5008.0,5453.0
2268,ID00018,10.0,44,5456.0,5466.0
2269,ID00019,947.0,44,5008.0,5955.0
2270,ID00020,26.0,44,5958.0,5984.0
2271,ID00021,688.0,44,5008.0,5696.0
2272,ID00022,25.0,44,5699.0,5724.0
2273,ID00023,2589.0,44,1575.0,4164.0
2274,ID00024,1086.0,44,4180.0,5266.0
2275,ID00025,15.0,44,5269.0,5284.0
2276,ID00026,669.0,44,4180.0,4849.0
2277,ID00027,21.0,44,4852.0,4873.0
2278,ID00028,784.0,44,4180.0,4964.0
2279,ID00029,21.0,44,4967.0,4988.0
2280,ID00030,937.0,44,4180.0,5117.0
2281,ID00031,11.0,44,5120.0,5131.0
2282,ID00032,541.0,44,4180.0,4721.0
2283,ID00033,22.0,44,4724.0,4746.0
2284,ID00034,518.0,44,4180.0,4698.0
2285,ID00035,20.0,44,4701.0,4721.0
2286,ID00036,1103.0,44,4180.0,5283.0
2287,ID00037,19.0,44,5286.0,5305.0
2288,ID00038,969.0,44,4180.0,5149.0
2289,ID00039,19.0,44,5152.0,5171.0
2290,ID00040,490.0,44,4180.0,4670.0
2291,ID00041,27.0,44,4673.0,4700.0
2292,ID00042,984.0,44,4180.0,5164.0
2293,ID00043,19.0,44,5167.0,5186.0
2294,ID00044,446.0,44,4180.0,4626.0
2295,ID00045,23.0,44,4629.0,4652.0
2296,ID00046,441.0,44,4180.0,4621.0
2297,ID00047,10.0,44,4624.0,4634.0
2298,ID00048,602.0,44,4180.0,4782.0
2299,ID00049,12.0,44,4785.0,4797.0
2300,finish,0.0,44,5994.0,5994.0
2301,entry,0.0,45,0,0.0
2302,ID00000,6.0,45,5987.0,5993.0
2303,ID00001,5.0,45,5958.0,5963.0
2304,ID00002,3417.0,45,1567.0,4984.0
2305,ID00003,542.0,45,5008.0,5550.0
2306,ID00004,27.0,45,5553.0,5580.0
2307,ID00005,627.0,45,5008.0,5635.0
2308,ID00006,22.0,45,5638.0,5660.0
2309,ID00007,382.0,45,5008.0,5390.0
2310,ID00008,20.0,45,5393.0,5413.0
2311,ID00009,449.0,45,5008.0,5457.0
2312,ID00010,27.0,45,5460.0,5487.0
2313,ID00011,453.0,45,5008.0,5461.0
2314,ID00012,27.0,45,5464.0,5491.0
2315,ID00013,757.0,45,5008.0,5765.0
2316,ID00014,28.0,45,5768.0,5796.0
2317,ID00015,598.0,45,5008.0,5606.0
2318,ID00016,12.0,45,5609.0,5621.0
2319,ID00017,445.0,45,5008.0,5453.0
2320,ID00018,10.0,45,5456.0,5466.0
2321,ID00019,947.0,45,5008.0,5955.0
2322,ID00020,26.0,45,5958.0,5984.0
2323,ID00021,688.0,45,5008.0,5696.0
2324,ID00022,25.0,45,5699.0,5724.0
2325,ID00023,2589.0,45,1575.0,4164.0
2326,ID00024,1086.0,45,4180.0,5266.0
2327,ID00025,15.0,45,5269.0,5284.0
2328,ID00026,669.0,45,4180.0,4849.0
2329,ID00027,21.0,45,4852.0,4873.0
2330,ID00028,784.0,45,4180.0,4964.0
2331,ID00029,21.0,45,4967.0,4988.0
2332,ID00030,937.0,45,4180.0,5117.0
2333,ID00031,11.0,45,5120.0,5131.0
2334,ID00032,541.0,45,4180.0,4721.0
2335,ID00033,22.0,45,4724.0,4746.0
2336,ID00034,518.0,45,4180.0,4698.0
2337,ID00035,20.0,45,4701.0,4721.0
2338,ID00036,1103.0,45,4180.0,5283.0
2339,ID00037,19.0,45,5286.0,5305.0
2340,ID00038,969.0,45,4180.0,5149.0
2341,ID00039,19.0,45,5152.0,5171.0
2342,ID00040,490.0,45,4180.0,4670.0
2343,ID00041,27.0,45,4673.0,4700.0
2344,ID00042,984.0,45,4180.0,5164.0
2345,ID00043,19.0,45,5167.0,5186.0
2346,ID00044,446.0,45,4180.0,4626.0
2347,ID00045,23.0,45,4629.0,4652.0
2348,ID00046,441.0,45,4180.0,4621.0
2349,ID00047,10.0,45,4624.0,4634.0
2350,ID00048,602.0,45,4180.0,4782.0
2351,ID00049,12.0,45,4785.0,4797.0
2352,finish,0.0,45,5994.0,5994.0
2353,entry,0.0,46,0,0.0
2354,ID00000,57.0,46,286.0,343.0
2355,ID00001,56.0,46,286.0,342.0
2356,ID00002,54.0,46,286.0,340.0
2357,ID00003,54.0,46,286.0,340.0
2358,ID00004,56.0,46,285.0,341.0
2359,ID00005,55.0,46,286.0,341.0
2360,ID00006,55.0,46,286.0,341.0
2361,ID00007,55.0,46,286.0,341.0
2362,ID00008,55.0,46,286.0,341.0
2363,ID00009,55.0,46,286.0,341.0
2364,ID00010,54.0,46,286.0,340.0
2365,ID00011,54.0,46,286.0,340.0
2366,ID00012,1768.0,46,350.0,2118.0
2367,ID00013,1486.0,46,350.0,1836.0
2368,ID00014,1667.0,46,348.0,2015.0
2369,ID00015,1360.0,46,347.0,1707.0
2370,ID00016,1286.0,46,348.0,1634.0
2371,ID00017,1598.0,46,348.0,1946.0
2372,ID00018,880.0,46,348.0,1228.0
2373,ID00019,1746.0,46,348.0,2094.0
2374,ID00020,988.0,46,348.0,1336.0
2375,ID00021,1553.0,46,348.0,1901.0
2376,ID00022,2027.0,46,348.0,2375.0
2377,ID00023,1807.0,46,347.0,2154.0
2378,ID00024,17.0,46,2378.0,2395.0
2379,ID00025,15.0,46,2398.0,2413.0
2380,ID00026,15.0,46,2398.0,2413.0
2381,ID00027,16.0,46,2398.0,2414.0
2382,ID00028,14.0,46,2398.0,2412.0
2383,ID00029,18.0,46,2398.0,2416.0
2384,ID00030,17.0,46,2398.0,2415.0
2385,ID00031,17.0,46,2398.0,2415.0
2386,ID00032,16.0,46,2398.0,2414.0
2387,ID00033,16.0,46,2398.0,2414.0
2388,ID00034,17.0,46,2398.0,2415.0
2389,ID00035,15.0,46,2398.0,2413.0
2390,ID00036,13.0,46,2398.0,2411.0
2391,ID00037,1607.0,46,2416.0,4023.0
2392,ID00038,1213.0,46,2416.0,3629.0
2393,ID00039,1186.0,46,2417.0,3603.0
2394,ID00040,1749.0,46,2415.0,4164.0
2395,ID00041,1473.0,46,2419.0,3892.0
2396,ID00042,1670.0,46,2418.0,4088.0
2397,ID00043,1139.0,46,2418.0,3557.0
2398,ID00044,1855.0,46,2417.0,4272.0
2399,ID00045,2015.0,46,2417.0,4432.0
2400,ID00046,2007.0,46,2418.0,4425.0
2401,ID00047,1767.0,46,2416.0,4183.0
2402,ID00048,911.0,46,2414.0,3325.0
2403,ID00049,16.0,46,4435.0,4451.0
2404,finish,0.0,46,4452.0,4452.0
2405,entry,0.0,47,0,0.0
2406,ID00000,3.0,47,74.0,77.0
2407,ID00001,3.0,47,27.0,30.0
2408,ID00002,3.0,47,153.0,156.0
2409,ID00003,3.0,47,153.0,156.0
2410,ID00004,3.0,47,153.0,156.0
2411,ID00005,3.0,47,153.0,156.0
2412,ID00006,3.0,47,153.0,156.0
2413,ID00007,3.0,47,60.0,63.0
2414,ID00008,3.0,47,60.0,63.0
2415,ID00009,3.0,47,60.0,63.0
2416,ID00010,3.0,47,60.0,63.0
2417,ID00011,3.0,47,60.0,63.0
2418,ID00012,3.0,47,172.0,175.0
2419,ID00013,3.0,47,170.0,173.0
2420,ID00014,3.0,47,172.0,175.0
2421,ID00015,3.0,47,172.0,175.0
2422,ID00016,3.0,47,172.0,175.0
2423,ID00017,3.0,47,69.0,72.0
2424,ID00018,3.0,47,69.0,72.0
2425,ID00019,3.0,47,69.0,72.0
2426,ID00020,3.0,47,69.0,72.0
2427,ID00021,3.0,47,69.0,72.0
2428,ID00022,3.0,47,181.0,184.0
2429,ID00023,3.0,47,178.0,181.0
2430,ID00024,3.0,47,180.0,183.0
2431,ID00025,3.0,47,185.0,188.0
2432,ID00026,3.0,47,181.0,184.0
2433,ID00027,3.0,47,74.0,77.0
2434,ID00028,3.0,47,74.0,77.0
2435,ID00029,3.0,47,74.0,77.0
2436,ID00030,3.0,47,74.0,77.0
2437,ID00031,3.0,47,75.0,78.0
2438,ID00032,172.0,47,186.0,358.0
2439,ID00033,230.0,47,183.0,413.0
2440,ID00034,125.0,47,185.0,310.0
2441,ID00035,175.0,47,191.0,366.0
2442,ID00036,163.0,47,186.0,349.0
2443,ID00037,178.0,47,78.0,256.0
2444,ID00038,217.0,47,78.0,295.0
2445,ID00039,175.0,47,78.0,253.0
2446,ID00040,181.0,47,78.0,259.0
2447,ID00041,158.0,47,79.0,237.0
2448,ID00042,3.0,47,415.0,418.0
2449,ID00043,3.0,47,296.0,299.0
2450,ID00044,3.0,47,426.0,429.0
2451,ID00045,3.0,47,440.0,443.0
2452,ID00046,62.0,47,444.0,506.0
2453,finish,0.0,47,507.0,507.0
2454,entry,0.0,48,0,0.0
2455,ID00000,165.0,48,23.0,188.0
2456,ID00001,165.0,48,23.0,188.0
2457,ID00002,166.0,48,23.0,189.0
2458,ID00003,166.0,48,23.0,189.0
2459,ID00004,163.0,48,23.0,186.0
2460,ID00005,166.0,48,23.0,189.0
2461,ID00006,164.0,48,23.0,187.0
2462,ID00007,166.0,48,23.0,189.0
2463,ID00008,129.0,48,230.0,359.0
2464,ID00009,128.0,48,231.0,359.0
2465,ID00010,126.0,48,230.0,356.0
2466,ID00011,128.0,48,231.0,359.0
2467,ID00012,129.0,48,230.0,359.0
2468,ID00013,126.0,48,231.0,357.0
2469,ID00014,128.0,48,231.0,359.0
2470,ID00015,128.0,48,231.0,359.0
2471,ID00016,127.0,48,231.0,358.0
2472,ID00017,125.0,48,231.0,356.0
2473,ID00018,129.0,48,231.0,360.0
2474,ID00019,127.0,48,231.0,358.0
2475,ID00020,126.0,48,231.0,357.0
2476,ID00021,129.0,48,231.0,360.0
2477,ID00022,127.0,48,231.0,358.0
2478,ID00023,129.0,48,231.0,360.0
2479,ID00024,126.0,48,228.0,354.0
2480,ID00025,127.0,48,231.0,358.0
2481,ID00026,130.0,48,231.0,361.0
2482,ID00027,126.0,48,231.0,357.0
2483,ID00028,128.0,48,231.0,359.0
2484,ID00029,128.0,48,230.0,358.0
2485,ID00030,128.0,48,231.0,359.0
2486,ID00031,128.0,48,231.0,359.0
2487,ID00032,127.0,48,231.0,358.0
2488,ID00033,127.0,48,231.0,358.0
2489,ID00034,127.0,48,231.0,358.0
2490,ID00035,127.0,48,231.0,358.0
2491,ID00036,27.0,48,367.0,394.0
2492,ID00037,64.0,48,397.0,461.0
2493,ID00038,131.0,48,464.0,595.0
2494,ID00039,129.0,48,464.0,593.0
2495,ID00040,131.0,48,464.0,595.0
2496,ID00041,128.0,48,464.0,592.0
2497,ID00042,126.0,48,464.0,590.0
2498,ID00043,128.0,48,464.0,592.0
2499,ID00044,129.0,48,464.0,593.0
2500,ID00045,129.0,48,464.0,593.0
2501,ID00046,30.0,48,637.0,667.0
2502,ID00047,59.0,48,670.0,729.0
2503,ID00048,59.0,48,1381.0,1440.0
2504,ID00049,6.0,48,1454.0,1460.0
2505,finish,0.0,48,1462.0,1462.0
2506,entry,0.0,49,0,0.0
2507,ID00000,6.0,49,5987.0,5993.0
2508,ID00001,5.0,49,5958.0,5963.0
2509,ID00002,3417.0,49,1567.0,4984.0
2510,ID00003,542.0,49,5008.0,5550.0
2511,ID00004,27.0,49,5553.0,5580.0
2512,ID00005,627.0,49,5008.0,5635.0
2513,ID00006,22.0,49,5638.0,5660.0
2514,ID00007,382.0,49,5008.0,5390.0
2515,ID00008,20.0,49,5393.0,5413.0
2516,ID00009,449.0,49,5008.0,5457.0
2517,ID00010,27.0,49,5460.0,5487.0
2518,ID00011,453.0,49,5008.0,5461.0
2519,ID00012,27.0,49,5464.0,5491.0
2520,ID00013,757.0,49,5008.0,5765.0
2521,ID00014,28.0,49,5768.0,5796.0
2522,ID00015,598.0,49,5008.0,5606.0
2523,ID00016,12.0,49,5609.0,5621.0
2524,ID00017,445.0,49,5008.0,5453.0
2525,ID00018,10.0,49,5456.0,5466.0
2526,ID00019,947.0,49,5008.0,5955.0
2527,ID00020,26.0,49,5958.0,5984.0
2528,ID00021,688.0,49,5008.0,5696.0
2529,ID00022,25.0,49,5699.0,5724.0
2530,ID00023,2589.0,49,1575.0,4164.0
2531,ID00024,1086.0,49,4180.0,5266.0
2532,ID00025,15.0,49,5269.0,5284.0
2533,ID00026,669.0,49,4180.0,4849.0
2534,ID00027,21.0,49,4852.0,4873.0
2535,ID00028,784.0,49,4180.0,4964.0
2536,ID00029,21.0,49,4967.0,4988.0
2537,ID00030,937.0,49,4180.0,5117.0
2538,ID00031,11.0,49,5120.0,5131.0
2539,ID00032,541.0,49,4180.0,4721.0
2540,ID00033,22.0,49,4724.0,4746.0
2541,ID00034,518.0,49,4180.0,4698.0
2542,ID00035,20.0,49,4701.0,4721.0
2543,ID00036,1103.0,49,4180.0,5283.0
2544,ID00037,19.0,49,5286.0,5305.0
2545,ID00038,969.0,49,4180.0,5149.0
2546,ID00039,19.0,49,5152.0,5171.0
2547,ID00040,490.0,49,4180.0,4670.0
2548,ID00041,27.0,49,4673.0,4700.0
2549,ID00042,984.0,49,4180.0,5164.0
2550,ID00043,19.0,49,5167.0,5186.0
2551,ID00044,446.0,49,4180.0,4626.0
2552,ID00045,23.0,49,4629.0,4652.0
2553,ID00046,441.0,49,4180.0,4621.0
2554,ID00047,10.0,49,4624.0,4634.0
2555,ID00048,602.0,49,4180.0,4782.0
2556,ID00049,12.0,49,4785.0,4797.0
2557,finish,0.0,49,5994.0,5994.0
2558,entry,0.0,50,900,900.0
2559,ID00000,3.0,50,908.0,911.0
2560,ID00001,3.0,50,904.0,907.0
2561,ID00002,3.0,50,904.0,907.0
2562,ID00003,3.0,50,904.0,907.0
2563,ID00004,3.0,50,904.0,907.0
2564,ID00005,3.0,50,904.0,907.0
2565,ID00006,3.0,50,904.0,907.0
2566,ID00007,3.0,50,904.0,907.0
2567,ID00008,3.0,50,904.0,907.0
2568,ID00009,3.0,50,904.0,907.0
2569,ID00010,3.0,50,904.0,907.0
2570,ID00011,3.0,50,904.0,907.0
2571,ID00012,3.0,50,904.0,907.0
2572,ID00013,497.0,50,902.0,1399.0
2573,ID00014,10.0,50,902.0,912.0
2574,ID00015,20.0,50,903.0,923.0
2575,ID00016,468.0,50,1804.0,2272.0
2576,ID00017,134.0,50,2275.0,2409.0
2577,ID00018,3.0,50,2423.0,2426.0
2578,ID00019,3.0,50,2423.0,2426.0
2579,ID00020,329.0,50,2423.0,2752.0
2580,ID00021,9.0,50,2427.0,2436.0
2581,ID00022,3.0,50,2423.0,2426.0
2582,ID00023,3.0,50,2760.0,2763.0
2583,ID00025,3.0,50,908.0,911.0
2584,ID00026,3.0,50,904.0,907.0
2585,ID00027,3.0,50,904.0,907.0
2586,ID00028,3.0,50,904.0,907.0
2587,ID00029,3.0,50,904.0,907.0
2588,ID00030,3.0,50,904.0,907.0
2589,ID00031,3.0,50,904.0,907.0
2590,ID00032,3.0,50,904.0,907.0
2591,ID00033,3.0,50,904.0,907.0
2592,ID00034,3.0,50,904.0,907.0
2593,ID00035,3.0,50,904.0,907.0
2594,ID00036,3.0,50,904.0,907.0
2595,ID00037,3.0,50,904.0,907.0
2596,ID00038,277.0,50,902.0,1179.0
2597,ID00039,10.0,50,902.0,912.0
2598,ID00040,9.0,50,903.0,912.0
2599,ID00041,626.0,50,1808.0,2434.0
2600,ID00042,46.0,50,2437.0,2483.0
2601,ID00043,3.0,50,2497.0,2500.0
2602,ID00044,3.0,50,2497.0,2500.0
2603,ID00045,319.0,50,2497.0,2816.0
2604,ID00046,9.0,50,2501.0,2510.0
2605,ID00047,3.0,50,2497.0,2500.0
2606,ID00048,3.0,50,2824.0,2827.0
2607,finish,0.0,50,2835.0,2835.0
2608,entry,0.0,51,900,900.0
2609,ID00000,6.0,51,6887.0,6893.0
2610,ID00001,5.0,51,6858.0,6863.0
2611,ID00002,3417.0,51,2467.0,5884.0
2612,ID00003,542.0,51,5908.0,6450.0
2613,ID00004,27.0,51,6453.0,6480.0
2614,ID00005,627.0,51,5908.0,6535.0
2615,ID00006,22.0,51,6538.0,6560.0
2616,ID00007,382.0,51,5908.0,6290.0
2617,ID00008,20.0,51,6293.0,6313.0
2618,ID00009,449.0,51,5908.0,6357.0
2619,ID00010,27.0,51,6360.0,6387.0
2620,ID00011,453.0,51,5908.0,6361.0
2621,ID00012,27.0,51,6364.0,6391.0
2622,ID00013,757.0,51,5908.0,6665.0
2623,ID00014,28.0,51,6668.0,6696.0
2624,ID00015,598.0,51,5908.0,6506.0
2625,ID00016,12.0,51,6509.0,6521.0
2626,ID00017,445.0,51,5908.0,6353.0
2627,ID00018,10.0,51,6356.0,6366.0
2628,ID00019,947.0,51,5908.0,6855.0
2629,ID00020,26.0,51,6858.0,6884.0
2630,ID00021,688.0,51,5908.0,6596.0
2631,ID00022,25.0,51,6599.0,6624.0
2632,ID00023,2589.0,51,2475.0,5064.0
2633,ID00024,1086.0,51,5080.0,6166.0
2634,ID00025,15.0,51,6169.0,6184.0
2635,ID00026,669.0,51,5080.0,5749.0
2636,ID00027,21.0,51,5752.0,5773.0
2637,ID00028,784.0,51,5080.0,5864.0
2638,ID00029,21.0,51,5867.0,5888.0
2639,ID00030,937.0,51,5080.0,6017.0
2640,ID00031,11.0,51,6020.0,6031.0
2641,ID00032,541.0,51,5080.0,5621.0
2642,ID00033,22.0,51,5624.0,5646.0
2643,ID00034,518.0,51,5080.0,5598.0
2644,ID00035,20.0,51,5601.0,5621.0
2645,ID00036,1103.0,51,5080.0,6183.0
2646,ID00037,19.0,51,6186.0,6205.0
2647,ID00038,969.0,51,5080.0,6049.0
2648,ID00039,19.0,51,6052.0,6071.0
2649,ID00040,490.0,51,5080.0,5570.0
2650,ID00041,27.0,51,5573.0,5600.0
2651,ID00042,984.0,51,5080.0,6064.0
2652,ID00043,19.0,51,6067.0,6086.0
2653,ID00044,446.0,51,5080.0,5526.0
2654,ID00045,23.0,51,5529.0,5552.0
2655,ID00046,441.0,51,5080.0,5521.0
2656,ID00047,10.0,51,5524.0,5534.0
2657,ID00048,602.0,51,5080.0,5682.0
2658,ID00049,12.0,51,5685.0,5697.0
2659,finish,0.0,51,6894.0,6894.0
2660,entry,0.0,52,900,900.0
2661,ID00000,6.0,52,6887.0,6893.0
2662,ID00001,5.0,52,6858.0,6863.0
2663,ID00002,3417.0,52,2467.0,5884.0
2664,ID00003,542.0,52,5908.0,6450.0
2665,ID00004,27.0,52,6453.0,6480.0
2666,ID00005,627.0,52,5908.0,6535.0
2667,ID00006,22.0,52,6538.0,6560.0
2668,ID00007,382.0,52,5908.0,6290.0
2669,ID00008,20.0,52,6293.0,6313.0
2670,ID00009,449.0,52,5908.0,6357.0
2671,ID00010,27.0,52,6360.0,6387.0
2672,ID00011,453.0,52,5908.0,6361.0
2673,ID00012,27.0,52,6364.0,6391.0
2674,ID00013,757.0,52,5908.0,6665.0
2675,ID00014,28.0,52,6668.0,6696.0
2676,ID00015,598.0,52,5908.0,6506.0
2677,ID00016,12.0,52,6509.0,6521.0
2678,ID00017,445.0,52,5908.0,6353.0
2679,ID00018,10.0,52,6356.0,6366.0
2680,ID00019,947.0,52,5908.0,6855.0
2681,ID00020,26.0,52,6858.0,6884.0
2682,ID00021,688.0,52,5908.0,6596.0
2683,ID00022,25.0,52,6599.0,6624.0
2684,ID00023,2589.0,52,2475.0,5064.0
2685,ID00024,1086.0,52,5080.0,6166.0
2686,ID00025,15.0,52,6169.0,6184.0
2687,ID00026,669.0,52,5080.0,5749.0
2688,ID00027,21.0,52,5752.0,5773.0
2689,ID00028,784.0,52,5080.0,5864.0
2690,ID00029,21.0,52,5867.0,5888.0
2691,ID00030,937.0,52,5080.0,6017.0
2692,ID00031,11.0,52,6020.0,6031.0
2693,ID00032,541.0,52,5080.0,5621.0
2694,ID00033,22.0,52,5624.0,5646.0
2695,ID00034,518.0,52,5080.0,5598.0
2696,ID00035,20.0,52,5601.0,5621.0
2697,ID00036,1103.0,52,5080.0,6183.0
2698,ID00037,19.0,52,6186.0,6205.0
2699,ID00038,969.0,52,5080.0,6049.0
2700,ID00039,19.0,52,6052.0,6071.0
2701,ID00040,490.0,52,5080.0,5570.0
2702,ID00041,27.0,52,5573.0,5600.0
2703,ID00042,984.0,52,5080.0,6064.0
2704,ID00043,19.0,52,6067.0,6086.0
2705,ID00044,446.0,52,5080.0,5526.0
2706,ID00045,23.0,52,5529.0,5552.0
2707,ID00046,441.0,52,5080.0,5521.0
2708,ID00047,10.0,52,5524.0,5534.0
2709,ID00048,602.0,52,5080.0,5682.0
2710,ID00049,12.0,52,5685.0,5697.0
2711,finish,0.0,52,6894.0,6894.0
2712,entry,0.0,53,900,900.0
2713,ID00000,3.0,53,908.0,911.0
2714,ID00001,3.0,53,904.0,907.0
2715,ID00002,3.0,53,904.0,907.0
2716,ID00003,3.0,53,904.0,907.0
2717,ID00004,3.0,53,904.0,907.0
2718,ID00005,3.0,53,904.0,907.0
2719,ID00006,3.0,53,904.0,907.0
2720,ID00007,3.0,53,904.0,907.0
2721,ID00008,3.0,53,904.0,907.0
2722,ID00009,3.0,53,904.0,907.0
2723,ID00010,3.0,53,904.0,907.0
2724,ID00011,3.0,53,904.0,907.0
2725,ID00012,3.0,53,904.0,907.0
2726,ID00013,497.0,53,902.0,1399.0
2727,ID00014,10.0,53,902.0,912.0
2728,ID00015,20.0,53,903.0,923.0
2729,ID00016,468.0,53,1804.0,2272.0
2730,ID00017,134.0,53,2275.0,2409.0
2731,ID00018,3.0,53,2423.0,2426.0
2732,ID00019,3.0,53,2423.0,2426.0
2733,ID00020,329.0,53,2423.0,2752.0
2734,ID00021,9.0,53,2427.0,2436.0
2735,ID00022,3.0,53,2423.0,2426.0
2736,ID00023,3.0,53,2760.0,2763.0
2737,ID00025,3.0,53,908.0,911.0
2738,ID00026,3.0,53,904.0,907.0
2739,ID00027,3.0,53,904.0,907.0
2740,ID00028,3.0,53,904.0,907.0
2741,ID00029,3.0,53,904.0,907.0
2742,ID00030,3.0,53,904.0,907.0
2743,ID00031,3.0,53,904.0,907.0
2744,ID00032,3.0,53,904.0,907.0
2745,ID00033,3.0,53,904.0,907.0
2746,ID00034,3.0,53,904.0,907.0
2747,ID00035,3.0,53,904.0,907.0
2748,ID00036,3.0,53,904.0,907.0
2749,ID00037,3.0,53,904.0,907.0
2750,ID00038,277.0,53,902.0,1179.0
2751,ID00039,10.0,53,902.0,912.0
2752,ID00040,9.0,53,903.0,912.0
2753,ID00041,626.0,53,1808.0,2434.0
2754,ID00042,46.0,53,2437.0,2483.0
2755,ID00043,3.0,53,2497.0,2500.0
2756,ID00044,3.0,53,2497.0,2500.0
2757,ID00045,319.0,53,2497.0,2816.0
2758,ID00046,9.0,53,2501.0,2510.0
2759,ID00047,3.0,53,2497.0,2500.0
2760,ID00048,3.0,53,2824.0,2827.0
2761,finish,0.0,53,2835.0,2835.0
2762,entry,0.0,54,900,900.0
2763,ID00000,3.0,54,974.0,977.0
2764,ID00001,3.0,54,927.0,930.0
2765,ID00002,3.0,54,1053.0,1056.0
2766,ID00003,3.0,54,1053.0,1056.0
2767,ID00004,3.0,54,1053.0,1056.0
2768,ID00005,3.0,54,1053.0,1056.0
2769,ID00006,3.0,54,1053.0,1056.0
2770,ID00007,3.0,54,960.0,963.0
2771,ID00008,3.0,54,960.0,963.0
2772,ID00009,3.0,54,960.0,963.0
2773,ID00010,3.0,54,960.0,963.0
2774,ID00011,3.0,54,960.0,963.0
2775,ID00012,3.0,54,1072.0,1075.0
2776,ID00013,3.0,54,1070.0,1073.0
2777,ID00014,3.0,54,1072.0,1075.0
2778,ID00015,3.0,54,1072.0,1075.0
2779,ID00016,3.0,54,1072.0,1075.0
2780,ID00017,3.0,54,969.0,972.0
2781,ID00018,3.0,54,969.0,972.0
2782,ID00019,3.0,54,969.0,972.0
2783,ID00020,3.0,54,969.0,972.0
2784,ID00021,3.0,54,969.0,972.0
2785,ID00022,3.0,54,1081.0,1084.0
2786,ID00023,3.0,54,1078.0,1081.0
2787,ID00024,3.0,54,1080.0,1083.0
2788,ID00025,3.0,54,1085.0,1088.0
2789,ID00026,3.0,54,1081.0,1084.0
2790,ID00027,3.0,54,974.0,977.0
2791,ID00028,3.0,54,974.0,977.0
2792,ID00029,3.0,54,974.0,977.0
2793,ID00030,3.0,54,974.0,977.0
2794,ID00031,3.0,54,975.0,978.0
2795,ID00032,172.0,54,1086.0,1258.0
2796,ID00033,230.0,54,1083.0,1313.0
2797,ID00034,125.0,54,1085.0,1210.0
2798,ID00035,175.0,54,1091.0,1266.0
2799,ID00036,163.0,54,1086.0,1249.0
2800,ID00037,178.0,54,978.0,1156.0
2801,ID00038,217.0,54,978.0,1195.0
2802,ID00039,175.0,54,978.0,1153.0
2803,ID00040,181.0,54,978.0,1159.0
2804,ID00041,158.0,54,979.0,1137.0
2805,ID00042,3.0,54,1315.0,1318.0
2806,ID00043,3.0,54,1196.0,1199.0
2807,ID00044,3.0,54,1326.0,1329.0
2808,ID00045,3.0,54,1340.0,1343.0
2809,ID00046,62.0,54,1344.0,1406.0
2810,finish,0.0,54,1407.0,1407.0
2811,entry,0.0,55,900,900.0
2812,ID00000,6.0,55,6887.0,6893.0
2813,ID00001,5.0,55,6858.0,6863.0
2814,ID00002,3417.0,55,2467.0,5884.0
2815,ID00003,542.0,55,5908.0,6450.0
2816,ID00004,27.0,55,6453.0,6480.0
2817,ID00005,627.0,55,5908.0,6535.0
2818,ID00006,22.0,55,6538.0,6560.0
2819,ID00007,382.0,55,5908.0,6290.0
2820,ID00008,20.0,55,6293.0,6313.0
2821,ID00009,449.0,55,5908.0,6357.0
2822,ID00010,27.0,55,6360.0,6387.0
2823,ID00011,453.0,55,5908.0,6361.0
2824,ID00012,27.0,55,6364.0,6391.0
2825,ID00013,757.0,55,5908.0,6665.0
2826,ID00014,28.0,55,6668.0,6696.0
2827,ID00015,598.0,55,5908.0,6506.0
2828,ID00016,12.0,55,6509.0,6521.0
2829,ID00017,445.0,55,5908.0,6353.0
2830,ID00018,10.0,55,6356.0,6366.0
2831,ID00019,947.0,55,5908.0,6855.0
2832,ID00020,26.0,55,6858.0,6884.0
2833,ID00021,688.0,55,5908.0,6596.0
2834,ID00022,25.0,55,6599.0,6624.0
2835,ID00023,2589.0,55,2475.0,5064.0
2836,ID00024,1086.0,55,5080.0,6166.0
2837,ID00025,15.0,55,6169.0,6184.0
2838,ID00026,669.0,55,5080.0,5749.0
2839,ID00027,21.0,55,5752.0,5773.0
2840,ID00028,784.0,55,5080.0,5864.0
2841,ID00029,21.0,55,5867.0,5888.0
2842,ID00030,937.0,55,5080.0,6017.0
2843,ID00031,11.0,55,6020.0,6031.0
2844,ID00032,541.0,55,5080.0,5621.0
2845,ID00033,22.0,55,5624.0,5646.0
2846,ID00034,518.0,55,5080.0,5598.0
2847,ID00035,20.0,55,5601.0,5621.0
2848,ID00036,1103.0,55,5080.0,6183.0
2849,ID00037,19.0,55,6186.0,6205.0
2850,ID00038,969.0,55,5080.0,6049.0
2851,ID00039,19.0,55,6052.0,6071.0
2852,ID00040,490.0,55,5080.0,5570.0
2853,ID00041,27.0,55,5573.0,5600.0
2854,ID00042,984.0,55,5080.0,6064.0
2855,ID00043,19.0,55,6067.0,6086.0
2856,ID00044,446.0,55,5080.0,5526.0
2857,ID00045,23.0,55,5529.0,5552.0
2858,ID00046,441.0,55,5080.0,5521.0
2859,ID00047,10.0,55,5524.0,5534.0
2860,ID00048,602.0,55,5080.0,5682.0
2861,ID00049,12.0,55,5685.0,5697.0
2862,finish,0.0,55,6894.0,6894.0
2863,entry,0.0,56,900,900.0
2864,ID00000,57.0,56,1186.0,1243.0
2865,ID00001,56.0,56,1186.0,1242.0
2866,ID00002,54.0,56,1186.0,1240.0
2867,ID00003,54.0,56,1186.0,1240.0
2868,ID00004,56.0,56,1185.0,1241.0
2869,ID00005,55.0,56,1186.0,1241.0
2870,ID00006,55.0,56,1186.0,1241.0
2871,ID00007,55.0,56,1186.0,1241.0
2872,ID00008,55.0,56,1186.0,1241.0
2873,ID00009,55.0,56,1186.0,1241.0
2874,ID00010,54.0,56,1186.0,1240.0
2875,ID00011,54.0,56,1186.0,1240.0
2876,ID00012,1768.0,56,1250.0,3018.0
2877,ID00013,1486.0,56,1250.0,2736.0
2878,ID00014,1667.0,56,1248.0,2915.0
2879,ID00015,1360.0,56,1247.0,2607.0
2880,ID00016,1286.0,56,1248.0,2534.0
2881,ID00017,1598.0,56,1248.0,2846.0
2882,ID00018,880.0,56,1248.0,2128.0
2883,ID00019,1746.0,56,1248.0,2994.0
2884,ID00020,988.0,56,1248.0,2236.0
2885,ID00021,1553.0,56,1248.0,2801.0
2886,ID00022,2027.0,56,1248.0,3275.0
2887,ID00023,1807.0,56,1247.0,3054.0
2888,ID00024,17.0,56,3278.0,3295.0
2889,ID00025,15.0,56,3298.0,3313.0
2890,ID00026,15.0,56,3298.0,3313.0
2891,ID00027,16.0,56,3298.0,3314.0
2892,ID00028,14.0,56,3298.0,3312.0
2893,ID00029,18.0,56,3298.0,3316.0
2894,ID00030,17.0,56,3298.0,3315.0
2895,ID00031,17.0,56,3298.0,3315.0
2896,ID00032,16.0,56,3298.0,3314.0
2897,ID00033,16.0,56,3298.0,3314.0
2898,ID00034,17.0,56,3298.0,3315.0
2899,ID00035,15.0,56,3298.0,3313.0
2900,ID00036,13.0,56,3298.0,3311.0
2901,ID00037,1607.0,56,3316.0,4923.0
2902,ID00038,1213.0,56,3316.0,4529.0
2903,ID00039,1186.0,56,3317.0,4503.0
2904,ID00040,1749.0,56,3315.0,5064.0
2905,ID00041,1473.0,56,3319.0,4792.0
2906,ID00042,1670.0,56,3318.0,4988.0
2907,ID00043,1139.0,56,3318.0,4457.0
2908,ID00044,1855.0,56,3317.0,5172.0
2909,ID00045,2015.0,56,3317.0,5332.0
2910,ID00046,2007.0,56,3318.0,5325.0
2911,ID00047,1767.0,56,3316.0,5083.0
2912,ID00048,911.0,56,3314.0,4225.0
2913,ID00049,16.0,56,5335.0,5351.0
2914,finish,0.0,56,5352.0,5352.0
2915,entry,0.0,57,900,900.0
2916,ID00000,3.0,57,908.0,911.0
2917,ID00001,3.0,57,904.0,907.0
2918,ID00002,3.0,57,904.0,907.0
2919,ID00003,3.0,57,904.0,907.0
2920,ID00004,3.0,57,904.0,907.0
2921,ID00005,3.0,57,904.0,907.0
2922,ID00006,3.0,57,904.0,907.0
2923,ID00007,3.0,57,904.0,907.0
2924,ID00008,3.0,57,904.0,907.0
2925,ID00009,3.0,57,904.0,907.0
2926,ID00010,3.0,57,904.0,907.0
2927,ID00011,3.0,57,904.0,907.0
2928,ID00012,3.0,57,904.0,907.0
2929,ID00013,497.0,57,902.0,1399.0
2930,ID00014,10.0,57,902.0,912.0
2931,ID00015,20.0,57,903.0,923.0
2932,ID00016,468.0,57,1804.0,2272.0
2933,ID00017,134.0,57,2275.0,2409.0
2934,ID00018,3.0,57,2423.0,2426.0
2935,ID00019,3.0,57,2423.0,2426.0
2936,ID00020,329.0,57,2423.0,2752.0
2937,ID00021,9.0,57,2427.0,2436.0
2938,ID00022,3.0,57,2423.0,2426.0
2939,ID00023,3.0,57,2760.0,2763.0
2940,ID00025,3.0,57,908.0,911.0
2941,ID00026,3.0,57,904.0,907.0
2942,ID00027,3.0,57,904.0,907.0
2943,ID00028,3.0,57,904.0,907.0
2944,ID00029,3.0,57,904.0,907.0
2945,ID00030,3.0,57,904.0,907.0
2946,ID00031,3.0,57,904.0,907.0
2947,ID00032,3.0,57,904.0,907.0
2948,ID00033,3.0,57,904.0,907.0
2949,ID00034,3.0,57,904.0,907.0
2950,ID00035,3.0,57,904.0,907.0
2951,ID00036,3.0,57,904.0,907.0
2952,ID00037,3.0,57,904.0,907.0
2953,ID00038,277.0,57,902.0,1179.0
2954,ID00039,10.0,57,902.0,912.0
2955,ID00040,9.0,57,903.0,912.0
2956,ID00041,626.0,57,1808.0,2434.0
2957,ID00042,46.0,57,2437.0,2483.0
2958,ID00043,3.0,57,2497.0,2500.0
2959,ID00044,3.0,57,2497.0,2500.0
2960,ID00045,319.0,57,2497.0,2816.0
2961,ID00046,9.0,57,2501.0,2510.0
2962,ID00047,3.0,57,2497.0,2500.0
2963,ID00048,3.0,57,2824.0,2827.0
2964,finish,0.0,57,2835.0,2835.0
2965,entry,0.0,58,900,900.0
2966,ID00000,3.0,58,974.0,977.0
2967,ID00001,3.0,58,927.0,930.0
2968,ID00002,3.0,58,1053.0,1056.0
2969,ID00003,3.0,58,1053.0,1056.0
2970,ID00004,3.0,58,1053.0,1056.0
2971,ID00005,3.0,58,1053.0,1056.0
2972,ID00006,3.0,58,1053.0,1056.0
2973,ID00007,3.0,58,960.0,963.0
2974,ID00008,3.0,58,960.0,963.0
2975,ID00009,3.0,58,960.0,963.0
2976,ID00010,3.0,58,960.0,963.0
2977,ID00011,3.0,58,960.0,963.0
2978,ID00012,3.0,58,1072.0,1075.0
2979,ID00013,3.0,58,1070.0,1073.0
2980,ID00014,3.0,58,1072.0,1075.0
2981,ID00015,3.0,58,1072.0,1075.0
2982,ID00016,3.0,58,1072.0,1075.0
2983,ID00017,3.0,58,969.0,972.0
2984,ID00018,3.0,58,969.0,972.0
2985,ID00019,3.0,58,969.0,972.0
2986,ID00020,3.0,58,969.0,972.0
2987,ID00021,3.0,58,969.0,972.0
2988,ID00022,3.0,58,1081.0,1084.0
2989,ID00023,3.0,58,1078.0,1081.0
2990,ID00024,3.0,58,1080.0,1083.0
2991,ID00025,3.0,58,1085.0,1088.0
2992,ID00026,3.0,58,1081.0,1084.0
2993,ID00027,3.0,58,974.0,977.0
2994,ID00028,3.0,58,974.0,977.0
2995,ID00029,3.0,58,974.0,977.0
2996,ID00030,3.0,58,974.0,977.0
2997,ID00031,3.0,58,975.0,978.0
2998,ID00032,172.0,58,1086.0,1258.0
2999,ID00033,230.0,58,1083.0,1313.0
3000,ID00034,125.0,58,1085.0,1210.0
3001,ID00035,175.0,58,1091.0,1266.0
3002,ID00036,163.0,58,1086.0,1249.0
3003,ID00037,178.0,58,978.0,1156.0
3004,ID00038,217.0,58,978.0,1195.0
3005,ID00039,175.0,58,978.0,1153.0
3006,ID00040,181.0,58,978.0,1159.0
3007,ID00041,158.0,58,979.0,1137.0
3008,ID00042,3.0,58,1315.0,1318.0
3009,ID00043,3.0,58,1196.0,1199.0
3010,ID00044,3.0,58,1326.0,1329.0
3011,ID00045,3.0,58,1340.0,1343.0
3012,ID00046,62.0,58,1344.0,1406.0
3013,finish,0.0,58,1407.0,1407.0
3014,entry,0.0,59,900,900.0
3015,ID00000,165.0,59,923.0,1088.0
3016,ID00001,165.0,59,923.0,1088.0
3017,ID00002,166.0,59,923.0,1089.0
3018,ID00003,166.0,59,923.0,1089.0
3019,ID00004,163.0,59,923.0,1086.0
3020,ID00005,166.0,59,923.0,1089.0
3021,ID00006,164.0,59,923.0,1087.0
3022,ID00007,166.0,59,923.0,1089.0
3023,ID00008,129.0,59,1130.0,1259.0
3024,ID00009,128.0,59,1131.0,1259.0
3025,ID00010,126.0,59,1130.0,1256.0
3026,ID00011,128.0,59,1131.0,1259.0
3027,ID00012,129.0,59,1130.0,1259.0
3028,ID00013,126.0,59,1131.0,1257.0
3029,ID00014,128.0,59,1131.0,1259.0
3030,ID00015,128.0,59,1131.0,1259.0
3031,ID00016,127.0,59,1131.0,1258.0
3032,ID00017,125.0,59,1131.0,1256.0
3033,ID00018,129.0,59,1131.0,1260.0
3034,ID00019,127.0,59,1131.0,1258.0
3035,ID00020,126.0,59,1131.0,1257.0
3036,ID00021,129.0,59,1131.0,1260.0
3037,ID00022,127.0,59,1131.0,1258.0
3038,ID00023,129.0,59,1131.0,1260.0
3039,ID00024,126.0,59,1128.0,1254.0
3040,ID00025,127.0,59,1131.0,1258.0
3041,ID00026,130.0,59,1131.0,1261.0
3042,ID00027,126.0,59,1131.0,1257.0
3043,ID00028,128.0,59,1131.0,1259.0
3044,ID00029,128.0,59,1130.0,1258.0
3045,ID00030,128.0,59,1131.0,1259.0
3046,ID00031,128.0,59,1131.0,1259.0
3047,ID00032,127.0,59,1131.0,1258.0
3048,ID00033,127.0,59,1131.0,1258.0
3049,ID00034,127.0,59,1131.0,1258.0
3050,ID00035,127.0,59,1131.0,1258.0
3051,ID00036,27.0,59,1267.0,1294.0
3052,ID00037,64.0,59,1297.0,1361.0
3053,ID00038,131.0,59,1364.0,1495.0
3054,ID00039,129.0,59,1364.0,1493.0
3055,ID00040,131.0,59,1364.0,1495.0
3056,ID00041,128.0,59,1364.0,1492.0
3057,ID00042,126.0,59,1364.0,1490.0
3058,ID00043,128.0,59,1364.0,1492.0
3059,ID00044,129.0,59,1364.0,1493.0
3060,ID00045,129.0,59,1364.0,1493.0
3061,ID00046,30.0,59,1537.0,1567.0
3062,ID00047,59.0,59,1570.0,1629.0
3063,ID00048,59.0,59,2281.0,2340.0
3064,ID00049,6.0,59,2354.0,2360.0
3065,finish,0.0,59,2362.0,2362.0
3066,entry,0.0,60,900,900.0
3067,ID00000,165.0,60,923.0,1088.0
3068,ID00001,165.0,60,923.0,1088.0
3069,ID00002,166.0,60,923.0,1089.0
3070,ID00003,166.0,60,923.0,1089.0
3071,ID00004,163.0,60,923.0,1086.0
3072,ID00005,166.0,60,923.0,1089.0
3073,ID00006,164.0,60,923.0,1087.0
3074,ID00007,166.0,60,923.0,1089.0
3075,ID00008,129.0,60,1130.0,1259.0
3076,ID00009,128.0,60,1131.0,1259.0
3077,ID00010,126.0,60,1130.0,1256.0
3078,ID00011,128.0,60,1131.0,1259.0
3079,ID00012,129.0,60,1130.0,1259.0
3080,ID00013,126.0,60,1131.0,1257.0
3081,ID00014,128.0,60,1131.0,1259.0
3082,ID00015,128.0,60,1131.0,1259.0
3083,ID00016,127.0,60,1131.0,1258.0
3084,ID00017,125.0,60,1131.0,1256.0
3085,ID00018,129.0,60,1131.0,1260.0
3086,ID00019,127.0,60,1131.0,1258.0
3087,ID00020,126.0,60,1131.0,1257.0
3088,ID00021,129.0,60,1131.0,1260.0
3089,ID00022,127.0,60,1131.0,1258.0
3090,ID00023,129.0,60,1131.0,1260.0
3091,ID00024,126.0,60,1128.0,1254.0
3092,ID00025,127.0,60,1131.0,1258.0
3093,ID00026,130.0,60,1131.0,1261.0
3094,ID00027,126.0,60,1131.0,1257.0
3095,ID00028,128.0,60,1131.0,1259.0
3096,ID00029,128.0,60,1130.0,1258.0
3097,ID00030,128.0,60,1131.0,1259.0
3098,ID00031,128.0,60,1131.0,1259.0
3099,ID00032,127.0,60,1131.0,1258.0
3100,ID00033,127.0,60,1131.0,1258.0
3101,ID00034,127.0,60,1131.0,1258.0
3102,ID00035,127.0,60,1131.0,1258.0
3103,ID00036,27.0,60,1267.0,1294.0
3104,ID00037,64.0,60,1297.0,1361.0
3105,ID00038,131.0,60,1364.0,1495.0
3106,ID00039,129.0,60,1364.0,1493.0
3107,ID00040,131.0,60,1364.0,1495.0
3108,ID00041,128.0,60,1364.0,1492.0
3109,ID00042,126.0,60,1364.0,1490.0
3110,ID00043,128.0,60,1364.0,1492.0
3111,ID00044,129.0,60,1364.0,1493.0
3112,ID00045,129.0,60,1364.0,1493.0
3113,ID00046,30.0,60,1537.0,1567.0
3114,ID00047,59.0,60,1570.0,1629.0
3115,ID00048,59.0,60,2281.0,2340.0
3116,ID00049,6.0,60,2354.0,2360.0
3117,finish,0.0,60,2362.0,2362.0
3118,entry,0.0,61,900,900.0
3119,ID00000,6.0,61,6887.0,6893.0
3120,ID00001,5.0,61,6858.0,6863.0
3121,ID00002,3417.0,61,2467.0,5884.0
3122,ID00003,542.0,61,5908.0,6450.0
3123,ID00004,27.0,61,6453.0,6480.0
3124,ID00005,627.0,61,5908.0,6535.0
3125,ID00006,22.0,61,6538.0,6560.0
3126,ID00007,382.0,61,5908.0,6290.0
3127,ID00008,20.0,61,6293.0,6313.0
3128,ID00009,449.0,61,5908.0,6357.0
3129,ID00010,27.0,61,6360.0,6387.0
3130,ID00011,453.0,61,5908.0,6361.0
3131,ID00012,27.0,61,6364.0,6391.0
3132,ID00013,757.0,61,5908.0,6665.0
3133,ID00014,28.0,61,6668.0,6696.0
3134,ID00015,598.0,61,5908.0,6506.0
3135,ID00016,12.0,61,6509.0,6521.0
3136,ID00017,445.0,61,5908.0,6353.0
3137,ID00018,10.0,61,6356.0,6366.0
3138,ID00019,947.0,61,5908.0,6855.0
3139,ID00020,26.0,61,6858.0,6884.0
3140,ID00021,688.0,61,5908.0,6596.0
3141,ID00022,25.0,61,6599.0,6624.0
3142,ID00023,2589.0,61,2475.0,5064.0
3143,ID00024,1086.0,61,5080.0,6166.0
3144,ID00025,15.0,61,6169.0,6184.0
3145,ID00026,669.0,61,5080.0,5749.0
3146,ID00027,21.0,61,5752.0,5773.0
3147,ID00028,784.0,61,5080.0,5864.0
3148,ID00029,21.0,61,5867.0,5888.0
3149,ID00030,937.0,61,5080.0,6017.0
3150,ID00031,11.0,61,6020.0,6031.0
3151,ID00032,541.0,61,5080.0,5621.0
3152,ID00033,22.0,61,5624.0,5646.0
3153,ID00034,518.0,61,5080.0,5598.0
3154,ID00035,20.0,61,5601.0,5621.0
3155,ID00036,1103.0,61,5080.0,6183.0
3156,ID00037,19.0,61,6186.0,6205.0
3157,ID00038,969.0,61,5080.0,6049.0
3158,ID00039,19.0,61,6052.0,6071.0
3159,ID00040,490.0,61,5080.0,5570.0
3160,ID00041,27.0,61,5573.0,5600.0
3161,ID00042,984.0,61,5080.0,6064.0
3162,ID00043,19.0,61,6067.0,6086.0
3163,ID00044,446.0,61,5080.0,5526.0
3164,ID00045,23.0,61,5529.0,5552.0
3165,ID00046,441.0,61,5080.0,5521.0
3166,ID00047,10.0,61,5524.0,5534.0
3167,ID00048,602.0,61,5080.0,5682.0
3168,ID00049,12.0,61,5685.0,5697.0
3169,finish,0.0,61,6894.0,6894.0
3170,entry,0.0,62,900,900.0
3171,ID00000,57.0,62,1186.0,1243.0
3172,ID00001,56.0,62,1186.0,1242.0
3173,ID00002,54.0,62,1186.0,1240.0
3174,ID00003,54.0,62,1186.0,1240.0
3175,ID00004,56.0,62,1185.0,1241.0
3176,ID00005,55.0,62,1186.0,1241.0
3177,ID00006,55.0,62,1186.0,1241.0
3178,ID00007,55.0,62,1186.0,1241.0
3179,ID00008,55.0,62,1186.0,1241.0
3180,ID00009,55.0,62,1186.0,1241.0
3181,ID00010,54.0,62,1186.0,1240.0
3182,ID00011,54.0,62,1186.0,1240.0
3183,ID00012,1768.0,62,1250.0,3018.0
3184,ID00013,1486.0,62,1250.0,2736.0
3185,ID00014,1667.0,62,1248.0,2915.0
3186,ID00015,1360.0,62,1247.0,2607.0
3187,ID00016,1286.0,62,1248.0,2534.0
3188,ID00017,1598.0,62,1248.0,2846.0
3189,ID00018,880.0,62,1248.0,2128.0
3190,ID00019,1746.0,62,1248.0,2994.0
3191,ID00020,988.0,62,1248.0,2236.0
3192,ID00021,1553.0,62,1248.0,2801.0
3193,ID00022,2027.0,62,1248.0,3275.0
3194,ID00023,1807.0,62,1247.0,3054.0
3195,ID00024,17.0,62,3278.0,3295.0
3196,ID00025,15.0,62,3298.0,3313.0
3197,ID00026,15.0,62,3298.0,3313.0
3198,ID00027,16.0,62,3298.0,3314.0
3199,ID00028,14.0,62,3298.0,3312.0
3200,ID00029,18.0,62,3298.0,3316.0
3201,ID00030,17.0,62,3298.0,3315.0
3202,ID00031,17.0,62,3298.0,3315.0
3203,ID00032,16.0,62,3298.0,3314.0
3204,ID00033,16.0,62,3298.0,3314.0
3205,ID00034,17.0,62,3298.0,3315.0
3206,ID00035,15.0,62,3298.0,3313.0
3207,ID00036,13.0,62,3298.0,3311.0
3208,ID00037,1607.0,62,3316.0,4923.0
3209,ID00038,1213.0,62,3316.0,4529.0
3210,ID00039,1186.0,62,3317.0,4503.0
3211,ID00040,1749.0,62,3315.0,5064.0
3212,ID00041,1473.0,62,3319.0,4792.0
3213,ID00042,1670.0,62,3318.0,4988.0
3214,ID00043,1139.0,62,3318.0,4457.0
3215,ID00044,1855.0,62,3317.0,5172.0
3216,ID00045,2015.0,62,3317.0,5332.0
3217,ID00046,2007.0,62,3318.0,5325.0
3218,ID00047,1767.0,62,3316.0,5083.0
3219,ID00048,911.0,62,3314.0,4225.0
3220,ID00049,16.0,62,5335.0,5351.0
3221,finish,0.0,62,5352.0,5352.0
3222,entry,0.0,63,900,900.0
3223,ID00000,57.0,63,1186.0,1243.0
3224,ID00001,56.0,63,1186.0,1242.0
3225,ID00002,54.0,63,1186.0,1240.0
3226,ID00003,54.0,63,1186.0,1240.0
3227,ID00004,56.0,63,1185.0,1241.0
3228,ID00005,55.0,63,1186.0,1241.0
3229,ID00006,55.0,63,1186.0,1241.0
3230,ID00007,55.0,63,1186.0,1241.0
3231,ID00008,55.0,63,1186.0,1241.0
3232,ID00009,55.0,63,1186.0,1241.0
3233,ID00010,54.0,63,1186.0,1240.0
3234,ID00011,54.0,63,1186.0,1240.0
3235,ID00012,1768.0,63,1250.0,3018.0
3236,ID00013,1486.0,63,1250.0,2736.0
3237,ID00014,1667.0,63,1248.0,2915.0
3238,ID00015,1360.0,63,1247.0,2607.0
3239,ID00016,1286.0,63,1248.0,2534.0
3240,ID00017,1598.0,63,1248.0,2846.0
3241,ID00018,880.0,63,1248.0,2128.0
3242,ID00019,1746.0,63,1248.0,2994.0
3243,ID00020,988.0,63,1248.0,2236.0
3244,ID00021,1553.0,63,1248.0,2801.0
3245,ID00022,2027.0,63,1248.0,3275.0
3246,ID00023,1807.0,63,1247.0,3054.0
3247,ID00024,17.0,63,3278.0,3295.0
3248,ID00025,15.0,63,3298.0,3313.0
3249,ID00026,15.0,63,3298.0,3313.0
3250,ID00027,16.0,63,3298.0,3314.0
3251,ID00028,14.0,63,3298.0,3312.0
3252,ID00029,18.0,63,3298.0,3316.0
3253,ID00030,17.0,63,3298.0,3315.0
3254,ID00031,17.0,63,3298.0,3315.0
3255,ID00032,16.0,63,3298.0,3314.0
3256,ID00033,16.0,63,3298.0,3314.0
3257,ID00034,17.0,63,3298.0,3315.0
3258,ID00035,15.0,63,3298.0,3313.0
3259,ID00036,13.0,63,3298.0,3311.0
3260,ID00037,1607.0,63,3316.0,4923.0
3261,ID00038,1213.0,63,3316.0,4529.0
3262,ID00039,1186.0,63,3317.0,4503.0
3263,ID00040,1749.0,63,3315.0,5064.0
3264,ID00041,1473.0,63,3319.0,4792.0
3265,ID00042,1670.0,63,3318.0,4988.0
3266,ID00043,1139.0,63,3318.0,4457.0
3267,ID00044,1855.0,63,3317.0,5172.0
3268,ID00045,2015.0,63,3317.0,5332.0
3269,ID00046,2007.0,63,3318.0,5325.0
3270,ID00047,1767.0,63,3316.0,5083.0
3271,ID00048,911.0,63,3314.0,4225.0
3272,ID00049,16.0,63,5335.0,5351.0
3273,finish,0.0,63,5352.0,5352.0
3274,entry,0.0,64,900,900.0
3275,ID00000,57.0,64,1186.0,1243.0
3276,ID00001,56.0,64,1186.0,1242.0
3277,ID00002,54.0,64,1186.0,1240.0
3278,ID00003,54.0,64,1186.0,1240.0
3279,ID00004,56.0,64,1185.0,1241.0
3280,ID00005,55.0,64,1186.0,1241.0
3281,ID00006,55.0,64,1186.0,1241.0
3282,ID00007,55.0,64,1186.0,1241.0
3283,ID00008,55.0,64,1186.0,1241.0
3284,ID00009,55.0,64,1186.0,1241.0
3285,ID00010,54.0,64,1186.0,1240.0
3286,ID00011,54.0,64,1186.0,1240.0
3287,ID00012,1768.0,64,1250.0,3018.0
3288,ID00013,1486.0,64,1250.0,2736.0
3289,ID00014,1667.0,64,1248.0,2915.0
3290,ID00015,1360.0,64,1247.0,2607.0
3291,ID00016,1286.0,64,1248.0,2534.0
3292,ID00017,1598.0,64,1248.0,2846.0
3293,ID00018,880.0,64,1248.0,2128.0
3294,ID00019,1746.0,64,1248.0,2994.0
3295,ID00020,988.0,64,1248.0,2236.0
3296,ID00021,1553.0,64,1248.0,2801.0
3297,ID00022,2027.0,64,1248.0,3275.0
3298,ID00023,1807.0,64,1247.0,3054.0
3299,ID00024,17.0,64,3278.0,3295.0
3300,ID00025,15.0,64,3298.0,3313.0
3301,ID00026,15.0,64,3298.0,3313.0
3302,ID00027,16.0,64,3298.0,3314.0
3303,ID00028,14.0,64,3298.0,3312.0
3304,ID00029,18.0,64,3298.0,3316.0
3305,ID00030,17.0,64,3298.0,3315.0
3306,ID00031,17.0,64,3298.0,3315.0
3307,ID00032,16.0,64,3298.0,3314.0
3308,ID00033,16.0,64,3298.0,3314.0
3309,ID00034,17.0,64,3298.0,3315.0
3310,ID00035,15.0,64,3298.0,3313.0
3311,ID00036,13.0,64,3298.0,3311.0
3312,ID00037,1607.0,64,3316.0,4923.0
3313,ID00038,1213.0,64,3316.0,4529.0
3314,ID00039,1186.0,64,3317.0,4503.0
3315,ID00040,1749.0,64,3315.0,5064.0
3316,ID00041,1473.0,64,3319.0,4792.0
3317,ID00042,1670.0,64,3318.0,4988.0
3318,ID00043,1139.0,64,3318.0,4457.0
3319,ID00044,1855.0,64,3317.0,5172.0
3320,ID00045,2015.0,64,3317.0,5332.0
3321,ID00046,2007.0,64,3318.0,5325.0
3322,ID00047,1767.0,64,3316.0,5083.0
3323,ID00048,911.0,64,3314.0,4225.0
3324,ID00049,16.0,64,5335.0,5351.0
3325,finish,0.0,64,5352.0,5352.0
3326,entry,0.0,65,900,900.0
3327,ID00000,3.0,65,974.0,977.0
3328,ID00001,3.0,65,927.0,930.0
3329,ID00002,3.0,65,1053.0,1056.0
3330,ID00003,3.0,65,1053.0,1056.0
3331,ID00004,3.0,65,1053.0,1056.0
3332,ID00005,3.0,65,1053.0,1056.0
3333,ID00006,3.0,65,1053.0,1056.0
3334,ID00007,3.0,65,960.0,963.0
3335,ID00008,3.0,65,960.0,963.0
3336,ID00009,3.0,65,960.0,963.0
3337,ID00010,3.0,65,960.0,963.0
3338,ID00011,3.0,65,960.0,963.0
3339,ID00012,3.0,65,1072.0,1075.0
3340,ID00013,3.0,65,1070.0,1073.0
3341,ID00014,3.0,65,1072.0,1075.0
3342,ID00015,3.0,65,1072.0,1075.0
3343,ID00016,3.0,65,1072.0,1075.0
3344,ID00017,3.0,65,969.0,972.0
3345,ID00018,3.0,65,969.0,972.0
3346,ID00019,3.0,65,969.0,972.0
3347,ID00020,3.0,65,969.0,972.0
3348,ID00021,3.0,65,969.0,972.0
3349,ID00022,3.0,65,1081.0,1084.0
3350,ID00023,3.0,65,1078.0,1081.0
3351,ID00024,3.0,65,1080.0,1083.0
3352,ID00025,3.0,65,1085.0,1088.0
3353,ID00026,3.0,65,1081.0,1084.0
3354,ID00027,3.0,65,974.0,977.0
3355,ID00028,3.0,65,974.0,977.0
3356,ID00029,3.0,65,974.0,977.0
3357,ID00030,3.0,65,974.0,977.0
3358,ID00031,3.0,65,975.0,978.0
3359,ID00032,172.0,65,1086.0,1258.0
3360,ID00033,230.0,65,1083.0,1313.0
3361,ID00034,125.0,65,1085.0,1210.0
3362,ID00035,175.0,65,1091.0,1266.0
3363,ID00036,163.0,65,1086.0,1249.0
3364,ID00037,178.0,65,978.0,1156.0
3365,ID00038,217.0,65,978.0,1195.0
3366,ID00039,175.0,65,978.0,1153.0
3367,ID00040,181.0,65,978.0,1159.0
3368,ID00041,158.0,65,979.0,1137.0
3369,ID00042,3.0,65,1315.0,1318.0
3370,ID00043,3.0,65,1196.0,1199.0
3371,ID00044,3.0,65,1326.0,1329.0
3372,ID00045,3.0,65,1340.0,1343.0
3373,ID00046,62.0,65,1344.0,1406.0
3374,finish,0.0,65,1407.0,1407.0
3375,entry,0.0,66,900,900.0
3376,ID00000,6.0,66,6887.0,6893.0
3377,ID00001,5.0,66,6858.0,6863.0
3378,ID00002,3417.0,66,2467.0,5884.0
3379,ID00003,542.0,66,5908.0,6450.0
3380,ID00004,27.0,66,6453.0,6480.0
3381,ID00005,627.0,66,5908.0,6535.0
3382,ID00006,22.0,66,6538.0,6560.0
3383,ID00007,382.0,66,5908.0,6290.0
3384,ID00008,20.0,66,6293.0,6313.0
3385,ID00009,449.0,66,5908.0,6357.0
3386,ID00010,27.0,66,6360.0,6387.0
3387,ID00011,453.0,66,5908.0,6361.0
3388,ID00012,27.0,66,6364.0,6391.0
3389,ID00013,757.0,66,5908.0,6665.0
3390,ID00014,28.0,66,6668.0,6696.0
3391,ID00015,598.0,66,5908.0,6506.0
3392,ID00016,12.0,66,6509.0,6521.0
3393,ID00017,445.0,66,5908.0,6353.0
3394,ID00018,10.0,66,6356.0,6366.0
3395,ID00019,947.0,66,5908.0,6855.0
3396,ID00020,26.0,66,6858.0,6884.0
3397,ID00021,688.0,66,5908.0,6596.0
3398,ID00022,25.0,66,6599.0,6624.0
3399,ID00023,2589.0,66,2475.0,5064.0
3400,ID00024,1086.0,66,5080.0,6166.0
3401,ID00025,15.0,66,6169.0,6184.0
3402,ID00026,669.0,66,5080.0,5749.0
3403,ID00027,21.0,66,5752.0,5773.0
3404,ID00028,784.0,66,5080.0,5864.0
3405,ID00029,21.0,66,5867.0,5888.0
3406,ID00030,937.0,66,5080.0,6017.0
3407,ID00031,11.0,66,6020.0,6031.0
3408,ID00032,541.0,66,5080.0,5621.0
3409,ID00033,22.0,66,5624.0,5646.0
3410,ID00034,518.0,66,5080.0,5598.0
3411,ID00035,20.0,66,5601.0,5621.0
3412,ID00036,1103.0,66,5080.0,6183.0
3413,ID00037,19.0,66,6186.0,6205.0
3414,ID00038,969.0,66,5080.0,6049.0
3415,ID00039,19.0,66,6052.0,6071.0
3416,ID00040,490.0,66,5080.0,5570.0
3417,ID00041,27.0,66,5573.0,5600.0
3418,ID00042,984.0,66,5080.0,6064.0
3419,ID00043,19.0,66,6067.0,6086.0
3420,ID00044,446.0,66,5080.0,5526.0
3421,ID00045,23.0,66,5529.0,5552.0
3422,ID00046,441.0,66,5080.0,5521.0
3423,ID00047,10.0,66,5524.0,5534.0
3424,ID00048,602.0,66,5080.0,5682.0
3425,ID00049,12.0,66,5685.0,5697.0
3426,finish,0.0,66,6894.0,6894.0
3427,entry,0.0,67,900,900.0
3428,ID00000,165.0,67,923.0,1088.0
3429,ID00001,165.0,67,923.0,1088.0
3430,ID00002,166.0,67,923.0,1089.0
3431,ID00003,166.0,67,923.0,1089.0
3432,ID00004,163.0,67,923.0,1086.0
3433,ID00005,166.0,67,923.0,1089.0
3434,ID00006,164.0,67,923.0,1087.0
3435,ID00007,166.0,67,923.0,1089.0
3436,ID00008,129.0,67,1130.0,1259.0
3437,ID00009,128.0,67,1131.0,1259.0
3438,ID00010,126.0,67,1130.0,1256.0
3439,ID00011,128.0,67,1131.0,1259.0
3440,ID00012,129.0,67,1130.0,1259.0
3441,ID00013,126.0,67,1131.0,1257.0
3442,ID00014,128.0,67,1131.0,1259.0
3443,ID00015,128.0,67,1131.0,1259.0
3444,ID00016,127.0,67,1131.0,1258.0
3445,ID00017,125.0,67,1131.0,1256.0
3446,ID00018,129.0,67,1131.0,1260.0
3447,ID00019,127.0,67,1131.0,1258.0
3448,ID00020,126.0,67,1131.0,1257.0
3449,ID00021,129.0,67,1131.0,1260.0
3450,ID00022,127.0,67,1131.0,1258.0
3451,ID00023,129.0,67,1131.0,1260.0
3452,ID00024,126.0,67,1128.0,1254.0
3453,ID00025,127.0,67,1131.0,1258.0
3454,ID00026,130.0,67,1131.0,1261.0
3455,ID00027,126.0,67,1131.0,1257.0
3456,ID00028,128.0,67,1131.0,1259.0
3457,ID00029,128.0,67,1130.0,1258.0
3458,ID00030,128.0,67,1131.0,1259.0
3459,ID00031,128.0,67,1131.0,1259.0
3460,ID00032,127.0,67,1131.0,1258.0
3461,ID00033,127.0,67,1131.0,1258.0
3462,ID00034,127.0,67,1131.0,1258.0
3463,ID00035,127.0,67,1131.0,1258.0
3464,ID00036,27.0,67,1267.0,1294.0
3465,ID00037,64.0,67,1297.0,1361.0
3466,ID00038,131.0,67,1364.0,1495.0
3467,ID00039,129.0,67,1364.0,1493.0
3468,ID00040,131.0,67,1364.0,1495.0
3469,ID00041,128.0,67,1364.0,1492.0
3470,ID00042,126.0,67,1364.0,1490.0
3471,ID00043,128.0,67,1364.0,1492.0
3472,ID00044,129.0,67,1364.0,1493.0
3473,ID00045,129.0,67,1364.0,1493.0
3474,ID00046,30.0,67,1537.0,1567.0
3475,ID00047,59.0,67,1570.0,1629.0
3476,ID00048,59.0,67,2281.0,2340.0
3477,ID00049,6.0,67,2354.0,2360.0
3478,finish,0.0,67,2362.0,2362.0
3479,entry,0.0,68,900,900.0
3480,ID00000,3.0,68,974.0,977.0
3481,ID00001,3.0,68,927.0,930.0
3482,ID00002,3.0,68,1053.0,1056.0
3483,ID00003,3.0,68,1053.0,1056.0
3484,ID00004,3.0,68,1053.0,1056.0
3485,ID00005,3.0,68,1053.0,1056.0
3486,ID00006,3.0,68,1053.0,1056.0
3487,ID00007,3.0,68,960.0,963.0
3488,ID00008,3.0,68,960.0,963.0
3489,ID00009,3.0,68,960.0,963.0
3490,ID00010,3.0,68,960.0,963.0
3491,ID00011,3.0,68,960.0,963.0
3492,ID00012,3.0,68,1072.0,1075.0
3493,ID00013,3.0,68,1070.0,1073.0
3494,ID00014,3.0,68,1072.0,1075.0
3495,ID00015,3.0,68,1072.0,1075.0
3496,ID00016,3.0,68,1072.0,1075.0
3497,ID00017,3.0,68,969.0,972.0
3498,ID00018,3.0,68,969.0,972.0
3499,ID00019,3.0,68,969.0,972.0
3500,ID00020,3.0,68,969.0,972.0
3501,ID00021,3.0,68,969.0,972.0
3502,ID00022,3.0,68,1081.0,1084.0
3503,ID00023,3.0,68,1078.0,1081.0
3504,ID00024,3.0,68,1080.0,1083.0
3505,ID00025,3.0,68,1085.0,1088.0
3506,ID00026,3.0,68,1081.0,1084.0
3507,ID00027,3.0,68,974.0,977.0
3508,ID00028,3.0,68,974.0,977.0
3509,ID00029,3.0,68,974.0,977.0
3510,ID00030,3.0,68,974.0,977.0
3511,ID00031,3.0,68,975.0,978.0
3512,ID00032,172.0,68,1086.0,1258.0
3513,ID00033,230.0,68,1083.0,1313.0
3514,ID00034,125.0,68,1085.0,1210.0
3515,ID00035,175.0,68,1091.0,1266.0
3516,ID00036,163.0,68,1086.0,1249.0
3517,ID00037,178.0,68,978.0,1156.0
3518,ID00038,217.0,68,978.0,1195.0
3519,ID00039,175.0,68,978.0,1153.0
3520,ID00040,181.0,68,978.0,1159.0
3521,ID00041,158.0,68,979.0,1137.0
3522,ID00042,3.0,68,1315.0,1318.0
3523,ID00043,3.0,68,1196.0,1199.0
3524,ID00044,3.0,68,1326.0,1329.0
3525,ID00045,3.0,68,1340.0,1343.0
3526,ID00046,62.0,68,1344.0,1406.0
3527,finish,0.0,68,1407.0,1407.0
3528,entry,0.0,69,900,900.0
3529,ID00000,165.0,69,923.0,1088.0
3530,ID00001,165.0,69,923.0,1088.0
3531,ID00002,166.0,69,923.0,1089.0
3532,ID00003,166.0,69,923.0,1089.0
3533,ID00004,163.0,69,923.0,1086.0
3534,ID00005,166.0,69,923.0,1089.0
3535,ID00006,164.0,69,923.0,1087.0
3536,ID00007,166.0,69,923.0,1089.0
3537,ID00008,129.0,69,1130.0,1259.0
3538,ID00009,128.0,69,1131.0,1259.0
3539,ID00010,126.0,69,1130.0,1256.0
3540,ID00011,128.0,69,1131.0,1259.0
3541,ID00012,129.0,69,1130.0,1259.0
3542,ID00013,126.0,69,1131.0,1257.0
3543,ID00014,128.0,69,1131.0,1259.0
3544,ID00015,128.0,69,1131.0,1259.0
3545,ID00016,127.0,69,1131.0,1258.0
3546,ID00017,125.0,69,1131.0,1256.0
3547,ID00018,129.0,69,1131.0,1260.0
3548,ID00019,127.0,69,1131.0,1258.0
3549,ID00020,126.0,69,1131.0,1257.0
3550,ID00021,129.0,69,1131.0,1260.0
3551,ID00022,127.0,69,1131.0,1258.0
3552,ID00023,129.0,69,1131.0,1260.0
3553,ID00024,126.0,69,1128.0,1254.0
3554,ID00025,127.0,69,1131.0,1258.0
3555,ID00026,130.0,69,1131.0,1261.0
3556,ID00027,126.0,69,1131.0,1257.0
3557,ID00028,128.0,69,1131.0,1259.0
3558,ID00029,128.0,69,1130.0,1258.0
3559,ID00030,128.0,69,1131.0,1259.0
3560,ID00031,128.0,69,1131.0,1259.0
3561,ID00032,127.0,69,1131.0,1258.0
3562,ID00033,127.0,69,1131.0,1258.0
3563,ID00034,127.0,69,1131.0,1258.0
3564,ID00035,127.0,69,1131.0,1258.0
3565,ID00036,27.0,69,1267.0,1294.0
3566,ID00037,64.0,69,1297.0,1361.0
3567,ID00038,131.0,69,1364.0,1495.0
3568,ID00039,129.0,69,1364.0,1493.0
3569,ID00040,131.0,69,1364.0,1495.0
3570,ID00041,128.0,69,1364.0,1492.0
3571,ID00042,126.0,69,1364.0,1490.0
3572,ID00043,128.0,69,1364.0,1492.0
3573,ID00044,129.0,69,1364.0,1493.0
3574,ID00045,129.0,69,1364.0,1493.0
3575,ID00046,30.0,69,1537.0,1567.0
3576,ID00047,59.0,69,1570.0,1629.0
3577,ID00048,59.0,69,2281.0,2340.0
3578,ID00049,6.0,69,2354.0,2360.0
3579,finish,0.0,69,2362.0,2362.0
3580,entry,0.0,70,900,900.0
3581,ID00000,3.0,70,974.0,977.0
3582,ID00001,3.0,70,927.0,930.0
3583,ID00002,3.0,70,1053.0,1056.0
3584,ID00003,3.0,70,1053.0,1056.0
3585,ID00004,3.0,70,1053.0,1056.0
3586,ID00005,3.0,70,1053.0,1056.0
3587,ID00006,3.0,70,1053.0,1056.0
3588,ID00007,3.0,70,960.0,963.0
3589,ID00008,3.0,70,960.0,963.0
3590,ID00009,3.0,70,960.0,963.0
3591,ID00010,3.0,70,960.0,963.0
3592,ID00011,3.0,70,960.0,963.0
3593,ID00012,3.0,70,1072.0,1075.0
3594,ID00013,3.0,70,1070.0,1073.0
3595,ID00014,3.0,70,1072.0,1075.0
3596,ID00015,3.0,70,1072.0,1075.0
3597,ID00016,3.0,70,1072.0,1075.0
3598,ID00017,3.0,70,969.0,972.0
3599,ID00018,3.0,70,969.0,972.0
3600,ID00019,3.0,70,969.0,972.0
3601,ID00020,3.0,70,969.0,972.0
3602,ID00021,3.0,70,969.0,972.0
3603,ID00022,3.0,70,1081.0,1084.0
3604,ID00023,3.0,70,1078.0,1081.0
3605,ID00024,3.0,70,1080.0,1083.0
3606,ID00025,3.0,70,1085.0,1088.0
3607,ID00026,3.0,70,1081.0,1084.0
3608,ID00027,3.0,70,974.0,977.0
3609,ID00028,3.0,70,974.0,977.0
3610,ID00029,3.0,70,974.0,977.0
3611,ID00030,3.0,70,974.0,977.0
3612,ID00031,3.0,70,975.0,978.0
3613,ID00032,172.0,70,1086.0,1258.0
3614,ID00033,230.0,70,1083.0,1313.0
3615,ID00034,125.0,70,1085.0,1210.0
3616,ID00035,175.0,70,1091.0,1266.0
3617,ID00036,163.0,70,1086.0,1249.0
3618,ID00037,178.0,70,978.0,1156.0
3619,ID00038,217.0,70,978.0,1195.0
3620,ID00039,175.0,70,978.0,1153.0
3621,ID00040,181.0,70,978.0,1159.0
3622,ID00041,158.0,70,979.0,1137.0
3623,ID00042,3.0,70,1315.0,1318.0
3624,ID00043,3.0,70,1196.0,1199.0
3625,ID00044,3.0,70,1326.0,1329.0
3626,ID00045,3.0,70,1340.0,1343.0
3627,ID00046,62.0,70,1344.0,1406.0
3628,finish,0.0,70,1407.0,1407.0
3629,entry,0.0,71,900,900.0
3630,ID00000,165.0,71,923.0,1088.0
3631,ID00001,165.0,71,923.0,1088.0
3632,ID00002,166.0,71,923.0,1089.0
3633,ID00003,166.0,71,923.0,1089.0
3634,ID00004,163.0,71,923.0,1086.0
3635,ID00005,166.0,71,923.0,1089.0
3636,ID00006,164.0,71,923.0,1087.0
3637,ID00007,166.0,71,923.0,1089.0
3638,ID00008,129.0,71,1130.0,1259.0
3639,ID00009,128.0,71,1131.0,1259.0
3640,ID00010,126.0,71,1130.0,1256.0
3641,ID00011,128.0,71,1131.0,1259.0
3642,ID00012,129.0,71,1130.0,1259.0
3643,ID00013,126.0,71,1131.0,1257.0
3644,ID00014,128.0,71,1131.0,1259.0
3645,ID00015,128.0,71,1131.0,1259.0
3646,ID00016,127.0,71,1131.0,1258.0
3647,ID00017,125.0,71,1131.0,1256.0
3648,ID00018,129.0,71,1131.0,1260.0
3649,ID00019,127.0,71,1131.0,1258.0
3650,ID00020,126.0,71,1131.0,1257.0
3651,ID00021,129.0,71,1131.0,1260.0
3652,ID00022,127.0,71,1131.0,1258.0
3653,ID00023,129.0,71,1131.0,1260.0
3654,ID00024,126.0,71,1128.0,1254.0
3655,ID00025,127.0,71,1131.0,1258.0
3656,ID00026,130.0,71,1131.0,1261.0
3657,ID00027,126.0,71,1131.0,1257.0
3658,ID00028,128.0,71,1131.0,1259.0
3659,ID00029,128.0,71,1130.0,1258.0
3660,ID00030,128.0,71,1131.0,1259.0
3661,ID00031,128.0,71,1131.0,1259.0
3662,ID00032,127.0,71,1131.0,1258.0
3663,ID00033,127.0,71,1131.0,1258.0
3664,ID00034,127.0,71,1131.0,1258.0
3665,ID00035,127.0,71,1131.0,1258.0
3666,ID00036,27.0,71,1267.0,1294.0
3667,ID00037,64.0,71,1297.0,1361.0
3668,ID00038,131.0,71,1364.0,1495.0
3669,ID00039,129.0,71,1364.0,1493.0
3670,ID00040,131.0,71,1364.0,1495.0
3671,ID00041,128.0,71,1364.0,1492.0
3672,ID00042,126.0,71,1364.0,1490.0
3673,ID00043,128.0,71,1364.0,1492.0
3674,ID00044,129.0,71,1364.0,1493.0
3675,ID00045,129.0,71,1364.0,1493.0
3676,ID00046,30.0,71,1537.0,1567.0
3677,ID00047,59.0,71,1570.0,1629.0
3678,ID00048,59.0,71,2281.0,2340.0
3679,ID00049,6.0,71,2354.0,2360.0
3680,finish,0.0,71,2362.0,2362.0
3681,entry,0.0,72,900,900.0
3682,ID00000,165.0,72,923.0,1088.0
3683,ID00001,165.0,72,923.0,1088.0
3684,ID00002,166.0,72,923.0,1089.0
3685,ID00003,166.0,72,923.0,1089.0
3686,ID00004,163.0,72,923.0,1086.0
3687,ID00005,166.0,72,923.0,1089.0
3688,ID00006,164.0,72,923.0,1087.0
3689,ID00007,166.0,72,923.0,1089.0
3690,ID00008,129.0,72,1130.0,1259.0
3691,ID00009,128.0,72,1131.0,1259.0
3692,ID00010,126.0,72,1130.0,1256.0
3693,ID00011,128.0,72,1131.0,1259.0
3694,ID00012,129.0,72,1130.0,1259.0
3695,ID00013,126.0,72,1131.0,1257.0
3696,ID00014,128.0,72,1131.0,1259.0
3697,ID00015,128.0,72,1131.0,1259.0
3698,ID00016,127.0,72,1131.0,1258.0
3699,ID00017,125.0,72,1131.0,1256.0
3700,ID00018,129.0,72,1131.0,1260.0
3701,ID00019,127.0,72,1131.0,1258.0
3702,ID00020,126.0,72,1131.0,1257.0
3703,ID00021,129.0,72,1131.0,1260.0
3704,ID00022,127.0,72,1131.0,1258.0
3705,ID00023,129.0,72,1131.0,1260.0
3706,ID00024,126.0,72,1128.0,1254.0
3707,ID00025,127.0,72,1131.0,1258.0
3708,ID00026,130.0,72,1131.0,1261.0
3709,ID00027,126.0,72,1131.0,1257.0
3710,ID00028,128.0,72,1131.0,1259.0
3711,ID00029,128.0,72,1130.0,1258.0
3712,ID00030,128.0,72,1131.0,1259.0
3713,ID00031,128.0,72,1131.0,1259.0
3714,ID00032,127.0,72,1131.0,1258.0
3715,ID00033,127.0,72,1131.0,1258.0
3716,ID00034,127.0,72,1131.0,1258.0
3717,ID00035,127.0,72,1131.0,1258.0
3718,ID00036,27.0,72,1267.0,1294.0
3719,ID00037,64.0,72,1297.0,1361.0
3720,ID00038,131.0,72,1364.0,1495.0
3721,ID00039,129.0,72,1364.0,1493.0
3722,ID00040,131.0,72,1364.0,1495.0
3723,ID00041,128.0,72,1364.0,1492.0
3724,ID00042,126.0,72,1364.0,1490.0
3725,ID00043,128.0,72,1364.0,1492.0
3726,ID00044,129.0,72,1364.0,1493.0
3727,ID00045,129.0,72,1364.0,1493.0
3728,ID00046,30.0,72,1537.0,1567.0
3729,ID00047,59.0,72,1570.0,1629.0
3730,ID00048,59.0,72,2281.0,2340.0
3731,ID00049,6.0,72,2354.0,2360.0
3732,finish,0.0,72,2362.0,2362.0
3733,entry,0.0,73,900,900.0
3734,ID00000,57.0,73,1186.0,1243.0
3735,ID00001,56.0,73,1186.0,1242.0
3736,ID00002,54.0,73,1186.0,1240.0
3737,ID00003,54.0,73,1186.0,1240.0
3738,ID00004,56.0,73,1185.0,1241.0
3739,ID00005,55.0,73,1186.0,1241.0
3740,ID00006,55.0,73,1186.0,1241.0
3741,ID00007,55.0,73,1186.0,1241.0
3742,ID00008,55.0,73,1186.0,1241.0
3743,ID00009,55.0,73,1186.0,1241.0
3744,ID00010,54.0,73,1186.0,1240.0
3745,ID00011,54.0,73,1186.0,1240.0
3746,ID00012,1768.0,73,1250.0,3018.0
3747,ID00013,1486.0,73,1250.0,2736.0
3748,ID00014,1667.0,73,1248.0,2915.0
3749,ID00015,1360.0,73,1247.0,2607.0
3750,ID00016,1286.0,73,1248.0,2534.0
3751,ID00017,1598.0,73,1248.0,2846.0
3752,ID00018,880.0,73,1248.0,2128.0
3753,ID00019,1746.0,73,1248.0,2994.0
3754,ID00020,988.0,73,1248.0,2236.0
3755,ID00021,1553.0,73,1248.0,2801.0
3756,ID00022,2027.0,73,1248.0,3275.0
3757,ID00023,1807.0,73,1247.0,3054.0
3758,ID00024,17.0,73,3278.0,3295.0
3759,ID00025,15.0,73,3298.0,3313.0
3760,ID00026,15.0,73,3298.0,3313.0
3761,ID00027,16.0,73,3298.0,3314.0
3762,ID00028,14.0,73,3298.0,3312.0
3763,ID00029,18.0,73,3298.0,3316.0
3764,ID00030,17.0,73,3298.0,3315.0
3765,ID00031,17.0,73,3298.0,3315.0
3766,ID00032,16.0,73,3298.0,3314.0
3767,ID00033,16.0,73,3298.0,3314.0
3768,ID00034,17.0,73,3298.0,3315.0
3769,ID00035,15.0,73,3298.0,3313.0
3770,ID00036,13.0,73,3298.0,3311.0
3771,ID00037,1607.0,73,3316.0,4923.0
3772,ID00038,1213.0,73,3316.0,4529.0
3773,ID00039,1186.0,73,3317.0,4503.0
3774,ID00040,1749.0,73,3315.0,5064.0
3775,ID00041,1473.0,73,3319.0,4792.0
3776,ID00042,1670.0,73,3318.0,4988.0
3777,ID00043,1139.0,73,3318.0,4457.0
3778,ID00044,1855.0,73,3317.0,5172.0
3779,ID00045,2015.0,73,3317.0,5332.0
3780,ID00046,2007.0,73,3318.0,5325.0
3781,ID00047,1767.0,73,3316.0,5083.0
3782,ID00048,911.0,73,3314.0,4225.0
3783,ID00049,16.0,73,5335.0,5351.0
3784,finish,0.0,73,5352.0,5352.0
3785,entry,0.0,74,900,900.0
3786,ID00000,3.0,74,974.0,977.0
3787,ID00001,3.0,74,927.0,930.0
3788,ID00002,3.0,74,1053.0,1056.0
3789,ID00003,3.0,74,1053.0,1056.0
3790,ID00004,3.0,74,1053.0,1056.0
3791,ID00005,3.0,74,1053.0,1056.0
3792,ID00006,3.0,74,1053.0,1056.0
3793,ID00007,3.0,74,960.0,963.0
3794,ID00008,3.0,74,960.0,963.0
3795,ID00009,3.0,74,960.0,963.0
3796,ID00010,3.0,74,960.0,963.0
3797,ID00011,3.0,74,960.0,963.0
3798,ID00012,3.0,74,1072.0,1075.0
3799,ID00013,3.0,74,1070.0,1073.0
3800,ID00014,3.0,74,1072.0,1075.0
3801,ID00015,3.0,74,1072.0,1075.0
3802,ID00016,3.0,74,1072.0,1075.0
3803,ID00017,3.0,74,969.0,972.0
3804,ID00018,3.0,74,969.0,972.0
3805,ID00019,3.0,74,969.0,972.0
3806,ID00020,3.0,74,969.0,972.0
3807,ID00021,3.0,74,969.0,972.0
3808,ID00022,3.0,74,1081.0,1084.0
3809,ID00023,3.0,74,1078.0,1081.0
3810,ID00024,3.0,74,1080.0,1083.0
3811,ID00025,3.0,74,1085.0,1088.0
3812,ID00026,3.0,74,1081.0,1084.0
3813,ID00027,3.0,74,974.0,977.0
3814,ID00028,3.0,74,974.0,977.0
3815,ID00029,3.0,74,974.0,977.0
3816,ID00030,3.0,74,974.0,977.0
3817,ID00031,3.0,74,975.0,978.0
3818,ID00032,172.0,74,1086.0,1258.0
3819,ID00033,230.0,74,1083.0,1313.0
3820,ID00034,125.0,74,1085.0,1210.0
3821,ID00035,175.0,74,1091.0,1266.0
3822,ID00036,163.0,74,1086.0,1249.0
3823,ID00037,178.0,74,978.0,1156.0
3824,ID00038,217.0,74,978.0,1195.0
3825,ID00039,175.0,74,978.0,1153.0
3826,ID00040,181.0,74,978.0,1159.0
3827,ID00041,158.0,74,979.0,1137.0
3828,ID00042,3.0,74,1315.0,1318.0
3829,ID00043,3.0,74,1196.0,1199.0
3830,ID00044,3.0,74,1326.0,1329.0
3831,ID00045,3.0,74,1340.0,1343.0
3832,ID00046,62.0,74,1344.0,1406.0
3833,finish,0.0,74,1407.0,1407.0
3834,entry,0.0,75,900,900.0
3835,ID00000,6.0,75,6887.0,6893.0
3836,ID00001,5.0,75,6858.0,6863.0
3837,ID00002,3417.0,75,2467.0,5884.0
3838,ID00003,542.0,75,5908.0,6450.0
3839,ID00004,27.0,75,6453.0,6480.0
3840,ID00005,627.0,75,5908.0,6535.0
3841,ID00006,22.0,75,6538.0,6560.0
3842,ID00007,382.0,75,5908.0,6290.0
3843,ID00008,20.0,75,6293.0,6313.0
3844,ID00009,449.0,75,5908.0,6357.0
3845,ID00010,27.0,75,6360.0,6387.0
3846,ID00011,453.0,75,5908.0,6361.0
3847,ID00012,27.0,75,6364.0,6391.0
3848,ID00013,757.0,75,5908.0,6665.0
3849,ID00014,28.0,75,6668.0,6696.0
3850,ID00015,598.0,75,5908.0,6506.0
3851,ID00016,12.0,75,6509.0,6521.0
3852,ID00017,445.0,75,5908.0,6353.0
3853,ID00018,10.0,75,6356.0,6366.0
3854,ID00019,947.0,75,5908.0,6855.0
3855,ID00020,26.0,75,6858.0,6884.0
3856,ID00021,688.0,75,5908.0,6596.0
3857,ID00022,25.0,75,6599.0,6624.0
3858,ID00023,2589.0,75,2475.0,5064.0
3859,ID00024,1086.0,75,5080.0,6166.0
3860,ID00025,15.0,75,6169.0,6184.0
3861,ID00026,669.0,75,5080.0,5749.0
3862,ID00027,21.0,75,5752.0,5773.0
3863,ID00028,784.0,75,5080.0,5864.0
3864,ID00029,21.0,75,5867.0,5888.0
3865,ID00030,937.0,75,5080.0,6017.0
3866,ID00031,11.0,75,6020.0,6031.0
3867,ID00032,541.0,75,5080.0,5621.0
3868,ID00033,22.0,75,5624.0,5646.0
3869,ID00034,518.0,75,5080.0,5598.0
3870,ID00035,20.0,75,5601.0,5621.0
3871,ID00036,1103.0,75,5080.0,6183.0
3872,ID00037,19.0,75,6186.0,6205.0
3873,ID00038,969.0,75,5080.0,6049.0
3874,ID00039,19.0,75,6052.0,6071.0
3875,ID00040,490.0,75,5080.0,5570.0
3876,ID00041,27.0,75,5573.0,5600.0
3877,ID00042,984.0,75,5080.0,6064.0
3878,ID00043,19.0,75,6067.0,6086.0
3879,ID00044,446.0,75,5080.0,5526.0
3880,ID00045,23.0,75,5529.0,5552.0
3881,ID00046,441.0,75,5080.0,5521.0
3882,ID00047,10.0,75,5524.0,5534.0
3883,ID00048,602.0,75,5080.0,5682.0
3884,ID00049,12.0,75,5685.0,5697.0
3885,finish,0.0,75,6894.0,6894.0
3886,entry,0.0,76,900,900.0
3887,ID00000,3.0,76,974.0,977.0
3888,ID00001,3.0,76,927.0,930.0
3889,ID00002,3.0,76,1053.0,1056.0
3890,ID00003,3.0,76,1053.0,1056.0
3891,ID00004,3.0,76,1053.0,1056.0
3892,ID00005,3.0,76,1053.0,1056.0
3893,ID00006,3.0,76,1053.0,1056.0
3894,ID00007,3.0,76,960.0,963.0
3895,ID00008,3.0,76,960.0,963.0
3896,ID00009,3.0,76,960.0,963.0
3897,ID00010,3.0,76,960.0,963.0
3898,ID00011,3.0,76,960.0,963.0
3899,ID00012,3.0,76,1072.0,1075.0
3900,ID00013,3.0,76,1070.0,1073.0
3901,ID00014,3.0,76,1072.0,1075.0
3902,ID00015,3.0,76,1072.0,1075.0
3903,ID00016,3.0,76,1072.0,1075.0
3904,ID00017,3.0,76,969.0,972.0
3905,ID00018,3.0,76,969.0,972.0
3906,ID00019,3.0,76,969.0,972.0
3907,ID00020,3.0,76,969.0,972.0
3908,ID00021,3.0,76,969.0,972.0
3909,ID00022,3.0,76,1081.0,1084.0
3910,ID00023,3.0,76,1078.0,1081.0
3911,ID00024,3.0,76,1080.0,1083.0
3912,ID00025,3.0,76,1085.0,1088.0
3913,ID00026,3.0,76,1081.0,1084.0
3914,ID00027,3.0,76,974.0,977.0
3915,ID00028,3.0,76,974.0,977.0
3916,ID00029,3.0,76,974.0,977.0
3917,ID00030,3.0,76,974.0,977.0
3918,ID00031,3.0,76,975.0,978.0
3919,ID00032,172.0,76,1086.0,1258.0
3920,ID00033,230.0,76,1083.0,1313.0
3921,ID00034,125.0,76,1085.0,1210.0
3922,ID00035,175.0,76,1091.0,1266.0
3923,ID00036,163.0,76,1086.0,1249.0
3924,ID00037,178.0,76,978.0,1156.0
3925,ID00038,217.0,76,978.0,1195.0
3926,ID00039,175.0,76,978.0,1153.0
3927,ID00040,181.0,76,978.0,1159.0
3928,ID00041,158.0,76,979.0,1137.0
3929,ID00042,3.0,76,1315.0,1318.0
3930,ID00043,3.0,76,1196.0,1199.0
3931,ID00044,3.0,76,1326.0,1329.0
3932,ID00045,3.0,76,1340.0,1343.0
3933,ID00046,62.0,76,1344.0,1406.0
3934,finish,0.0,76,1407.0,1407.0
3935,entry,0.0,77,900,900.0
3936,ID00000,57.0,77,1186.0,1243.0
3937,ID00001,56.0,77,1186.0,1242.0
3938,ID00002,54.0,77,1186.0,1240.0
3939,ID00003,54.0,77,1186.0,1240.0
3940,ID00004,56.0,77,1185.0,1241.0
3941,ID00005,55.0,77,1186.0,1241.0
3942,ID00006,55.0,77,1186.0,1241.0
3943,ID00007,55.0,77,1186.0,1241.0
3944,ID00008,55.0,77,1186.0,1241.0
3945,ID00009,55.0,77,1186.0,1241.0
3946,ID00010,54.0,77,1186.0,1240.0
3947,ID00011,54.0,77,1186.0,1240.0
3948,ID00012,1768.0,77,1250.0,3018.0
3949,ID00013,1486.0,77,1250.0,2736.0
3950,ID00014,1667.0,77,1248.0,2915.0
3951,ID00015,1360.0,77,1247.0,2607.0
3952,ID00016,1286.0,77,1248.0,2534.0
3953,ID00017,1598.0,77,1248.0,2846.0
3954,ID00018,880.0,77,1248.0,2128.0
3955,ID00019,1746.0,77,1248.0,2994.0
3956,ID00020,988.0,77,1248.0,2236.0
3957,ID00021,1553.0,77,1248.0,2801.0
3958,ID00022,2027.0,77,1248.0,3275.0
3959,ID00023,1807.0,77,1247.0,3054.0
3960,ID00024,17.0,77,3278.0,3295.0
3961,ID00025,15.0,77,3298.0,3313.0
3962,ID00026,15.0,77,3298.0,3313.0
3963,ID00027,16.0,77,3298.0,3314.0
3964,ID00028,14.0,77,3298.0,3312.0
3965,ID00029,18.0,77,3298.0,3316.0
3966,ID00030,17.0,77,3298.0,3315.0
3967,ID00031,17.0,77,3298.0,3315.0
3968,ID00032,16.0,77,3298.0,3314.0
3969,ID00033,16.0,77,3298.0,3314.0
3970,ID00034,17.0,77,3298.0,3315.0
3971,ID00035,15.0,77,3298.0,3313.0
3972,ID00036,13.0,77,3298.0,3311.0
3973,ID00037,1607.0,77,3316.0,4923.0
3974,ID00038,1213.0,77,3316.0,4529.0
3975,ID00039,1186.0,77,3317.0,4503.0
3976,ID00040,1749.0,77,3315.0,5064.0
3977,ID00041,1473.0,77,3319.0,4792.0
3978,ID00042,1670.0,77,3318.0,4988.0
3979,ID00043,1139.0,77,3318.0,4457.0
3980,ID00044,1855.0,77,3317.0,5172.0
3981,ID00045,2015.0,77,3317.0,5332.0
3982,ID00046,2007.0,77,3318.0,5325.0
3983,ID00047,1767.0,77,3316.0,5083.0
3984,ID00048,911.0,77,3314.0,4225.0
3985,ID00049,16.0,77,5335.0,5351.0
3986,finish,0.0,77,5352.0,5352.0
3987,entry,0.0,78,900,900.0
3988,ID00000,6.0,78,6887.0,6893.0
3989,ID00001,5.0,78,6858.0,6863.0
3990,ID00002,3417.0,78,2467.0,5884.0
3991,ID00003,542.0,78,5908.0,6450.0
3992,ID00004,27.0,78,6453.0,6480.0
3993,ID00005,627.0,78,5908.0,6535.0
3994,ID00006,22.0,78,6538.0,6560.0
3995,ID00007,382.0,78,5908.0,6290.0
3996,ID00008,20.0,78,6293.0,6313.0
3997,ID00009,449.0,78,5908.0,6357.0
3998,ID00010,27.0,78,6360.0,6387.0
3999,ID00011,453.0,78,5908.0,6361.0
4000,ID00012,27.0,78,6364.0,6391.0
4001,ID00013,757.0,78,5908.0,6665.0
4002,ID00014,28.0,78,6668.0,6696.0
4003,ID00015,598.0,78,5908.0,6506.0
4004,ID00016,12.0,78,6509.0,6521.0
4005,ID00017,445.0,78,5908.0,6353.0
4006,ID00018,10.0,78,6356.0,6366.0
4007,ID00019,947.0,78,5908.0,6855.0
4008,ID00020,26.0,78,6858.0,6884.0
4009,ID00021,688.0,78,5908.0,6596.0
4010,ID00022,25.0,78,6599.0,6624.0
4011,ID00023,2589.0,78,2475.0,5064.0
4012,ID00024,1086.0,78,5080.0,6166.0
4013,ID00025,15.0,78,6169.0,6184.0
4014,ID00026,669.0,78,5080.0,5749.0
4015,ID00027,21.0,78,5752.0,5773.0
4016,ID00028,784.0,78,5080.0,5864.0
4017,ID00029,21.0,78,5867.0,5888.0
4018,ID00030,937.0,78,5080.0,6017.0
4019,ID00031,11.0,78,6020.0,6031.0
4020,ID00032,541.0,78,5080.0,5621.0
4021,ID00033,22.0,78,5624.0,5646.0
4022,ID00034,518.0,78,5080.0,5598.0
4023,ID00035,20.0,78,5601.0,5621.0
4024,ID00036,1103.0,78,5080.0,6183.0
4025,ID00037,19.0,78,6186.0,6205.0
4026,ID00038,969.0,78,5080.0,6049.0
4027,ID00039,19.0,78,6052.0,6071.0
4028,ID00040,490.0,78,5080.0,5570.0
4029,ID00041,27.0,78,5573.0,5600.0
4030,ID00042,984.0,78,5080.0,6064.0
4031,ID00043,19.0,78,6067.0,6086.0
4032,ID00044,446.0,78,5080.0,5526.0
4033,ID00045,23.0,78,5529.0,5552.0
4034,ID00046,441.0,78,5080.0,5521.0
4035,ID00047,10.0,78,5524.0,5534.0
4036,ID00048,602.0,78,5080.0,5682.0
4037,ID00049,12.0,78,5685.0,5697.0
4038,finish,0.0,78,6894.0,6894.0
4039,entry,0.0,79,900,900.0
4040,ID00000,57.0,79,1186.0,1243.0
4041,ID00001,56.0,79,1186.0,1242.0
4042,ID00002,54.0,79,1186.0,1240.0
4043,ID00003,54.0,79,1186.0,1240.0
4044,ID00004,56.0,79,1185.0,1241.0
4045,ID00005,55.0,79,1186.0,1241.0
4046,ID00006,55.0,79,1186.0,1241.0
4047,ID00007,55.0,79,1186.0,1241.0
4048,ID00008,55.0,79,1186.0,1241.0
4049,ID00009,55.0,79,1186.0,1241.0
4050,ID00010,54.0,79,1186.0,1240.0
4051,ID00011,54.0,79,1186.0,1240.0
4052,ID00012,1768.0,79,1250.0,3018.0
4053,ID00013,1486.0,79,1250.0,2736.0
4054,ID00014,1667.0,79,1248.0,2915.0
4055,ID00015,1360.0,79,1247.0,2607.0
4056,ID00016,1286.0,79,1248.0,2534.0
4057,ID00017,1598.0,79,1248.0,2846.0
4058,ID00018,880.0,79,1248.0,2128.0
4059,ID00019,1746.0,79,1248.0,2994.0
4060,ID00020,988.0,79,1248.0,2236.0
4061,ID00021,1553.0,79,1248.0,2801.0
4062,ID00022,2027.0,79,1248.0,3275.0
4063,ID00023,1807.0,79,1247.0,3054.0
4064,ID00024,17.0,79,3278.0,3295.0
4065,ID00025,15.0,79,3298.0,3313.0
4066,ID00026,15.0,79,3298.0,3313.0
4067,ID00027,16.0,79,3298.0,3314.0
4068,ID00028,14.0,79,3298.0,3312.0
4069,ID00029,18.0,79,3298.0,3316.0
4070,ID00030,17.0,79,3298.0,3315.0
4071,ID00031,17.0,79,3298.0,3315.0
4072,ID00032,16.0,79,3298.0,3314.0
4073,ID00033,16.0,79,3298.0,3314.0
4074,ID00034,17.0,79,3298.0,3315.0
4075,ID00035,15.0,79,3298.0,3313.0
4076,ID00036,13.0,79,3298.0,3311.0
4077,ID00037,1607.0,79,3316.0,4923.0
4078,ID00038,1213.0,79,3316.0,4529.0
4079,ID00039,1186.0,79,3317.0,4503.0
4080,ID00040,1749.0,79,3315.0,5064.0
4081,ID00041,1473.0,79,3319.0,4792.0
4082,ID00042,1670.0,79,3318.0,4988.0
4083,ID00043,1139.0,79,3318.0,4457.0
4084,ID00044,1855.0,79,3317.0,5172.0
4085,ID00045,2015.0,79,3317.0,5332.0
4086,ID00046,2007.0,79,3318.0,5325.0
4087,ID00047,1767.0,79,3316.0,5083.0
4088,ID00048,911.0,79,3314.0,4225.0
4089,ID00049,16.0,79,5335.0,5351.0
4090,finish,0.0,79,5352.0,5352.0
4091,entry,0.0,80,900,900.0
4092,ID00000,57.0,80,1186.0,1243.0
4093,ID00001,56.0,80,1186.0,1242.0
4094,ID00002,54.0,80,1186.0,1240.0
4095,ID00003,54.0,80,1186.0,1240.0
4096,ID00004,56.0,80,1185.0,1241.0
4097,ID00005,55.0,80,1186.0,1241.0
4098,ID00006,55.0,80,1186.0,1241.0
4099,ID00007,55.0,80,1186.0,1241.0
4100,ID00008,55.0,80,1186.0,1241.0
4101,ID00009,55.0,80,1186.0,1241.0
4102,ID00010,54.0,80,1186.0,1240.0
4103,ID00011,54.0,80,1186.0,1240.0
4104,ID00012,1768.0,80,1250.0,3018.0
4105,ID00013,1486.0,80,1250.0,2736.0
4106,ID00014,1667.0,80,1248.0,2915.0
4107,ID00015,1360.0,80,1247.0,2607.0
4108,ID00016,1286.0,80,1248.0,2534.0
4109,ID00017,1598.0,80,1248.0,2846.0
4110,ID00018,880.0,80,1248.0,2128.0
4111,ID00019,1746.0,80,1248.0,2994.0
4112,ID00020,988.0,80,1248.0,2236.0
4113,ID00021,1553.0,80,1248.0,2801.0
4114,ID00022,2027.0,80,1248.0,3275.0
4115,ID00023,1807.0,80,1247.0,3054.0
4116,ID00024,17.0,80,3278.0,3295.0
4117,ID00025,15.0,80,3298.0,3313.0
4118,ID00026,15.0,80,3298.0,3313.0
4119,ID00027,16.0,80,3298.0,3314.0
4120,ID00028,14.0,80,3298.0,3312.0
4121,ID00029,18.0,80,3298.0,3316.0
4122,ID00030,17.0,80,3298.0,3315.0
4123,ID00031,17.0,80,3298.0,3315.0
4124,ID00032,16.0,80,3298.0,3314.0
4125,ID00033,16.0,80,3298.0,3314.0
4126,ID00034,17.0,80,3298.0,3315.0
4127,ID00035,15.0,80,3298.0,3313.0
4128,ID00036,13.0,80,3298.0,3311.0
4129,ID00037,1607.0,80,3316.0,4923.0
4130,ID00038,1213.0,80,3316.0,4529.0
4131,ID00039,1186.0,80,3317.0,4503.0
4132,ID00040,1749.0,80,3315.0,5064.0
4133,ID00041,1473.0,80,3319.0,4792.0
4134,ID00042,1670.0,80,3318.0,4988.0
4135,ID00043,1139.0,80,3318.0,4457.0
4136,ID00044,1855.0,80,3317.0,5172.0
4137,ID00045,2015.0,80,3317.0,5332.0
4138,ID00046,2007.0,80,3318.0,5325.0
4139,ID00047,1767.0,80,3316.0,5083.0
4140,ID00048,911.0,80,3314.0,4225.0
4141,ID00049,16.0,80,5335.0,5351.0
4142,finish,0.0,80,5352.0,5352.0
4143,entry,0.0,81,900,900.0
4144,ID00000,165.0,81,923.0,1088.0
4145,ID00001,165.0,81,923.0,1088.0
4146,ID00002,166.0,81,923.0,1089.0
4147,ID00003,166.0,81,923.0,1089.0
4148,ID00004,163.0,81,923.0,1086.0
4149,ID00005,166.0,81,923.0,1089.0
4150,ID00006,164.0,81,923.0,1087.0
4151,ID00007,166.0,81,923.0,1089.0
4152,ID00008,129.0,81,1130.0,1259.0
4153,ID00009,128.0,81,1131.0,1259.0
4154,ID00010,126.0,81,1130.0,1256.0
4155,ID00011,128.0,81,1131.0,1259.0
4156,ID00012,129.0,81,1130.0,1259.0
4157,ID00013,126.0,81,1131.0,1257.0
4158,ID00014,128.0,81,1131.0,1259.0
4159,ID00015,128.0,81,1131.0,1259.0
4160,ID00016,127.0,81,1131.0,1258.0
4161,ID00017,125.0,81,1131.0,1256.0
4162,ID00018,129.0,81,1131.0,1260.0
4163,ID00019,127.0,81,1131.0,1258.0
4164,ID00020,126.0,81,1131.0,1257.0
4165,ID00021,129.0,81,1131.0,1260.0
4166,ID00022,127.0,81,1131.0,1258.0
4167,ID00023,129.0,81,1131.0,1260.0
4168,ID00024,126.0,81,1128.0,1254.0
4169,ID00025,127.0,81,1131.0,1258.0
4170,ID00026,130.0,81,1131.0,1261.0
4171,ID00027,126.0,81,1131.0,1257.0
4172,ID00028,128.0,81,1131.0,1259.0
4173,ID00029,128.0,81,1130.0,1258.0
4174,ID00030,128.0,81,1131.0,1259.0
4175,ID00031,128.0,81,1131.0,1259.0
4176,ID00032,127.0,81,1131.0,1258.0
4177,ID00033,127.0,81,1131.0,1258.0
4178,ID00034,127.0,81,1131.0,1258.0
4179,ID00035,127.0,81,1131.0,1258.0
4180,ID00036,27.0,81,1267.0,1294.0
4181,ID00037,64.0,81,1297.0,1361.0
4182,ID00038,131.0,81,1364.0,1495.0
4183,ID00039,129.0,81,1364.0,1493.0
4184,ID00040,131.0,81,1364.0,1495.0
4185,ID00041,128.0,81,1364.0,1492.0
4186,ID00042,126.0,81,1364.0,1490.0
4187,ID00043,128.0,81,1364.0,1492.0
4188,ID00044,129.0,81,1364.0,1493.0
4189,ID00045,129.0,81,1364.0,1493.0
4190,ID00046,30.0,81,1537.0,1567.0
4191,ID00047,59.0,81,1570.0,1629.0
4192,ID00048,59.0,81,2281.0,2340.0
4193,ID00049,6.0,81,2354.0,2360.0
4194,finish,0.0,81,2362.0,2362.0
4195,entry,0.0,82,900,900.0
4196,ID00000,165.0,82,923.0,1088.0
4197,ID00001,165.0,82,923.0,1088.0
4198,ID00002,166.0,82,923.0,1089.0
4199,ID00003,166.0,82,923.0,1089.0
4200,ID00004,163.0,82,923.0,1086.0
4201,ID00005,166.0,82,923.0,1089.0
4202,ID00006,164.0,82,923.0,1087.0
4203,ID00007,166.0,82,923.0,1089.0
4204,ID00008,129.0,82,1130.0,1259.0
4205,ID00009,128.0,82,1131.0,1259.0
4206,ID00010,126.0,82,1130.0,1256.0
4207,ID00011,128.0,82,1131.0,1259.0
4208,ID00012,129.0,82,1130.0,1259.0
4209,ID00013,126.0,82,1131.0,1257.0
4210,ID00014,128.0,82,1131.0,1259.0
4211,ID00015,128.0,82,1131.0,1259.0
4212,ID00016,127.0,82,1131.0,1258.0
4213,ID00017,125.0,82,1131.0,1256.0
4214,ID00018,129.0,82,1131.0,1260.0
4215,ID00019,127.0,82,1131.0,1258.0
4216,ID00020,126.0,82,1131.0,1257.0
4217,ID00021,129.0,82,1131.0,1260.0
4218,ID00022,127.0,82,1131.0,1258.0
4219,ID00023,129.0,82,1131.0,1260.0
4220,ID00024,126.0,82,1128.0,1254.0
4221,ID00025,127.0,82,1131.0,1258.0
4222,ID00026,130.0,82,1131.0,1261.0
4223,ID00027,126.0,82,1131.0,1257.0
4224,ID00028,128.0,82,1131.0,1259.0
4225,ID00029,128.0,82,1130.0,1258.0
4226,ID00030,128.0,82,1131.0,1259.0
4227,ID00031,128.0,82,1131.0,1259.0
4228,ID00032,127.0,82,1131.0,1258.0
4229,ID00033,127.0,82,1131.0,1258.0
4230,ID00034,127.0,82,1131.0,1258.0
4231,ID00035,127.0,82,1131.0,1258.0
4232,ID00036,27.0,82,1267.0,1294.0
4233,ID00037,64.0,82,1297.0,1361.0
4234,ID00038,131.0,82,1364.0,1495.0
4235,ID00039,129.0,82,1364.0,1493.0
4236,ID00040,131.0,82,1364.0,1495.0
4237,ID00041,128.0,82,1364.0,1492.0
4238,ID00042,126.0,82,1364.0,1490.0
4239,ID00043,128.0,82,1364.0,1492.0
4240,ID00044,129.0,82,1364.0,1493.0
4241,ID00045,129.0,82,1364.0,1493.0
4242,ID00046,30.0,82,1537.0,1567.0
4243,ID00047,59.0,82,1570.0,1629.0
4244,ID00048,59.0,82,2281.0,2340.0
4245,ID00049,6.0,82,2354.0,2360.0
4246,finish,0.0,82,2362.0,2362.0
4247,entry,0.0,83,900,900.0
4248,ID00000,57.0,83,1186.0,1243.0
4249,ID00001,56.0,83,1186.0,1242.0
4250,ID00002,54.0,83,1186.0,1240.0
4251,ID00003,54.0,83,1186.0,1240.0
4252,ID00004,56.0,83,1185.0,1241.0
4253,ID00005,55.0,83,1186.0,1241.0
4254,ID00006,55.0,83,1186.0,1241.0
4255,ID00007,55.0,83,1186.0,1241.0
4256,ID00008,55.0,83,1186.0,1241.0
4257,ID00009,55.0,83,1186.0,1241.0
4258,ID00010,54.0,83,1186.0,1240.0
4259,ID00011,54.0,83,1186.0,1240.0
4260,ID00012,1768.0,83,1250.0,3018.0
4261,ID00013,1486.0,83,1250.0,2736.0
4262,ID00014,1667.0,83,1248.0,2915.0
4263,ID00015,1360.0,83,1247.0,2607.0
4264,ID00016,1286.0,83,1248.0,2534.0
4265,ID00017,1598.0,83,1248.0,2846.0
4266,ID00018,880.0,83,1248.0,2128.0
4267,ID00019,1746.0,83,1248.0,2994.0
4268,ID00020,988.0,83,1248.0,2236.0
4269,ID00021,1553.0,83,1248.0,2801.0
4270,ID00022,2027.0,83,1248.0,3275.0
4271,ID00023,1807.0,83,1247.0,3054.0
4272,ID00024,17.0,83,3278.0,3295.0
4273,ID00025,15.0,83,3298.0,3313.0
4274,ID00026,15.0,83,3298.0,3313.0
4275,ID00027,16.0,83,3298.0,3314.0
4276,ID00028,14.0,83,3298.0,3312.0
4277,ID00029,18.0,83,3298.0,3316.0
4278,ID00030,17.0,83,3298.0,3315.0
4279,ID00031,17.0,83,3298.0,3315.0
4280,ID00032,16.0,83,3298.0,3314.0
4281,ID00033,16.0,83,3298.0,3314.0
4282,ID00034,17.0,83,3298.0,3315.0
4283,ID00035,15.0,83,3298.0,3313.0
4284,ID00036,13.0,83,3298.0,3311.0
4285,ID00037,1607.0,83,3316.0,4923.0
4286,ID00038,1213.0,83,3316.0,4529.0
4287,ID00039,1186.0,83,3317.0,4503.0
4288,ID00040,1749.0,83,3315.0,5064.0
4289,ID00041,1473.0,83,3319.0,4792.0
4290,ID00042,1670.0,83,3318.0,4988.0
4291,ID00043,1139.0,83,3318.0,4457.0
4292,ID00044,1855.0,83,3317.0,5172.0
4293,ID00045,2015.0,83,3317.0,5332.0
4294,ID00046,2007.0,83,3318.0,5325.0
4295,ID00047,1767.0,83,3316.0,5083.0
4296,ID00048,911.0,83,3314.0,4225.0
4297,ID00049,16.0,83,5335.0,5351.0
4298,finish,0.0,83,5352.0,5352.0
4299,entry,0.0,84,900,900.0
4300,ID00000,3.0,84,908.0,911.0
4301,ID00001,3.0,84,904.0,907.0
4302,ID00002,3.0,84,904.0,907.0
4303,ID00003,3.0,84,904.0,907.0
4304,ID00004,3.0,84,904.0,907.0
4305,ID00005,3.0,84,904.0,907.0
4306,ID00006,3.0,84,904.0,907.0
4307,ID00007,3.0,84,904.0,907.0
4308,ID00008,3.0,84,904.0,907.0
4309,ID00009,3.0,84,904.0,907.0
4310,ID00010,3.0,84,904.0,907.0
4311,ID00011,3.0,84,904.0,907.0
4312,ID00012,3.0,84,904.0,907.0
4313,ID00013,497.0,84,902.0,1399.0
4314,ID00014,10.0,84,902.0,912.0
4315,ID00015,20.0,84,903.0,923.0
4316,ID00016,468.0,84,1804.0,2272.0
4317,ID00017,134.0,84,2275.0,2409.0
4318,ID00018,3.0,84,2423.0,2426.0
4319,ID00019,3.0,84,2423.0,2426.0
4320,ID00020,329.0,84,2423.0,2752.0
4321,ID00021,9.0,84,2427.0,2436.0
4322,ID00022,3.0,84,2423.0,2426.0
4323,ID00023,3.0,84,2760.0,2763.0
4324,ID00025,3.0,84,908.0,911.0
4325,ID00026,3.0,84,904.0,907.0
4326,ID00027,3.0,84,904.0,907.0
4327,ID00028,3.0,84,904.0,907.0
4328,ID00029,3.0,84,904.0,907.0
4329,ID00030,3.0,84,904.0,907.0
4330,ID00031,3.0,84,904.0,907.0
4331,ID00032,3.0,84,904.0,907.0
4332,ID00033,3.0,84,904.0,907.0
4333,ID00034,3.0,84,904.0,907.0
4334,ID00035,3.0,84,904.0,907.0
4335,ID00036,3.0,84,904.0,907.0
4336,ID00037,3.0,84,904.0,907.0
4337,ID00038,277.0,84,902.0,1179.0
4338,ID00039,10.0,84,902.0,912.0
4339,ID00040,9.0,84,903.0,912.0
4340,ID00041,626.0,84,1808.0,2434.0
4341,ID00042,46.0,84,2437.0,2483.0
4342,ID00043,3.0,84,2497.0,2500.0
4343,ID00044,3.0,84,2497.0,2500.0
4344,ID00045,319.0,84,2497.0,2816.0
4345,ID00046,9.0,84,2501.0,2510.0
4346,ID00047,3.0,84,2497.0,2500.0
4347,ID00048,3.0,84,2824.0,2827.0
4348,finish,0.0,84,2835.0,2835.0
4349,entry,0.0,85,900,900.0
4350,ID00000,165.0,85,923.0,1088.0
4351,ID00001,165.0,85,923.0,1088.0
4352,ID00002,166.0,85,923.0,1089.0
4353,ID00003,166.0,85,923.0,1089.0
4354,ID00004,163.0,85,923.0,1086.0
4355,ID00005,166.0,85,923.0,1089.0
4356,ID00006,164.0,85,923.0,1087.0
4357,ID00007,166.0,85,923.0,1089.0
4358,ID00008,129.0,85,1130.0,1259.0
4359,ID00009,128.0,85,1131.0,1259.0
4360,ID00010,126.0,85,1130.0,1256.0
4361,ID00011,128.0,85,1131.0,1259.0
4362,ID00012,129.0,85,1130.0,1259.0
4363,ID00013,126.0,85,1131.0,1257.0
4364,ID00014,128.0,85,1131.0,1259.0
4365,ID00015,128.0,85,1131.0,1259.0
4366,ID00016,127.0,85,1131.0,1258.0
4367,ID00017,125.0,85,1131.0,1256.0
4368,ID00018,129.0,85,1131.0,1260.0
4369,ID00019,127.0,85,1131.0,1258.0
4370,ID00020,126.0,85,1131.0,1257.0
4371,ID00021,129.0,85,1131.0,1260.0
4372,ID00022,127.0,85,1131.0,1258.0
4373,ID00023,129.0,85,1131.0,1260.0
4374,ID00024,126.0,85,1128.0,1254.0
4375,ID00025,127.0,85,1131.0,1258.0
4376,ID00026,130.0,85,1131.0,1261.0
4377,ID00027,126.0,85,1131.0,1257.0
4378,ID00028,128.0,85,1131.0,1259.0
4379,ID00029,128.0,85,1130.0,1258.0
4380,ID00030,128.0,85,1131.0,1259.0
4381,ID00031,128.0,85,1131.0,1259.0
4382,ID00032,127.0,85,1131.0,1258.0
4383,ID00033,127.0,85,1131.0,1258.0
4384,ID00034,127.0,85,1131.0,1258.0
4385,ID00035,127.0,85,1131.0,1258.0
4386,ID00036,27.0,85,1267.0,1294.0
4387,ID00037,64.0,85,1297.0,1361.0
4388,ID00038,131.0,85,1364.0,1495.0
4389,ID00039,129.0,85,1364.0,1493.0
4390,ID00040,131.0,85,1364.0,1495.0
4391,ID00041,128.0,85,1364.0,1492.0
4392,ID00042,126.0,85,1364.0,1490.0
4393,ID00043,128.0,85,1364.0,1492.0
4394,ID00044,129.0,85,1364.0,1493.0
4395,ID00045,129.0,85,1364.0,1493.0
4396,ID00046,30.0,85,1537.0,1567.0
4397,ID00047,59.0,85,1570.0,1629.0
4398,ID00048,59.0,85,2281.0,2340.0
4399,ID00049,6.0,85,2354.0,2360.0
4400,finish,0.0,85,2362.0,2362.0
4401,entry,0.0,86,900,900.0
4402,ID00000,6.0,86,6887.0,6893.0
4403,ID00001,5.0,86,6858.0,6863.0
4404,ID00002,3417.0,86,2467.0,5884.0
4405,ID00003,542.0,86,5908.0,6450.0
4406,ID00004,27.0,86,6453.0,6480.0
4407,ID00005,627.0,86,5908.0,6535.0
4408,ID00006,22.0,86,6538.0,6560.0
4409,ID00007,382.0,86,5908.0,6290.0
4410,ID00008,20.0,86,6293.0,6313.0
4411,ID00009,449.0,86,5908.0,6357.0
4412,ID00010,27.0,86,6360.0,6387.0
4413,ID00011,453.0,86,5908.0,6361.0
4414,ID00012,27.0,86,6364.0,6391.0
4415,ID00013,757.0,86,5908.0,6665.0
4416,ID00014,28.0,86,6668.0,6696.0
4417,ID00015,598.0,86,5908.0,6506.0
4418,ID00016,12.0,86,6509.0,6521.0
4419,ID00017,445.0,86,5908.0,6353.0
4420,ID00018,10.0,86,6356.0,6366.0
4421,ID00019,947.0,86,5908.0,6855.0
4422,ID00020,26.0,86,6858.0,6884.0
4423,ID00021,688.0,86,5908.0,6596.0
4424,ID00022,25.0,86,6599.0,6624.0
4425,ID00023,2589.0,86,2475.0,5064.0
4426,ID00024,1086.0,86,5080.0,6166.0
4427,ID00025,15.0,86,6169.0,6184.0
4428,ID00026,669.0,86,5080.0,5749.0
4429,ID00027,21.0,86,5752.0,5773.0
4430,ID00028,784.0,86,5080.0,5864.0
4431,ID00029,21.0,86,5867.0,5888.0
4432,ID00030,937.0,86,5080.0,6017.0
4433,ID00031,11.0,86,6020.0,6031.0
4434,ID00032,541.0,86,5080.0,5621.0
4435,ID00033,22.0,86,5624.0,5646.0
4436,ID00034,518.0,86,5080.0,5598.0
4437,ID00035,20.0,86,5601.0,5621.0
4438,ID00036,1103.0,86,5080.0,6183.0
4439,ID00037,19.0,86,6186.0,6205.0
4440,ID00038,969.0,86,5080.0,6049.0
4441,ID00039,19.0,86,6052.0,6071.0
4442,ID00040,490.0,86,5080.0,5570.0
4443,ID00041,27.0,86,5573.0,5600.0
4444,ID00042,984.0,86,5080.0,6064.0
4445,ID00043,19.0,86,6067.0,6086.0
4446,ID00044,446.0,86,5080.0,5526.0
4447,ID00045,23.0,86,5529.0,5552.0
4448,ID00046,441.0,86,5080.0,5521.0
4449,ID00047,10.0,86,5524.0,5534.0
4450,ID00048,602.0,86,5080.0,5682.0
4451,ID00049,12.0,86,5685.0,5697.0
4452,finish,0.0,86,6894.0,6894.0
4453,entry,0.0,87,900,900.0
4454,ID00000,57.0,87,1186.0,1243.0
4455,ID00001,56.0,87,1186.0,1242.0
4456,ID00002,54.0,87,1186.0,1240.0
4457,ID00003,54.0,87,1186.0,1240.0
4458,ID00004,56.0,87,1185.0,1241.0
4459,ID00005,55.0,87,1186.0,1241.0
4460,ID00006,55.0,87,1186.0,1241.0
4461,ID00007,55.0,87,1186.0,1241.0
4462,ID00008,55.0,87,1186.0,1241.0
4463,ID00009,55.0,87,1186.0,1241.0
4464,ID00010,54.0,87,1186.0,1240.0
4465,ID00011,54.0,87,1186.0,1240.0
4466,ID00012,1768.0,87,1250.0,3018.0
4467,ID00013,1486.0,87,1250.0,2736.0
4468,ID00014,1667.0,87,1248.0,2915.0
4469,ID00015,1360.0,87,1247.0,2607.0
4470,ID00016,1286.0,87,1248.0,2534.0
4471,ID00017,1598.0,87,1248.0,2846.0
4472,ID00018,880.0,87,1248.0,2128.0
4473,ID00019,1746.0,87,1248.0,2994.0
4474,ID00020,988.0,87,1248.0,2236.0
4475,ID00021,1553.0,87,1248.0,2801.0
4476,ID00022,2027.0,87,1248.0,3275.0
4477,ID00023,1807.0,87,1247.0,3054.0
4478,ID00024,17.0,87,3278.0,3295.0
4479,ID00025,15.0,87,3298.0,3313.0
4480,ID00026,15.0,87,3298.0,3313.0
4481,ID00027,16.0,87,3298.0,3314.0
4482,ID00028,14.0,87,3298.0,3312.0
4483,ID00029,18.0,87,3298.0,3316.0
4484,ID00030,17.0,87,3298.0,3315.0
4485,ID00031,17.0,87,3298.0,3315.0
4486,ID00032,16.0,87,3298.0,3314.0
4487,ID00033,16.0,87,3298.0,3314.0
4488,ID00034,17.0,87,3298.0,3315.0
4489,ID00035,15.0,87,3298.0,3313.0
4490,ID00036,13.0,87,3298.0,3311.0
4491,ID00037,1607.0,87,3316.0,4923.0
4492,ID00038,1213.0,87,3316.0,4529.0
4493,ID00039,1186.0,87,3317.0,4503.0
4494,ID00040,1749.0,87,3315.0,5064.0
4495,ID00041,1473.0,87,3319.0,4792.0
4496,ID00042,1670.0,87,3318.0,4988.0
4497,ID00043,1139.0,87,3318.0,4457.0
4498,ID00044,1855.0,87,3317.0,5172.0
4499,ID00045,2015.0,87,3317.0,5332.0
4500,ID00046,2007.0,87,3318.0,5325.0
4501,ID00047,1767.0,87,3316.0,5083.0
4502,ID00048,911.0,87,3314.0,4225.0
4503,ID00049,16.0,87,5335.0,5351.0
4504,finish,0.0,87,5352.0,5352.0
4505,entry,0.0,88,900,900.0
4506,ID00000,57.0,88,1186.0,1243.0
4507,ID00001,56.0,88,1186.0,1242.0
4508,ID00002,54.0,88,1186.0,1240.0
4509,ID00003,54.0,88,1186.0,1240.0
4510,ID00004,56.0,88,1185.0,1241.0
4511,ID00005,55.0,88,1186.0,1241.0
4512,ID00006,55.0,88,1186.0,1241.0
4513,ID00007,55.0,88,1186.0,1241.0
4514,ID00008,55.0,88,1186.0,1241.0
4515,ID00009,55.0,88,1186.0,1241.0
4516,ID00010,54.0,88,1186.0,1240.0
4517,ID00011,54.0,88,1186.0,1240.0
4518,ID00012,1768.0,88,1250.0,3018.0
4519,ID00013,1486.0,88,1250.0,2736.0
4520,ID00014,1667.0,88,1248.0,2915.0
4521,ID00015,1360.0,88,1247.0,2607.0
4522,ID00016,1286.0,88,1248.0,2534.0
4523,ID00017,1598.0,88,1248.0,2846.0
4524,ID00018,880.0,88,1248.0,2128.0
4525,ID00019,1746.0,88,1248.0,2994.0
4526,ID00020,988.0,88,1248.0,2236.0
4527,ID00021,1553.0,88,1248.0,2801.0
4528,ID00022,2027.0,88,1248.0,3275.0
4529,ID00023,1807.0,88,1247.0,3054.0
4530,ID00024,17.0,88,3278.0,3295.0
4531,ID00025,15.0,88,3298.0,3313.0
4532,ID00026,15.0,88,3298.0,3313.0
4533,ID00027,16.0,88,3298.0,3314.0
4534,ID00028,14.0,88,3298.0,3312.0
4535,ID00029,18.0,88,3298.0,3316.0
4536,ID00030,17.0,88,3298.0,3315.0
4537,ID00031,17.0,88,3298.0,3315.0
4538,ID00032,16.0,88,3298.0,3314.0
4539,ID00033,16.0,88,3298.0,3314.0
4540,ID00034,17.0,88,3298.0,3315.0
4541,ID00035,15.0,88,3298.0,3313.0
4542,ID00036,13.0,88,3298.0,3311.0
4543,ID00037,1607.0,88,3316.0,4923.0
4544,ID00038,1213.0,88,3316.0,4529.0
4545,ID00039,1186.0,88,3317.0,4503.0
4546,ID00040,1749.0,88,3315.0,5064.0
4547,ID00041,1473.0,88,3319.0,4792.0
4548,ID00042,1670.0,88,3318.0,4988.0
4549,ID00043,1139.0,88,3318.0,4457.0
4550,ID00044,1855.0,88,3317.0,5172.0
4551,ID00045,2015.0,88,3317.0,5332.0
4552,ID00046,2007.0,88,3318.0,5325.0
4553,ID00047,1767.0,88,3316.0,5083.0
4554,ID00048,911.0,88,3314.0,4225.0
4555,ID00049,16.0,88,5335.0,5351.0
4556,finish,0.0,88,5352.0,5352.0
4557,entry,0.0,89,900,900.0
4558,ID00000,165.0,89,923.0,1088.0
4559,ID00001,165.0,89,923.0,1088.0
4560,ID00002,166.0,89,923.0,1089.0
4561,ID00003,166.0,89,923.0,1089.0
4562,ID00004,163.0,89,923.0,1086.0
4563,ID00005,166.0,89,923.0,1089.0
4564,ID00006,164.0,89,923.0,1087.0
4565,ID00007,166.0,89,923.0,1089.0
4566,ID00008,129.0,89,1130.0,1259.0
4567,ID00009,128.0,89,1131.0,1259.0
4568,ID00010,126.0,89,1130.0,1256.0
4569,ID00011,128.0,89,1131.0,1259.0
4570,ID00012,129.0,89,1130.0,1259.0
4571,ID00013,126.0,89,1131.0,1257.0
4572,ID00014,128.0,89,1131.0,1259.0
4573,ID00015,128.0,89,1131.0,1259.0
4574,ID00016,127.0,89,1131.0,1258.0
4575,ID00017,125.0,89,1131.0,1256.0
4576,ID00018,129.0,89,1131.0,1260.0
4577,ID00019,127.0,89,1131.0,1258.0
4578,ID00020,126.0,89,1131.0,1257.0
4579,ID00021,129.0,89,1131.0,1260.0
4580,ID00022,127.0,89,1131.0,1258.0
4581,ID00023,129.0,89,1131.0,1260.0
4582,ID00024,126.0,89,1128.0,1254.0
4583,ID00025,127.0,89,1131.0,1258.0
4584,ID00026,130.0,89,1131.0,1261.0
4585,ID00027,126.0,89,1131.0,1257.0
4586,ID00028,128.0,89,1131.0,1259.0
4587,ID00029,128.0,89,1130.0,1258.0
4588,ID00030,128.0,89,1131.0,1259.0
4589,ID00031,128.0,89,1131.0,1259.0
4590,ID00032,127.0,89,1131.0,1258.0
4591,ID00033,127.0,89,1131.0,1258.0
4592,ID00034,127.0,89,1131.0,1258.0
4593,ID00035,127.0,89,1131.0,1258.0
4594,ID00036,27.0,89,1267.0,1294.0
4595,ID00037,64.0,89,1297.0,1361.0
4596,ID00038,131.0,89,1364.0,1495.0
4597,ID00039,129.0,89,1364.0,1493.0
4598,ID00040,131.0,89,1364.0,1495.0
4599,ID00041,128.0,89,1364.0,1492.0
4600,ID00042,126.0,89,1364.0,1490.0
4601,ID00043,128.0,89,1364.0,1492.0
4602,ID00044,129.0,89,1364.0,1493.0
4603,ID00045,129.0,89,1364.0,1493.0
4604,ID00046,30.0,89,1537.0,1567.0
4605,ID00047,59.0,89,1570.0,1629.0
4606,ID00048,59.0,89,2281.0,2340.0
4607,ID00049,6.0,89,2354.0,2360.0
4608,finish,0.0,89,2362.0,2362.0
4609,entry,0.0,90,900,900.0
4610,ID00000,6.0,90,6887.0,6893.0
4611,ID00001,5.0,90,6858.0,6863.0
4612,ID00002,3417.0,90,2467.0,5884.0
4613,ID00003,542.0,90,5908.0,6450.0
4614,ID00004,27.0,90,6453.0,6480.0
4615,ID00005,627.0,90,5908.0,6535.0
4616,ID00006,22.0,90,6538.0,6560.0
4617,ID00007,382.0,90,5908.0,6290.0
4618,ID00008,20.0,90,6293.0,6313.0
4619,ID00009,449.0,90,5908.0,6357.0
4620,ID00010,27.0,90,6360.0,6387.0
4621,ID00011,453.0,90,5908.0,6361.0
4622,ID00012,27.0,90,6364.0,6391.0
4623,ID00013,757.0,90,5908.0,6665.0
4624,ID00014,28.0,90,6668.0,6696.0
4625,ID00015,598.0,90,5908.0,6506.0
4626,ID00016,12.0,90,6509.0,6521.0
4627,ID00017,445.0,90,5908.0,6353.0
4628,ID00018,10.0,90,6356.0,6366.0
4629,ID00019,947.0,90,5908.0,6855.0
4630,ID00020,26.0,90,6858.0,6884.0
4631,ID00021,688.0,90,5908.0,6596.0
4632,ID00022,25.0,90,6599.0,6624.0
4633,ID00023,2589.0,90,2475.0,5064.0
4634,ID00024,1086.0,90,5080.0,6166.0
4635,ID00025,15.0,90,6169.0,6184.0
4636,ID00026,669.0,90,5080.0,5749.0
4637,ID00027,21.0,90,5752.0,5773.0
4638,ID00028,784.0,90,5080.0,5864.0
4639,ID00029,21.0,90,5867.0,5888.0
4640,ID00030,937.0,90,5080.0,6017.0
4641,ID00031,11.0,90,6020.0,6031.0
4642,ID00032,541.0,90,5080.0,5621.0
4643,ID00033,22.0,90,5624.0,5646.0
4644,ID00034,518.0,90,5080.0,5598.0
4645,ID00035,20.0,90,5601.0,5621.0
4646,ID00036,1103.0,90,5080.0,6183.0
4647,ID00037,19.0,90,6186.0,6205.0
4648,ID00038,969.0,90,5080.0,6049.0
4649,ID00039,19.0,90,6052.0,6071.0
4650,ID00040,490.0,90,5080.0,5570.0
4651,ID00041,27.0,90,5573.0,5600.0
4652,ID00042,984.0,90,5080.0,6064.0
4653,ID00043,19.0,90,6067.0,6086.0
4654,ID00044,446.0,90,5080.0,5526.0
4655,ID00045,23.0,90,5529.0,5552.0
4656,ID00046,441.0,90,5080.0,5521.0
4657,ID00047,10.0,90,5524.0,5534.0
4658,ID00048,602.0,90,5080.0,5682.0
4659,ID00049,12.0,90,5685.0,5697.0
4660,finish,0.0,90,6894.0,6894.0
4661,entry,0.0,91,900,900.0
4662,ID00000,6.0,91,6887.0,6893.0
4663,ID00001,5.0,91,6858.0,6863.0
4664,ID00002,3417.0,91,2467.0,5884.0
4665,ID00003,542.0,91,5908.0,6450.0
4666,ID00004,27.0,91,6453.0,6480.0
4667,ID00005,627.0,91,5908.0,6535.0
4668,ID00006,22.0,91,6538.0,6560.0
4669,ID00007,382.0,91,5908.0,6290.0
4670,ID00008,20.0,91,6293.0,6313.0
4671,ID00009,449.0,91,5908.0,6357.0
4672,ID00010,27.0,91,6360.0,6387.0
4673,ID00011,453.0,91,5908.0,6361.0
4674,ID00012,27.0,91,6364.0,6391.0
4675,ID00013,757.0,91,5908.0,6665.0
4676,ID00014,28.0,91,6668.0,6696.0
4677,ID00015,598.0,91,5908.0,6506.0
4678,ID00016,12.0,91,6509.0,6521.0
4679,ID00017,445.0,91,5908.0,6353.0
4680,ID00018,10.0,91,6356.0,6366.0
4681,ID00019,947.0,91,5908.0,6855.0
4682,ID00020,26.0,91,6858.0,6884.0
4683,ID00021,688.0,91,5908.0,6596.0
4684,ID00022,25.0,91,6599.0,6624.0
4685,ID00023,2589.0,91,2475.0,5064.0
4686,ID00024,1086.0,91,5080.0,6166.0
4687,ID00025,15.0,91,6169.0,6184.0
4688,ID00026,669.0,91,5080.0,5749.0
4689,ID00027,21.0,91,5752.0,5773.0
4690,ID00028,784.0,91,5080.0,5864.0
4691,ID00029,21.0,91,5867.0,5888.0
4692,ID00030,937.0,91,5080.0,6017.0
4693,ID00031,11.0,91,6020.0,6031.0
4694,ID00032,541.0,91,5080.0,5621.0
4695,ID00033,22.0,91,5624.0,5646.0
4696,ID00034,518.0,91,5080.0,5598.0
4697,ID00035,20.0,91,5601.0,5621.0
4698,ID00036,1103.0,91,5080.0,6183.0
4699,ID00037,19.0,91,6186.0,6205.0
4700,ID00038,969.0,91,5080.0,6049.0
4701,ID00039,19.0,91,6052.0,6071.0
4702,ID00040,490.0,91,5080.0,5570.0
4703,ID00041,27.0,91,5573.0,5600.0
4704,ID00042,984.0,91,5080.0,6064.0
4705,ID00043,19.0,91,6067.0,6086.0
4706,ID00044,446.0,91,5080.0,5526.0
4707,ID00045,23.0,91,5529.0,5552.0
4708,ID00046,441.0,91,5080.0,5521.0
4709,ID00047,10.0,91,5524.0,5534.0
4710,ID00048,602.0,91,5080.0,5682.0
4711,ID00049,12.0,91,5685.0,5697.0
4712,finish,0.0,91,6894.0,6894.0
4713,entry,0.0,92,900,900.0
4714,ID00000,3.0,92,908.0,911.0
4715,ID00001,3.0,92,904.0,907.0
4716,ID00002,3.0,92,904.0,907.0
4717,ID00003,3.0,92,904.0,907.0
4718,ID00004,3.0,92,904.0,907.0
4719,ID00005,3.0,92,904.0,907.0
4720,ID00006,3.0,92,904.0,907.0
4721,ID00007,3.0,92,904.0,907.0
4722,ID00008,3.0,92,904.0,907.0
4723,ID00009,3.0,92,904.0,907.0
4724,ID00010,3.0,92,904.0,907.0
4725,ID00011,3.0,92,904.0,907.0
4726,ID00012,3.0,92,904.0,907.0
4727,ID00013,497.0,92,902.0,1399.0
4728,ID00014,10.0,92,902.0,912.0
4729,ID00015,20.0,92,903.0,923.0
4730,ID00016,468.0,92,1804.0,2272.0
4731,ID00017,134.0,92,2275.0,2409.0
4732,ID00018,3.0,92,2423.0,2426.0
4733,ID00019,3.0,92,2423.0,2426.0
4734,ID00020,329.0,92,2423.0,2752.0
4735,ID00021,9.0,92,2427.0,2436.0
4736,ID00022,3.0,92,2423.0,2426.0
4737,ID00023,3.0,92,2760.0,2763.0
4738,ID00025,3.0,92,908.0,911.0
4739,ID00026,3.0,92,904.0,907.0
4740,ID00027,3.0,92,904.0,907.0
4741,ID00028,3.0,92,904.0,907.0
4742,ID00029,3.0,92,904.0,907.0
4743,ID00030,3.0,92,904.0,907.0
4744,ID00031,3.0,92,904.0,907.0
4745,ID00032,3.0,92,904.0,907.0
4746,ID00033,3.0,92,904.0,907.0
4747,ID00034,3.0,92,904.0,907.0
4748,ID00035,3.0,92,904.0,907.0
4749,ID00036,3.0,92,904.0,907.0
4750,ID00037,3.0,92,904.0,907.0
4751,ID00038,277.0,92,902.0,1179.0
4752,ID00039,10.0,92,902.0,912.0
4753,ID00040,9.0,92,903.0,912.0
4754,ID00041,626.0,92,1808.0,2434.0
4755,ID00042,46.0,92,2437.0,2483.0
4756,ID00043,3.0,92,2497.0,2500.0
4757,ID00044,3.0,92,2497.0,2500.0
4758,ID00045,319.0,92,2497.0,2816.0
4759,ID00046,9.0,92,2501.0,2510.0
4760,ID00047,3.0,92,2497.0,2500.0
4761,ID00048,3.0,92,2824.0,2827.0
4762,finish,0.0,92,2835.0,2835.0
4763,entry,0.0,93,900,900.0
4764,ID00000,3.0,93,974.0,977.0
4765,ID00001,3.0,93,927.0,930.0
4766,ID00002,3.0,93,1053.0,1056.0
4767,ID00003,3.0,93,1053.0,1056.0
4768,ID00004,3.0,93,1053.0,1056.0
4769,ID00005,3.0,93,1053.0,1056.0
4770,ID00006,3.0,93,1053.0,1056.0
4771,ID00007,3.0,93,960.0,963.0
4772,ID00008,3.0,93,960.0,963.0
4773,ID00009,3.0,93,960.0,963.0
4774,ID00010,3.0,93,960.0,963.0
4775,ID00011,3.0,93,960.0,963.0
4776,ID00012,3.0,93,1072.0,1075.0
4777,ID00013,3.0,93,1070.0,1073.0
4778,ID00014,3.0,93,1072.0,1075.0
4779,ID00015,3.0,93,1072.0,1075.0
4780,ID00016,3.0,93,1072.0,1075.0
4781,ID00017,3.0,93,969.0,972.0
4782,ID00018,3.0,93,969.0,972.0
4783,ID00019,3.0,93,969.0,972.0
4784,ID00020,3.0,93,969.0,972.0
4785,ID00021,3.0,93,969.0,972.0
4786,ID00022,3.0,93,1081.0,1084.0
4787,ID00023,3.0,93,1078.0,1081.0
4788,ID00024,3.0,93,1080.0,1083.0
4789,ID00025,3.0,93,1085.0,1088.0
4790,ID00026,3.0,93,1081.0,1084.0
4791,ID00027,3.0,93,974.0,977.0
4792,ID00028,3.0,93,974.0,977.0
4793,ID00029,3.0,93,974.0,977.0
4794,ID00030,3.0,93,974.0,977.0
4795,ID00031,3.0,93,975.0,978.0
4796,ID00032,172.0,93,1086.0,1258.0
4797,ID00033,230.0,93,1083.0,1313.0
4798,ID00034,125.0,93,1085.0,1210.0
4799,ID00035,175.0,93,1091.0,1266.0
4800,ID00036,163.0,93,1086.0,1249.0
4801,ID00037,178.0,93,978.0,1156.0
4802,ID00038,217.0,93,978.0,1195.0
4803,ID00039,175.0,93,978.0,1153.0
4804,ID00040,181.0,93,978.0,1159.0
4805,ID00041,158.0,93,979.0,1137.0
4806,ID00042,3.0,93,1315.0,1318.0
4807,ID00043,3.0,93,1196.0,1199.0
4808,ID00044,3.0,93,1326.0,1329.0
4809,ID00045,3.0,93,1340.0,1343.0
4810,ID00046,62.0,93,1344.0,1406.0
4811,finish,0.0,93,1407.0,1407.0
4812,entry,0.0,94,900,900.0
4813,ID00000,3.0,94,908.0,911.0
4814,ID00001,3.0,94,904.0,907.0
4815,ID00002,3.0,94,904.0,907.0
4816,ID00003,3.0,94,904.0,907.0
4817,ID00004,3.0,94,904.0,907.0
4818,ID00005,3.0,94,904.0,907.0
4819,ID00006,3.0,94,904.0,907.0
4820,ID00007,3.0,94,904.0,907.0
4821,ID00008,3.0,94,904.0,907.0
4822,ID00009,3.0,94,904.0,907.0
4823,ID00010,3.0,94,904.0,907.0
4824,ID00011,3.0,94,904.0,907.0
4825,ID00012,3.0,94,904.0,907.0
4826,ID00013,497.0,94,902.0,1399.0
4827,ID00014,10.0,94,902.0,912.0
4828,ID00015,20.0,94,903.0,923.0
4829,ID00016,468.0,94,1804.0,2272.0
4830,ID00017,134.0,94,2275.0,2409.0
4831,ID00018,3.0,94,2423.0,2426.0
4832,ID00019,3.0,94,2423.0,2426.0
4833,ID00020,329.0,94,2423.0,2752.0
4834,ID00021,9.0,94,2427.0,2436.0
4835,ID00022,3.0,94,2423.0,2426.0
4836,ID00023,3.0,94,2760.0,2763.0
4837,ID00025,3.0,94,908.0,911.0
4838,ID00026,3.0,94,904.0,907.0
4839,ID00027,3.0,94,904.0,907.0
4840,ID00028,3.0,94,904.0,907.0
4841,ID00029,3.0,94,904.0,907.0
4842,ID00030,3.0,94,904.0,907.0
4843,ID00031,3.0,94,904.0,907.0
4844,ID00032,3.0,94,904.0,907.0
4845,ID00033,3.0,94,904.0,907.0
4846,ID00034,3.0,94,904.0,907.0
4847,ID00035,3.0,94,904.0,907.0
4848,ID00036,3.0,94,904.0,907.0
4849,ID00037,3.0,94,904.0,907.0
4850,ID00038,277.0,94,902.0,1179.0
4851,ID00039,10.0,94,902.0,912.0
4852,ID00040,9.0,94,903.0,912.0
4853,ID00041,626.0,94,1808.0,2434.0
4854,ID00042,46.0,94,2437.0,2483.0
4855,ID00043,3.0,94,2497.0,2500.0
4856,ID00044,3.0,94,2497.0,2500.0
4857,ID00045,319.0,94,2497.0,2816.0
4858,ID00046,9.0,94,2501.0,2510.0
4859,ID00047,3.0,94,2497.0,2500.0
4860,ID00048,3.0,94,2824.0,2827.0
4861,finish,0.0,94,2835.0,2835.0
4862,entry,0.0,95,900,900.0
4863,ID00000,3.0,95,974.0,977.0
4864,ID00001,3.0,95,927.0,930.0
4865,ID00002,3.0,95,1053.0,1056.0
4866,ID00003,3.0,95,1053.0,1056.0
4867,ID00004,3.0,95,1053.0,1056.0
4868,ID00005,3.0,95,1053.0,1056.0
4869,ID00006,3.0,95,1053.0,1056.0
4870,ID00007,3.0,95,960.0,963.0
4871,ID00008,3.0,95,960.0,963.0
4872,ID00009,3.0,95,960.0,963.0
4873,ID00010,3.0,95,960.0,963.0
4874,ID00011,3.0,95,960.0,963.0
4875,ID00012,3.0,95,1072.0,1075.0
4876,ID00013,3.0,95,1070.0,1073.0
4877,ID00014,3.0,95,1072.0,1075.0
4878,ID00015,3.0,95,1072.0,1075.0
4879,ID00016,3.0,95,1072.0,1075.0
4880,ID00017,3.0,95,969.0,972.0
4881,ID00018,3.0,95,969.0,972.0
4882,ID00019,3.0,95,969.0,972.0
4883,ID00020,3.0,95,969.0,972.0
4884,ID00021,3.0,95,969.0,972.0
4885,ID00022,3.0,95,1081.0,1084.0
4886,ID00023,3.0,95,1078.0,1081.0
4887,ID00024,3.0,95,1080.0,1083.0
4888,ID00025,3.0,95,1085.0,1088.0
4889,ID00026,3.0,95,1081.0,1084.0
4890,ID00027,3.0,95,974.0,977.0
4891,ID00028,3.0,95,974.0,977.0
4892,ID00029,3.0,95,974.0,977.0
4893,ID00030,3.0,95,974.0,977.0
4894,ID00031,3.0,95,975.0,978.0
4895,ID00032,172.0,95,1086.0,1258.0
4896,ID00033,230.0,95,1083.0,1313.0
4897,ID00034,125.0,95,1085.0,1210.0
4898,ID00035,175.0,95,1091.0,1266.0
4899,ID00036,163.0,95,1086.0,1249.0
4900,ID00037,178.0,95,978.0,1156.0
4901,ID00038,217.0,95,978.0,1195.0
4902,ID00039,175.0,95,978.0,1153.0
4903,ID00040,181.0,95,978.0,1159.0
4904,ID00041,158.0,95,979.0,1137.0
4905,ID00042,3.0,95,1315.0,1318.0
4906,ID00043,3.0,95,1196.0,1199.0
4907,ID00044,3.0,95,1326.0,1329.0
4908,ID00045,3.0,95,1340.0,1343.0
4909,ID00046,62.0,95,1344.0,1406.0
4910,finish,0.0,95,1407.0,1407.0
4911,entry,0.0,96,900,900.0
4912,ID00000,6.0,96,6887.0,6893.0
4913,ID00001,5.0,96,6858.0,6863.0
4914,ID00002,3417.0,96,2467.0,5884.0
4915,ID00003,542.0,96,5908.0,6450.0
4916,ID00004,27.0,96,6453.0,6480.0
4917,ID00005,627.0,96,5908.0,6535.0
4918,ID00006,22.0,96,6538.0,6560.0
4919,ID00007,382.0,96,5908.0,6290.0
4920,ID00008,20.0,96,6293.0,6313.0
4921,ID00009,449.0,96,5908.0,6357.0
4922,ID00010,27.0,96,6360.0,6387.0
4923,ID00011,453.0,96,5908.0,6361.0
4924,ID00012,27.0,96,6364.0,6391.0
4925,ID00013,757.0,96,5908.0,6665.0
4926,ID00014,28.0,96,6668.0,6696.0
4927,ID00015,598.0,96,5908.0,6506.0
4928,ID00016,12.0,96,6509.0,6521.0
4929,ID00017,445.0,96,5908.0,6353.0
4930,ID00018,10.0,96,6356.0,6366.0
4931,ID00019,947.0,96,5908.0,6855.0
4932,ID00020,26.0,96,6858.0,6884.0
4933,ID00021,688.0,96,5908.0,6596.0
4934,ID00022,25.0,96,6599.0,6624.0
4935,ID00023,2589.0,96,2475.0,5064.0
4936,ID00024,1086.0,96,5080.0,6166.0
4937,ID00025,15.0,96,6169.0,6184.0
4938,ID00026,669.0,96,5080.0,5749.0
4939,ID00027,21.0,96,5752.0,5773.0
4940,ID00028,784.0,96,5080.0,5864.0
4941,ID00029,21.0,96,5867.0,5888.0
4942,ID00030,937.0,96,5080.0,6017.0
4943,ID00031,11.0,96,6020.0,6031.0
4944,ID00032,541.0,96,5080.0,5621.0
4945,ID00033,22.0,96,5624.0,5646.0
4946,ID00034,518.0,96,5080.0,5598.0
4947,ID00035,20.0,96,5601.0,5621.0
4948,ID00036,1103.0,96,5080.0,6183.0
4949,ID00037,19.0,96,6186.0,6205.0
4950,ID00038,969.0,96,5080.0,6049.0
4951,ID00039,19.0,96,6052.0,6071.0
4952,ID00040,490.0,96,5080.0,5570.0
4953,ID00041,27.0,96,5573.0,5600.0
4954,ID00042,984.0,96,5080.0,6064.0
4955,ID00043,19.0,96,6067.0,6086.0
4956,ID00044,446.0,96,5080.0,5526.0
4957,ID00045,23.0,96,5529.0,5552.0
4958,ID00046,441.0,96,5080.0,5521.0
4959,ID00047,10.0,96,5524.0,5534.0
4960,ID00048,602.0,96,5080.0,5682.0
4961,ID00049,12.0,96,5685.0,5697.0
4962,finish,0.0,96,6894.0,6894.0
4963,entry,0.0,97,900,900.0
4964,ID00000,3.0,97,908.0,911.0
4965,ID00001,3.0,97,904.0,907.0
4966,ID00002,3.0,97,904.0,907.0
4967,ID00003,3.0,97,904.0,907.0
4968,ID00004,3.0,97,904.0,907.0
4969,ID00005,3.0,97,904.0,907.0
4970,ID00006,3.0,97,904.0,907.0
4971,ID00007,3.0,97,904.0,907.0
4972,ID00008,3.0,97,904.0,907.0
4973,ID00009,3.0,97,904.0,907.0
4974,ID00010,3.0,97,904.0,907.0
4975,ID00011,3.0,97,904.0,907.0
4976,ID00012,3.0,97,904.0,907.0
4977,ID00013,497.0,97,902.0,1399.0
4978,ID00014,10.0,97,902.0,912.0
4979,ID00015,20.0,97,903.0,923.0
4980,ID00016,468.0,97,1804.0,2272.0
4981,ID00017,134.0,97,2275.0,2409.0
4982,ID00018,3.0,97,2423.0,2426.0
4983,ID00019,3.0,97,2423.0,2426.0
4984,ID00020,329.0,97,2423.0,2752.0
4985,ID00021,9.0,97,2427.0,2436.0
4986,ID00022,3.0,97,2423.0,2426.0
4987,ID00023,3.0,97,2760.0,2763.0
4988,ID00025,3.0,97,908.0,911.0
4989,ID00026,3.0,97,904.0,907.0
4990,ID00027,3.0,97,904.0,907.0
4991,ID00028,3.0,97,904.0,907.0
4992,ID00029,3.0,97,904.0,907.0
4993,ID00030,3.0,97,904.0,907.0
4994,ID00031,3.0,97,904.0,907.0
4995,ID00032,3.0,97,904.0,907.0
4996,ID00033,3.0,97,904.0,907.0
4997,ID00034,3.0,97,904.0,907.0
4998,ID00035,3.0,97,904.0,907.0
4999,ID00036,3.0,97,904.0,907.0
5000,ID00037,3.0,97,904.0,907.0
5001,ID00038,277.0,97,902.0,1179.0
5002,ID00039,10.0,97,902.0,912.0
5003,ID00040,9.0,97,903.0,912.0
5004,ID00041,626.0,97,1808.0,2434.0
5005,ID00042,46.0,97,2437.0,2483.0
5006,ID00043,3.0,97,2497.0,2500.0
5007,ID00044,3.0,97,2497.0,2500.0
5008,ID00045,319.0,97,2497.0,2816.0
5009,ID00046,9.0,97,2501.0,2510.0
5010,ID00047,3.0,97,2497.0,2500.0
5011,ID00048,3.0,97,2824.0,2827.0
5012,finish,0.0,97,2835.0,2835.0
5013,entry,0.0,98,900,900.0
5014,ID00000,3.0,98,974.0,977.0
5015,ID00001,3.0,98,927.0,930.0
5016,ID00002,3.0,98,1053.0,1056.0
5017,ID00003,3.0,98,1053.0,1056.0
5018,ID00004,3.0,98,1053.0,1056.0
5019,ID00005,3.0,98,1053.0,1056.0
5020,ID00006,3.0,98,1053.0,1056.0
5021,ID00007,3.0,98,960.0,963.0
5022,ID00008,3.0,98,960.0,963.0
5023,ID00009,3.0,98,960.0,963.0
5024,ID00010,3.0,98,960.0,963.0
5025,ID00011,3.0,98,960.0,963.0
5026,ID00012,3.0,98,1072.0,1075.0
5027,ID00013,3.0,98,1070.0,1073.0
5028,ID00014,3.0,98,1072.0,1075.0
5029,ID00015,3.0,98,1072.0,1075.0
5030,ID00016,3.0,98,1072.0,1075.0
5031,ID00017,3.0,98,969.0,972.0
5032,ID00018,3.0,98,969.0,972.0
5033,ID00019,3.0,98,969.0,972.0
5034,ID00020,3.0,98,969.0,972.0
5035,ID00021,3.0,98,969.0,972.0
5036,ID00022,3.0,98,1081.0,1084.0
5037,ID00023,3.0,98,1078.0,1081.0
5038,ID00024,3.0,98,1080.0,1083.0
5039,ID00025,3.0,98,1085.0,1088.0
5040,ID00026,3.0,98,1081.0,1084.0
5041,ID00027,3.0,98,974.0,977.0
5042,ID00028,3.0,98,974.0,977.0
5043,ID00029,3.0,98,974.0,977.0
5044,ID00030,3.0,98,974.0,977.0
5045,ID00031,3.0,98,975.0,978.0
5046,ID00032,172.0,98,1086.0,1258.0
5047,ID00033,230.0,98,1083.0,1313.0
5048,ID00034,125.0,98,1085.0,1210.0
5049,ID00035,175.0,98,1091.0,1266.0
5050,ID00036,163.0,98,1086.0,1249.0
5051,ID00037,178.0,98,978.0,1156.0
5052,ID00038,217.0,98,978.0,1195.0
5053,ID00039,175.0,98,978.0,1153.0
5054,ID00040,181.0,98,978.0,1159.0
5055,ID00041,158.0,98,979.0,1137.0
5056,ID00042,3.0,98,1315.0,1318.0
5057,ID00043,3.0,98,1196.0,1199.0
5058,ID00044,3.0,98,1326.0,1329.0
5059,ID00045,3.0,98,1340.0,1343.0
5060,ID00046,62.0,98,1344.0,1406.0
5061,finish,0.0,98,1407.0,1407.0
5062,entry,0.0,99,900,900.0
5063,ID00000,165.0,99,923.0,1088.0
5064,ID00001,165.0,99,923.0,1088.0
5065,ID00002,166.0,99,923.0,1089.0
5066,ID00003,166.0,99,923.0,1089.0
5067,ID00004,163.0,99,923.0,1086.0
5068,ID00005,166.0,99,923.0,1089.0
5069,ID00006,164.0,99,923.0,1087.0
5070,ID00007,166.0,99,923.0,1089.0
5071,ID00008,129.0,99,1130.0,1259.0
5072,ID00009,128.0,99,1131.0,1259.0
5073,ID00010,126.0,99,1130.0,1256.0
5074,ID00011,128.0,99,1131.0,1259.0
5075,ID00012,129.0,99,1130.0,1259.0
5076,ID00013,126.0,99,1131.0,1257.0
5077,ID00014,128.0,99,1131.0,1259.0
5078,ID00015,128.0,99,1131.0,1259.0
5079,ID00016,127.0,99,1131.0,1258.0
5080,ID00017,125.0,99,1131.0,1256.0
5081,ID00018,129.0,99,1131.0,1260.0
5082,ID00019,127.0,99,1131.0,1258.0
5083,ID00020,126.0,99,1131.0,1257.0
5084,ID00021,129.0,99,1131.0,1260.0
5085,ID00022,127.0,99,1131.0,1258.0
5086,ID00023,129.0,99,1131.0,1260.0
5087,ID00024,126.0,99,1128.0,1254.0
5088,ID00025,127.0,99,1131.0,1258.0
5089,ID00026,130.0,99,1131.0,1261.0
5090,ID00027,126.0,99,1131.0,1257.0
5091,ID00028,128.0,99,1131.0,1259.0
5092,ID00029,128.0,99,1130.0,1258.0
5093,ID00030,128.0,99,1131.0,1259.0
5094,ID00031,128.0,99,1131.0,1259.0
5095,ID00032,127.0,99,1131.0,1258.0
5096,ID00033,127.0,99,1131.0,1258.0
5097,ID00034,127.0,99,1131.0,1258.0
5098,ID00035,127.0,99,1131.0,1258.0
5099,ID00036,27.0,99,1267.0,1294.0
5100,ID00037,64.0,99,1297.0,1361.0
5101,ID00038,131.0,99,1364.0,1495.0
5102,ID00039,129.0,99,1364.0,1493.0
5103,ID00040,131.0,99,1364.0,1495.0
5104,ID00041,128.0,99,1364.0,1492.0
5105,ID00042,126.0,99,1364.0,1490.0
5106,ID00043,128.0,99,1364.0,1492.0
5107,ID00044,129.0,99,1364.0,1493.0
5108,ID00045,129.0,99,1364.0,1493.0
5109,ID00046,30.0,99,1537.0,1567.0
5110,ID00047,59.0,99,1570.0,1629.0
5111,ID00048,59.0,99,2281.0,2340.0
5112,ID00049,6.0,99,2354.0,2360.0
5113,finish,0.0,99,2362.0,2362.0
5114,entry,0.0,100,1800,1800.0
5115,ID00000,165.0,100,1823.0,1988.0
5116,ID00001,165.0,100,1823.0,1988.0
5117,ID00002,166.0,100,1823.0,1989.0
5118,ID00003,166.0,100,1823.0,1989.0
5119,ID00004,163.0,100,1823.0,1986.0
5120,ID00005,166.0,100,1823.0,1989.0
5121,ID00006,164.0,100,1823.0,1987.0
5122,ID00007,166.0,100,1823.0,1989.0
5123,ID00008,129.0,100,2030.0,2159.0
5124,ID00009,128.0,100,2031.0,2159.0
5125,ID00010,126.0,100,2030.0,2156.0
5126,ID00011,128.0,100,2031.0,2159.0
5127,ID00012,129.0,100,2030.0,2159.0
5128,ID00013,126.0,100,2031.0,2157.0
5129,ID00014,128.0,100,2031.0,2159.0
5130,ID00015,128.0,100,2031.0,2159.0
5131,ID00016,127.0,100,2031.0,2158.0
5132,ID00017,125.0,100,2031.0,2156.0
5133,ID00018,129.0,100,2031.0,2160.0
5134,ID00019,127.0,100,2031.0,2158.0
5135,ID00020,126.0,100,2031.0,2157.0
5136,ID00021,129.0,100,2031.0,2160.0
5137,ID00022,127.0,100,2031.0,2158.0
5138,ID00023,129.0,100,2031.0,2160.0
5139,ID00024,126.0,100,2028.0,2154.0
5140,ID00025,127.0,100,2031.0,2158.0
5141,ID00026,130.0,100,2031.0,2161.0
5142,ID00027,126.0,100,2031.0,2157.0
5143,ID00028,128.0,100,2031.0,2159.0
5144,ID00029,128.0,100,2030.0,2158.0
5145,ID00030,128.0,100,2031.0,2159.0
5146,ID00031,128.0,100,2031.0,2159.0
5147,ID00032,127.0,100,2031.0,2158.0
5148,ID00033,127.0,100,2031.0,2158.0
5149,ID00034,127.0,100,2031.0,2158.0
5150,ID00035,127.0,100,2031.0,2158.0
5151,ID00036,27.0,100,2167.0,2194.0
5152,ID00037,64.0,100,2197.0,2261.0
5153,ID00038,131.0,100,2264.0,2395.0
5154,ID00039,129.0,100,2264.0,2393.0
5155,ID00040,131.0,100,2264.0,2395.0
5156,ID00041,128.0,100,2264.0,2392.0
5157,ID00042,126.0,100,2264.0,2390.0
5158,ID00043,128.0,100,2264.0,2392.0
5159,ID00044,129.0,100,2264.0,2393.0
5160,ID00045,129.0,100,2264.0,2393.0
5161,ID00046,30.0,100,2437.0,2467.0
5162,ID00047,59.0,100,2470.0,2529.0
5163,ID00048,59.0,100,3181.0,3240.0
5164,ID00049,6.0,100,3254.0,3260.0
5165,finish,0.0,100,3262.0,3262.0
5166,entry,0.0,101,1800,1800.0
5167,ID00000,3.0,101,1808.0,1811.0
5168,ID00001,3.0,101,1804.0,1807.0
5169,ID00002,3.0,101,1804.0,1807.0
5170,ID00003,3.0,101,1804.0,1807.0
5171,ID00004,3.0,101,1804.0,1807.0
5172,ID00005,3.0,101,1804.0,1807.0
5173,ID00006,3.0,101,1804.0,1807.0
5174,ID00007,3.0,101,1804.0,1807.0
5175,ID00008,3.0,101,1804.0,1807.0
5176,ID00009,3.0,101,1804.0,1807.0
5177,ID00010,3.0,101,1804.0,1807.0
5178,ID00011,3.0,101,1804.0,1807.0
5179,ID00012,3.0,101,1804.0,1807.0
5180,ID00013,497.0,101,1802.0,2299.0
5181,ID00014,10.0,101,1802.0,1812.0
5182,ID00015,20.0,101,1803.0,1823.0
5183,ID00016,468.0,101,2704.0,3172.0
5184,ID00017,134.0,101,3175.0,3309.0
5185,ID00018,3.0,101,3323.0,3326.0
5186,ID00019,3.0,101,3323.0,3326.0
5187,ID00020,329.0,101,3323.0,3652.0
5188,ID00021,9.0,101,3327.0,3336.0
5189,ID00022,3.0,101,3323.0,3326.0
5190,ID00023,3.0,101,3660.0,3663.0
5191,ID00025,3.0,101,1808.0,1811.0
5192,ID00026,3.0,101,1804.0,1807.0
5193,ID00027,3.0,101,1804.0,1807.0
5194,ID00028,3.0,101,1804.0,1807.0
5195,ID00029,3.0,101,1804.0,1807.0
5196,ID00030,3.0,101,1804.0,1807.0
5197,ID00031,3.0,101,1804.0,1807.0
5198,ID00032,3.0,101,1804.0,1807.0
5199,ID00033,3.0,101,1804.0,1807.0
5200,ID00034,3.0,101,1804.0,1807.0
5201,ID00035,3.0,101,1804.0,1807.0
5202,ID00036,3.0,101,1804.0,1807.0
5203,ID00037,3.0,101,1804.0,1807.0
5204,ID00038,277.0,101,1802.0,2079.0
5205,ID00039,10.0,101,1802.0,1812.0
5206,ID00040,9.0,101,1803.0,1812.0
5207,ID00041,626.0,101,2708.0,3334.0
5208,ID00042,46.0,101,3337.0,3383.0
5209,ID00043,3.0,101,3397.0,3400.0
5210,ID00044,3.0,101,3397.0,3400.0
5211,ID00045,319.0,101,3397.0,3716.0
5212,ID00046,9.0,101,3401.0,3410.0
5213,ID00047,3.0,101,3397.0,3400.0
5214,ID00048,3.0,101,3724.0,3727.0
5215,finish,0.0,101,3735.0,3735.0
5216,entry,0.0,102,1800,1800.0
5217,ID00000,6.0,102,7787.0,7793.0
5218,ID00001,5.0,102,7758.0,7763.0
5219,ID00002,3417.0,102,3367.0,6784.0
5220,ID00003,542.0,102,6808.0,7350.0
5221,ID00004,27.0,102,7353.0,7380.0
5222,ID00005,627.0,102,6808.0,7435.0
5223,ID00006,22.0,102,7438.0,7460.0
5224,ID00007,382.0,102,6808.0,7190.0
5225,ID00008,20.0,102,7193.0,7213.0
5226,ID00009,449.0,102,6808.0,7257.0
5227,ID00010,27.0,102,7260.0,7287.0
5228,ID00011,453.0,102,6808.0,7261.0
5229,ID00012,27.0,102,7264.0,7291.0
5230,ID00013,757.0,102,6808.0,7565.0
5231,ID00014,28.0,102,7568.0,7596.0
5232,ID00015,598.0,102,6808.0,7406.0
5233,ID00016,12.0,102,7409.0,7421.0
5234,ID00017,445.0,102,6808.0,7253.0
5235,ID00018,10.0,102,7256.0,7266.0
5236,ID00019,947.0,102,6808.0,7755.0
5237,ID00020,26.0,102,7758.0,7784.0
5238,ID00021,688.0,102,6808.0,7496.0
5239,ID00022,25.0,102,7499.0,7524.0
5240,ID00023,2589.0,102,3375.0,5964.0
5241,ID00024,1086.0,102,5980.0,7066.0
5242,ID00025,15.0,102,7069.0,7084.0
5243,ID00026,669.0,102,5980.0,6649.0
5244,ID00027,21.0,102,6652.0,6673.0
5245,ID00028,784.0,102,5980.0,6764.0
5246,ID00029,21.0,102,6767.0,6788.0
5247,ID00030,937.0,102,5980.0,6917.0
5248,ID00031,11.0,102,6920.0,6931.0
5249,ID00032,541.0,102,5980.0,6521.0
5250,ID00033,22.0,102,6524.0,6546.0
5251,ID00034,518.0,102,5980.0,6498.0
5252,ID00035,20.0,102,6501.0,6521.0
5253,ID00036,1103.0,102,5980.0,7083.0
5254,ID00037,19.0,102,7086.0,7105.0
5255,ID00038,969.0,102,5980.0,6949.0
5256,ID00039,19.0,102,6952.0,6971.0
5257,ID00040,490.0,102,5980.0,6470.0
5258,ID00041,27.0,102,6473.0,6500.0
5259,ID00042,984.0,102,5980.0,6964.0
5260,ID00043,19.0,102,6967.0,6986.0
5261,ID00044,446.0,102,5980.0,6426.0
5262,ID00045,23.0,102,6429.0,6452.0
5263,ID00046,441.0,102,5980.0,6421.0
5264,ID00047,10.0,102,6424.0,6434.0
5265,ID00048,602.0,102,5980.0,6582.0
5266,ID00049,12.0,102,6585.0,6597.0
5267,finish,0.0,102,7794.0,7794.0
5268,entry,0.0,103,1800,1800.0
5269,ID00000,165.0,103,1823.0,1988.0
5270,ID00001,165.0,103,1823.0,1988.0
5271,ID00002,166.0,103,1823.0,1989.0
5272,ID00003,166.0,103,1823.0,1989.0
5273,ID00004,163.0,103,1823.0,1986.0
5274,ID00005,166.0,103,1823.0,1989.0
5275,ID00006,164.0,103,1823.0,1987.0
5276,ID00007,166.0,103,1823.0,1989.0
5277,ID00008,129.0,103,2030.0,2159.0
5278,ID00009,128.0,103,2031.0,2159.0
5279,ID00010,126.0,103,2030.0,2156.0
5280,ID00011,128.0,103,2031.0,2159.0
5281,ID00012,129.0,103,2030.0,2159.0
5282,ID00013,126.0,103,2031.0,2157.0
5283,ID00014,128.0,103,2031.0,2159.0
5284,ID00015,128.0,103,2031.0,2159.0
5285,ID00016,127.0,103,2031.0,2158.0
5286,ID00017,125.0,103,2031.0,2156.0
5287,ID00018,129.0,103,2031.0,2160.0
5288,ID00019,127.0,103,2031.0,2158.0
5289,ID00020,126.0,103,2031.0,2157.0
5290,ID00021,129.0,103,2031.0,2160.0
5291,ID00022,127.0,103,2031.0,2158.0
5292,ID00023,129.0,103,2031.0,2160.0
5293,ID00024,126.0,103,2028.0,2154.0
5294,ID00025,127.0,103,2031.0,2158.0
5295,ID00026,130.0,103,2031.0,2161.0
5296,ID00027,126.0,103,2031.0,2157.0
5297,ID00028,128.0,103,2031.0,2159.0
5298,ID00029,128.0,103,2030.0,2158.0
5299,ID00030,128.0,103,2031.0,2159.0
5300,ID00031,128.0,103,2031.0,2159.0
5301,ID00032,127.0,103,2031.0,2158.0
5302,ID00033,127.0,103,2031.0,2158.0
5303,ID00034,127.0,103,2031.0,2158.0
5304,ID00035,127.0,103,2031.0,2158.0
5305,ID00036,27.0,103,2167.0,2194.0
5306,ID00037,64.0,103,2197.0,2261.0
5307,ID00038,131.0,103,2264.0,2395.0
5308,ID00039,129.0,103,2264.0,2393.0
5309,ID00040,131.0,103,2264.0,2395.0
5310,ID00041,128.0,103,2264.0,2392.0
5311,ID00042,126.0,103,2264.0,2390.0
5312,ID00043,128.0,103,2264.0,2392.0
5313,ID00044,129.0,103,2264.0,2393.0
5314,ID00045,129.0,103,2264.0,2393.0
5315,ID00046,30.0,103,2437.0,2467.0
5316,ID00047,59.0,103,2470.0,2529.0
5317,ID00048,59.0,103,3181.0,3240.0
5318,ID00049,6.0,103,3254.0,3260.0
5319,finish,0.0,103,3262.0,3262.0
5320,entry,0.0,104,1800,1800.0
5321,ID00000,3.0,104,1874.0,1877.0
5322,ID00001,3.0,104,1827.0,1830.0
5323,ID00002,3.0,104,1953.0,1956.0
5324,ID00003,3.0,104,1953.0,1956.0
5325,ID00004,3.0,104,1953.0,1956.0
5326,ID00005,3.0,104,1953.0,1956.0
5327,ID00006,3.0,104,1953.0,1956.0
5328,ID00007,3.0,104,1860.0,1863.0
5329,ID00008,3.0,104,1860.0,1863.0
5330,ID00009,3.0,104,1860.0,1863.0
5331,ID00010,3.0,104,1860.0,1863.0
5332,ID00011,3.0,104,1860.0,1863.0
5333,ID00012,3.0,104,1972.0,1975.0
5334,ID00013,3.0,104,1970.0,1973.0
5335,ID00014,3.0,104,1972.0,1975.0
5336,ID00015,3.0,104,1972.0,1975.0
5337,ID00016,3.0,104,1972.0,1975.0
5338,ID00017,3.0,104,1869.0,1872.0
5339,ID00018,3.0,104,1869.0,1872.0
5340,ID00019,3.0,104,1869.0,1872.0
5341,ID00020,3.0,104,1869.0,1872.0
5342,ID00021,3.0,104,1869.0,1872.0
5343,ID00022,3.0,104,1981.0,1984.0
5344,ID00023,3.0,104,1978.0,1981.0
5345,ID00024,3.0,104,1980.0,1983.0
5346,ID00025,3.0,104,1985.0,1988.0
5347,ID00026,3.0,104,1981.0,1984.0
5348,ID00027,3.0,104,1874.0,1877.0
5349,ID00028,3.0,104,1874.0,1877.0
5350,ID00029,3.0,104,1874.0,1877.0
5351,ID00030,3.0,104,1874.0,1877.0
5352,ID00031,3.0,104,1875.0,1878.0
5353,ID00032,172.0,104,1986.0,2158.0
5354,ID00033,230.0,104,1983.0,2213.0
5355,ID00034,125.0,104,1985.0,2110.0
5356,ID00035,175.0,104,1991.0,2166.0
5357,ID00036,163.0,104,1986.0,2149.0
5358,ID00037,178.0,104,1878.0,2056.0
5359,ID00038,217.0,104,1878.0,2095.0
5360,ID00039,175.0,104,1878.0,2053.0
5361,ID00040,181.0,104,1878.0,2059.0
5362,ID00041,158.0,104,1879.0,2037.0
5363,ID00042,3.0,104,2215.0,2218.0
5364,ID00043,3.0,104,2096.0,2099.0
5365,ID00044,3.0,104,2226.0,2229.0
5366,ID00045,3.0,104,2240.0,2243.0
5367,ID00046,62.0,104,2244.0,2306.0
5368,finish,0.0,104,2307.0,2307.0
5369,entry,0.0,105,1800,1800.0
5370,ID00000,6.0,105,7787.0,7793.0
5371,ID00001,5.0,105,7758.0,7763.0
5372,ID00002,3417.0,105,3367.0,6784.0
5373,ID00003,542.0,105,6808.0,7350.0
5374,ID00004,27.0,105,7353.0,7380.0
5375,ID00005,627.0,105,6808.0,7435.0
5376,ID00006,22.0,105,7438.0,7460.0
5377,ID00007,382.0,105,6808.0,7190.0
5378,ID00008,20.0,105,7193.0,7213.0
5379,ID00009,449.0,105,6808.0,7257.0
5380,ID00010,27.0,105,7260.0,7287.0
5381,ID00011,453.0,105,6808.0,7261.0
5382,ID00012,27.0,105,7264.0,7291.0
5383,ID00013,757.0,105,6808.0,7565.0
5384,ID00014,28.0,105,7568.0,7596.0
5385,ID00015,598.0,105,6808.0,7406.0
5386,ID00016,12.0,105,7409.0,7421.0
5387,ID00017,445.0,105,6808.0,7253.0
5388,ID00018,10.0,105,7256.0,7266.0
5389,ID00019,947.0,105,6808.0,7755.0
5390,ID00020,26.0,105,7758.0,7784.0
5391,ID00021,688.0,105,6808.0,7496.0
5392,ID00022,25.0,105,7499.0,7524.0
5393,ID00023,2589.0,105,3375.0,5964.0
5394,ID00024,1086.0,105,5980.0,7066.0
5395,ID00025,15.0,105,7069.0,7084.0
5396,ID00026,669.0,105,5980.0,6649.0
5397,ID00027,21.0,105,6652.0,6673.0
5398,ID00028,784.0,105,5980.0,6764.0
5399,ID00029,21.0,105,6767.0,6788.0
5400,ID00030,937.0,105,5980.0,6917.0
5401,ID00031,11.0,105,6920.0,6931.0
5402,ID00032,541.0,105,5980.0,6521.0
5403,ID00033,22.0,105,6524.0,6546.0
5404,ID00034,518.0,105,5980.0,6498.0
5405,ID00035,20.0,105,6501.0,6521.0
5406,ID00036,1103.0,105,5980.0,7083.0
5407,ID00037,19.0,105,7086.0,7105.0
5408,ID00038,969.0,105,5980.0,6949.0
5409,ID00039,19.0,105,6952.0,6971.0
5410,ID00040,490.0,105,5980.0,6470.0
5411,ID00041,27.0,105,6473.0,6500.0
5412,ID00042,984.0,105,5980.0,6964.0
5413,ID00043,19.0,105,6967.0,6986.0
5414,ID00044,446.0,105,5980.0,6426.0
5415,ID00045,23.0,105,6429.0,6452.0
5416,ID00046,441.0,105,5980.0,6421.0
5417,ID00047,10.0,105,6424.0,6434.0
5418,ID00048,602.0,105,5980.0,6582.0
5419,ID00049,12.0,105,6585.0,6597.0
5420,finish,0.0,105,7794.0,7794.0
5421,entry,0.0,106,1800,1800.0
5422,ID00000,3.0,106,1808.0,1811.0
5423,ID00001,3.0,106,1804.0,1807.0
5424,ID00002,3.0,106,1804.0,1807.0
5425,ID00003,3.0,106,1804.0,1807.0
5426,ID00004,3.0,106,1804.0,1807.0
5427,ID00005,3.0,106,1804.0,1807.0
5428,ID00006,3.0,106,1804.0,1807.0
5429,ID00007,3.0,106,1804.0,1807.0
5430,ID00008,3.0,106,1804.0,1807.0
5431,ID00009,3.0,106,1804.0,1807.0
5432,ID00010,3.0,106,1804.0,1807.0
5433,ID00011,3.0,106,1804.0,1807.0
5434,ID00012,3.0,106,1804.0,1807.0
5435,ID00013,497.0,106,1802.0,2299.0
5436,ID00014,10.0,106,1802.0,1812.0
5437,ID00015,20.0,106,1803.0,1823.0
5438,ID00016,468.0,106,2704.0,3172.0
5439,ID00017,134.0,106,3175.0,3309.0
5440,ID00018,3.0,106,3323.0,3326.0
5441,ID00019,3.0,106,3323.0,3326.0
5442,ID00020,329.0,106,3323.0,3652.0
5443,ID00021,9.0,106,3327.0,3336.0
5444,ID00022,3.0,106,3323.0,3326.0
5445,ID00023,3.0,106,3660.0,3663.0
5446,ID00025,3.0,106,1808.0,1811.0
5447,ID00026,3.0,106,1804.0,1807.0
5448,ID00027,3.0,106,1804.0,1807.0
5449,ID00028,3.0,106,1804.0,1807.0
5450,ID00029,3.0,106,1804.0,1807.0
5451,ID00030,3.0,106,1804.0,1807.0
5452,ID00031,3.0,106,1804.0,1807.0
5453,ID00032,3.0,106,1804.0,1807.0
5454,ID00033,3.0,106,1804.0,1807.0
5455,ID00034,3.0,106,1804.0,1807.0
5456,ID00035,3.0,106,1804.0,1807.0
5457,ID00036,3.0,106,1804.0,1807.0
5458,ID00037,3.0,106,1804.0,1807.0
5459,ID00038,277.0,106,1802.0,2079.0
5460,ID00039,10.0,106,1802.0,1812.0
5461,ID00040,9.0,106,1803.0,1812.0
5462,ID00041,626.0,106,2708.0,3334.0
5463,ID00042,46.0,106,3337.0,3383.0
5464,ID00043,3.0,106,3397.0,3400.0
5465,ID00044,3.0,106,3397.0,3400.0
5466,ID00045,319.0,106,3397.0,3716.0
5467,ID00046,9.0,106,3401.0,3410.0
5468,ID00047,3.0,106,3397.0,3400.0
5469,ID00048,3.0,106,3724.0,3727.0
5470,finish,0.0,106,3735.0,3735.0
5471,entry,0.0,107,1800,1800.0
5472,ID00000,6.0,107,7787.0,7793.0
5473,ID00001,5.0,107,7758.0,7763.0
5474,ID00002,3417.0,107,3367.0,6784.0
5475,ID00003,542.0,107,6808.0,7350.0
5476,ID00004,27.0,107,7353.0,7380.0
5477,ID00005,627.0,107,6808.0,7435.0
5478,ID00006,22.0,107,7438.0,7460.0
5479,ID00007,382.0,107,6808.0,7190.0
5480,ID00008,20.0,107,7193.0,7213.0
5481,ID00009,449.0,107,6808.0,7257.0
5482,ID00010,27.0,107,7260.0,7287.0
5483,ID00011,453.0,107,6808.0,7261.0
5484,ID00012,27.0,107,7264.0,7291.0
5485,ID00013,757.0,107,6808.0,7565.0
5486,ID00014,28.0,107,7568.0,7596.0
5487,ID00015,598.0,107,6808.0,7406.0
5488,ID00016,12.0,107,7409.0,7421.0
5489,ID00017,445.0,107,6808.0,7253.0
5490,ID00018,10.0,107,7256.0,7266.0
5491,ID00019,947.0,107,6808.0,7755.0
5492,ID00020,26.0,107,7758.0,7784.0
5493,ID00021,688.0,107,6808.0,7496.0
5494,ID00022,25.0,107,7499.0,7524.0
5495,ID00023,2589.0,107,3375.0,5964.0
5496,ID00024,1086.0,107,5980.0,7066.0
5497,ID00025,15.0,107,7069.0,7084.0
5498,ID00026,669.0,107,5980.0,6649.0
5499,ID00027,21.0,107,6652.0,6673.0
5500,ID00028,784.0,107,5980.0,6764.0
5501,ID00029,21.0,107,6767.0,6788.0
5502,ID00030,937.0,107,5980.0,6917.0
5503,ID00031,11.0,107,6920.0,6931.0
5504,ID00032,541.0,107,5980.0,6521.0
5505,ID00033,22.0,107,6524.0,6546.0
5506,ID00034,518.0,107,5980.0,6498.0
5507,ID00035,20.0,107,6501.0,6521.0
5508,ID00036,1103.0,107,5980.0,7083.0
5509,ID00037,19.0,107,7086.0,7105.0
5510,ID00038,969.0,107,5980.0,6949.0
5511,ID00039,19.0,107,6952.0,6971.0
5512,ID00040,490.0,107,5980.0,6470.0
5513,ID00041,27.0,107,6473.0,6500.0
5514,ID00042,984.0,107,5980.0,6964.0
5515,ID00043,19.0,107,6967.0,6986.0
5516,ID00044,446.0,107,5980.0,6426.0
5517,ID00045,23.0,107,6429.0,6452.0
5518,ID00046,441.0,107,5980.0,6421.0
5519,ID00047,10.0,107,6424.0,6434.0
5520,ID00048,602.0,107,5980.0,6582.0
5521,ID00049,12.0,107,6585.0,6597.0
5522,finish,0.0,107,7794.0,7794.0
5523,entry,0.0,108,1800,1800.0
5524,ID00000,6.0,108,7787.0,7793.0
5525,ID00001,5.0,108,7758.0,7763.0
5526,ID00002,3417.0,108,3367.0,6784.0
5527,ID00003,542.0,108,6808.0,7350.0
5528,ID00004,27.0,108,7353.0,7380.0
5529,ID00005,627.0,108,6808.0,7435.0
5530,ID00006,22.0,108,7438.0,7460.0
5531,ID00007,382.0,108,6808.0,7190.0
5532,ID00008,20.0,108,7193.0,7213.0
5533,ID00009,449.0,108,6808.0,7257.0
5534,ID00010,27.0,108,7260.0,7287.0
5535,ID00011,453.0,108,6808.0,7261.0
5536,ID00012,27.0,108,7264.0,7291.0
5537,ID00013,757.0,108,6808.0,7565.0
5538,ID00014,28.0,108,7568.0,7596.0
5539,ID00015,598.0,108,6808.0,7406.0
5540,ID00016,12.0,108,7409.0,7421.0
5541,ID00017,445.0,108,6808.0,7253.0
5542,ID00018,10.0,108,7256.0,7266.0
5543,ID00019,947.0,108,6808.0,7755.0
5544,ID00020,26.0,108,7758.0,7784.0
5545,ID00021,688.0,108,6808.0,7496.0
5546,ID00022,25.0,108,7499.0,7524.0
5547,ID00023,2589.0,108,3375.0,5964.0
5548,ID00024,1086.0,108,5980.0,7066.0
5549,ID00025,15.0,108,7069.0,7084.0
5550,ID00026,669.0,108,5980.0,6649.0
5551,ID00027,21.0,108,6652.0,6673.0
5552,ID00028,784.0,108,5980.0,6764.0
5553,ID00029,21.0,108,6767.0,6788.0
5554,ID00030,937.0,108,5980.0,6917.0
5555,ID00031,11.0,108,6920.0,6931.0
5556,ID00032,541.0,108,5980.0,6521.0
5557,ID00033,22.0,108,6524.0,6546.0
5558,ID00034,518.0,108,5980.0,6498.0
5559,ID00035,20.0,108,6501.0,6521.0
5560,ID00036,1103.0,108,5980.0,7083.0
5561,ID00037,19.0,108,7086.0,7105.0
5562,ID00038,969.0,108,5980.0,6949.0
5563,ID00039,19.0,108,6952.0,6971.0
5564,ID00040,490.0,108,5980.0,6470.0
5565,ID00041,27.0,108,6473.0,6500.0
5566,ID00042,984.0,108,5980.0,6964.0
5567,ID00043,19.0,108,6967.0,6986.0
5568,ID00044,446.0,108,5980.0,6426.0
5569,ID00045,23.0,108,6429.0,6452.0
5570,ID00046,441.0,108,5980.0,6421.0
5571,ID00047,10.0,108,6424.0,6434.0
5572,ID00048,602.0,108,5980.0,6582.0
5573,ID00049,12.0,108,6585.0,6597.0
5574,finish,0.0,108,7794.0,7794.0
5575,entry,0.0,109,1800,1800.0
5576,ID00000,3.0,109,1808.0,1811.0
5577,ID00001,3.0,109,1804.0,1807.0
5578,ID00002,3.0,109,1804.0,1807.0
5579,ID00003,3.0,109,1804.0,1807.0
5580,ID00004,3.0,109,1804.0,1807.0
5581,ID00005,3.0,109,1804.0,1807.0
5582,ID00006,3.0,109,1804.0,1807.0
5583,ID00007,3.0,109,1804.0,1807.0
5584,ID00008,3.0,109,1804.0,1807.0
5585,ID00009,3.0,109,1804.0,1807.0
5586,ID00010,3.0,109,1804.0,1807.0
5587,ID00011,3.0,109,1804.0,1807.0
5588,ID00012,3.0,109,1804.0,1807.0
5589,ID00013,497.0,109,1802.0,2299.0
5590,ID00014,10.0,109,1802.0,1812.0
5591,ID00015,20.0,109,1803.0,1823.0
5592,ID00016,468.0,109,2704.0,3172.0
5593,ID00017,134.0,109,3175.0,3309.0
5594,ID00018,3.0,109,3323.0,3326.0
5595,ID00019,3.0,109,3323.0,3326.0
5596,ID00020,329.0,109,3323.0,3652.0
5597,ID00021,9.0,109,3327.0,3336.0
5598,ID00022,3.0,109,3323.0,3326.0
5599,ID00023,3.0,109,3660.0,3663.0
5600,ID00025,3.0,109,1808.0,1811.0
5601,ID00026,3.0,109,1804.0,1807.0
5602,ID00027,3.0,109,1804.0,1807.0
5603,ID00028,3.0,109,1804.0,1807.0
5604,ID00029,3.0,109,1804.0,1807.0
5605,ID00030,3.0,109,1804.0,1807.0
5606,ID00031,3.0,109,1804.0,1807.0
5607,ID00032,3.0,109,1804.0,1807.0
5608,ID00033,3.0,109,1804.0,1807.0
5609,ID00034,3.0,109,1804.0,1807.0
5610,ID00035,3.0,109,1804.0,1807.0
5611,ID00036,3.0,109,1804.0,1807.0
5612,ID00037,3.0,109,1804.0,1807.0
5613,ID00038,277.0,109,1802.0,2079.0
5614,ID00039,10.0,109,1802.0,1812.0
5615,ID00040,9.0,109,1803.0,1812.0
5616,ID00041,626.0,109,2708.0,3334.0
5617,ID00042,46.0,109,3337.0,3383.0
5618,ID00043,3.0,109,3397.0,3400.0
5619,ID00044,3.0,109,3397.0,3400.0
5620,ID00045,319.0,109,3397.0,3716.0
5621,ID00046,9.0,109,3401.0,3410.0
5622,ID00047,3.0,109,3397.0,3400.0
5623,ID00048,3.0,109,3724.0,3727.0
5624,finish,0.0,109,3735.0,3735.0
5625,entry,0.0,110,1800,1800.0
5626,ID00000,57.0,110,2086.0,2143.0
5627,ID00001,56.0,110,2086.0,2142.0
5628,ID00002,54.0,110,2086.0,2140.0
5629,ID00003,54.0,110,2086.0,2140.0
5630,ID00004,56.0,110,2085.0,2141.0
5631,ID00005,55.0,110,2086.0,2141.0
5632,ID00006,55.0,110,2086.0,2141.0
5633,ID00007,55.0,110,2086.0,2141.0
5634,ID00008,55.0,110,2086.0,2141.0
5635,ID00009,55.0,110,2086.0,2141.0
5636,ID00010,54.0,110,2086.0,2140.0
5637,ID00011,54.0,110,2086.0,2140.0
5638,ID00012,1768.0,110,2150.0,3918.0
5639,ID00013,1486.0,110,2150.0,3636.0
5640,ID00014,1667.0,110,2148.0,3815.0
5641,ID00015,1360.0,110,2147.0,3507.0
5642,ID00016,1286.0,110,2148.0,3434.0
5643,ID00017,1598.0,110,2148.0,3746.0
5644,ID00018,880.0,110,2148.0,3028.0
5645,ID00019,1746.0,110,2148.0,3894.0
5646,ID00020,988.0,110,2148.0,3136.0
5647,ID00021,1553.0,110,2148.0,3701.0
5648,ID00022,2027.0,110,2148.0,4175.0
5649,ID00023,1807.0,110,2147.0,3954.0
5650,ID00024,17.0,110,4178.0,4195.0
5651,ID00025,15.0,110,4198.0,4213.0
5652,ID00026,15.0,110,4198.0,4213.0
5653,ID00027,16.0,110,4198.0,4214.0
5654,ID00028,14.0,110,4198.0,4212.0
5655,ID00029,18.0,110,4198.0,4216.0
5656,ID00030,17.0,110,4198.0,4215.0
5657,ID00031,17.0,110,4198.0,4215.0
5658,ID00032,16.0,110,4198.0,4214.0
5659,ID00033,16.0,110,4198.0,4214.0
5660,ID00034,17.0,110,4198.0,4215.0
5661,ID00035,15.0,110,4198.0,4213.0
5662,ID00036,13.0,110,4198.0,4211.0
5663,ID00037,1607.0,110,4216.0,5823.0
5664,ID00038,1213.0,110,4216.0,5429.0
5665,ID00039,1186.0,110,4217.0,5403.0
5666,ID00040,1749.0,110,4215.0,5964.0
5667,ID00041,1473.0,110,4219.0,5692.0
5668,ID00042,1670.0,110,4218.0,5888.0
5669,ID00043,1139.0,110,4218.0,5357.0
5670,ID00044,1855.0,110,4217.0,6072.0
5671,ID00045,2015.0,110,4217.0,6232.0
5672,ID00046,2007.0,110,4218.0,6225.0
5673,ID00047,1767.0,110,4216.0,5983.0
5674,ID00048,911.0,110,4214.0,5125.0
5675,ID00049,16.0,110,6235.0,6251.0
5676,finish,0.0,110,6252.0,6252.0
5677,entry,0.0,111,1800,1800.0
5678,ID00000,6.0,111,7787.0,7793.0
5679,ID00001,5.0,111,7758.0,7763.0
5680,ID00002,3417.0,111,3367.0,6784.0
5681,ID00003,542.0,111,6808.0,7350.0
5682,ID00004,27.0,111,7353.0,7380.0
5683,ID00005,627.0,111,6808.0,7435.0
5684,ID00006,22.0,111,7438.0,7460.0
5685,ID00007,382.0,111,6808.0,7190.0
5686,ID00008,20.0,111,7193.0,7213.0
5687,ID00009,449.0,111,6808.0,7257.0
5688,ID00010,27.0,111,7260.0,7287.0
5689,ID00011,453.0,111,6808.0,7261.0
5690,ID00012,27.0,111,7264.0,7291.0
5691,ID00013,757.0,111,6808.0,7565.0
5692,ID00014,28.0,111,7568.0,7596.0
5693,ID00015,598.0,111,6808.0,7406.0
5694,ID00016,12.0,111,7409.0,7421.0
5695,ID00017,445.0,111,6808.0,7253.0
5696,ID00018,10.0,111,7256.0,7266.0
5697,ID00019,947.0,111,6808.0,7755.0
5698,ID00020,26.0,111,7758.0,7784.0
5699,ID00021,688.0,111,6808.0,7496.0
5700,ID00022,25.0,111,7499.0,7524.0
5701,ID00023,2589.0,111,3375.0,5964.0
5702,ID00024,1086.0,111,5980.0,7066.0
5703,ID00025,15.0,111,7069.0,7084.0
5704,ID00026,669.0,111,5980.0,6649.0
5705,ID00027,21.0,111,6652.0,6673.0
5706,ID00028,784.0,111,5980.0,6764.0
5707,ID00029,21.0,111,6767.0,6788.0
5708,ID00030,937.0,111,5980.0,6917.0
5709,ID00031,11.0,111,6920.0,6931.0
5710,ID00032,541.0,111,5980.0,6521.0
5711,ID00033,22.0,111,6524.0,6546.0
5712,ID00034,518.0,111,5980.0,6498.0
5713,ID00035,20.0,111,6501.0,6521.0
5714,ID00036,1103.0,111,5980.0,7083.0
5715,ID00037,19.0,111,7086.0,7105.0
5716,ID00038,969.0,111,5980.0,6949.0
5717,ID00039,19.0,111,6952.0,6971.0
5718,ID00040,490.0,111,5980.0,6470.0
5719,ID00041,27.0,111,6473.0,6500.0
5720,ID00042,984.0,111,5980.0,6964.0
5721,ID00043,19.0,111,6967.0,6986.0
5722,ID00044,446.0,111,5980.0,6426.0
5723,ID00045,23.0,111,6429.0,6452.0
5724,ID00046,441.0,111,5980.0,6421.0
5725,ID00047,10.0,111,6424.0,6434.0
5726,ID00048,602.0,111,5980.0,6582.0
5727,ID00049,12.0,111,6585.0,6597.0
5728,finish,0.0,111,7794.0,7794.0
5729,entry,0.0,112,1800,1800.0
5730,ID00000,165.0,112,1823.0,1988.0
5731,ID00001,165.0,112,1823.0,1988.0
5732,ID00002,166.0,112,1823.0,1989.0
5733,ID00003,166.0,112,1823.0,1989.0
5734,ID00004,163.0,112,1823.0,1986.0
5735,ID00005,166.0,112,1823.0,1989.0
5736,ID00006,164.0,112,1823.0,1987.0
5737,ID00007,166.0,112,1823.0,1989.0
5738,ID00008,129.0,112,2030.0,2159.0
5739,ID00009,128.0,112,2031.0,2159.0
5740,ID00010,126.0,112,2030.0,2156.0
5741,ID00011,128.0,112,2031.0,2159.0
5742,ID00012,129.0,112,2030.0,2159.0
5743,ID00013,126.0,112,2031.0,2157.0
5744,ID00014,128.0,112,2031.0,2159.0
5745,ID00015,128.0,112,2031.0,2159.0
5746,ID00016,127.0,112,2031.0,2158.0
5747,ID00017,125.0,112,2031.0,2156.0
5748,ID00018,129.0,112,2031.0,2160.0
5749,ID00019,127.0,112,2031.0,2158.0
5750,ID00020,126.0,112,2031.0,2157.0
5751,ID00021,129.0,112,2031.0,2160.0
5752,ID00022,127.0,112,2031.0,2158.0
5753,ID00023,129.0,112,2031.0,2160.0
5754,ID00024,126.0,112,2028.0,2154.0
5755,ID00025,127.0,112,2031.0,2158.0
5756,ID00026,130.0,112,2031.0,2161.0
5757,ID00027,126.0,112,2031.0,2157.0
5758,ID00028,128.0,112,2031.0,2159.0
5759,ID00029,128.0,112,2030.0,2158.0
5760,ID00030,128.0,112,2031.0,2159.0
5761,ID00031,128.0,112,2031.0,2159.0
5762,ID00032,127.0,112,2031.0,2158.0
5763,ID00033,127.0,112,2031.0,2158.0
5764,ID00034,127.0,112,2031.0,2158.0
5765,ID00035,127.0,112,2031.0,2158.0
5766,ID00036,27.0,112,2167.0,2194.0
5767,ID00037,64.0,112,2197.0,2261.0
5768,ID00038,131.0,112,2264.0,2395.0
5769,ID00039,129.0,112,2264.0,2393.0
5770,ID00040,131.0,112,2264.0,2395.0
5771,ID00041,128.0,112,2264.0,2392.0
5772,ID00042,126.0,112,2264.0,2390.0
5773,ID00043,128.0,112,2264.0,2392.0
5774,ID00044,129.0,112,2264.0,2393.0
5775,ID00045,129.0,112,2264.0,2393.0
5776,ID00046,30.0,112,2437.0,2467.0
5777,ID00047,59.0,112,2470.0,2529.0
5778,ID00048,59.0,112,3181.0,3240.0
5779,ID00049,6.0,112,3254.0,3260.0
5780,finish,0.0,112,3262.0,3262.0
5781,entry,0.0,113,1800,1800.0
5782,ID00000,3.0,113,1808.0,1811.0
5783,ID00001,3.0,113,1804.0,1807.0
5784,ID00002,3.0,113,1804.0,1807.0
5785,ID00003,3.0,113,1804.0,1807.0
5786,ID00004,3.0,113,1804.0,1807.0
5787,ID00005,3.0,113,1804.0,1807.0
5788,ID00006,3.0,113,1804.0,1807.0
5789,ID00007,3.0,113,1804.0,1807.0
5790,ID00008,3.0,113,1804.0,1807.0
5791,ID00009,3.0,113,1804.0,1807.0
5792,ID00010,3.0,113,1804.0,1807.0
5793,ID00011,3.0,113,1804.0,1807.0
5794,ID00012,3.0,113,1804.0,1807.0
5795,ID00013,497.0,113,1802.0,2299.0
5796,ID00014,10.0,113,1802.0,1812.0
5797,ID00015,20.0,113,1803.0,1823.0
5798,ID00016,468.0,113,2704.0,3172.0
5799,ID00017,134.0,113,3175.0,3309.0
5800,ID00018,3.0,113,3323.0,3326.0
5801,ID00019,3.0,113,3323.0,3326.0
5802,ID00020,329.0,113,3323.0,3652.0
5803,ID00021,9.0,113,3327.0,3336.0
5804,ID00022,3.0,113,3323.0,3326.0
5805,ID00023,3.0,113,3660.0,3663.0
5806,ID00025,3.0,113,1808.0,1811.0
5807,ID00026,3.0,113,1804.0,1807.0
5808,ID00027,3.0,113,1804.0,1807.0
5809,ID00028,3.0,113,1804.0,1807.0
5810,ID00029,3.0,113,1804.0,1807.0
5811,ID00030,3.0,113,1804.0,1807.0
5812,ID00031,3.0,113,1804.0,1807.0
5813,ID00032,3.0,113,1804.0,1807.0
5814,ID00033,3.0,113,1804.0,1807.0
5815,ID00034,3.0,113,1804.0,1807.0
5816,ID00035,3.0,113,1804.0,1807.0
5817,ID00036,3.0,113,1804.0,1807.0
5818,ID00037,3.0,113,1804.0,1807.0
5819,ID00038,277.0,113,1802.0,2079.0
5820,ID00039,10.0,113,1802.0,1812.0
5821,ID00040,9.0,113,1803.0,1812.0
5822,ID00041,626.0,113,2708.0,3334.0
5823,ID00042,46.0,113,3337.0,3383.0
5824,ID00043,3.0,113,3397.0,3400.0
5825,ID00044,3.0,113,3397.0,3400.0
5826,ID00045,319.0,113,3397.0,3716.0
5827,ID00046,9.0,113,3401.0,3410.0
5828,ID00047,3.0,113,3397.0,3400.0
5829,ID00048,3.0,113,3724.0,3727.0
5830,finish,0.0,113,3735.0,3735.0
5831,entry,0.0,114,1800,1800.0
5832,ID00000,165.0,114,1823.0,1988.0
5833,ID00001,165.0,114,1823.0,1988.0
5834,ID00002,166.0,114,1823.0,1989.0
5835,ID00003,166.0,114,1823.0,1989.0
5836,ID00004,163.0,114,1823.0,1986.0
5837,ID00005,166.0,114,1823.0,1989.0
5838,ID00006,164.0,114,1823.0,1987.0
5839,ID00007,166.0,114,1823.0,1989.0
5840,ID00008,129.0,114,2030.0,2159.0
5841,ID00009,128.0,114,2031.0,2159.0
5842,ID00010,126.0,114,2030.0,2156.0
5843,ID00011,128.0,114,2031.0,2159.0
5844,ID00012,129.0,114,2030.0,2159.0
5845,ID00013,126.0,114,2031.0,2157.0
5846,ID00014,128.0,114,2031.0,2159.0
5847,ID00015,128.0,114,2031.0,2159.0
5848,ID00016,127.0,114,2031.0,2158.0
5849,ID00017,125.0,114,2031.0,2156.0
5850,ID00018,129.0,114,2031.0,2160.0
5851,ID00019,127.0,114,2031.0,2158.0
5852,ID00020,126.0,114,2031.0,2157.0
5853,ID00021,129.0,114,2031.0,2160.0
5854,ID00022,127.0,114,2031.0,2158.0
5855,ID00023,129.0,114,2031.0,2160.0
5856,ID00024,126.0,114,2028.0,2154.0
5857,ID00025,127.0,114,2031.0,2158.0
5858,ID00026,130.0,114,2031.0,2161.0
5859,ID00027,126.0,114,2031.0,2157.0
5860,ID00028,128.0,114,2031.0,2159.0
5861,ID00029,128.0,114,2030.0,2158.0
5862,ID00030,128.0,114,2031.0,2159.0
5863,ID00031,128.0,114,2031.0,2159.0
5864,ID00032,127.0,114,2031.0,2158.0
5865,ID00033,127.0,114,2031.0,2158.0
5866,ID00034,127.0,114,2031.0,2158.0
5867,ID00035,127.0,114,2031.0,2158.0
5868,ID00036,27.0,114,2167.0,2194.0
5869,ID00037,64.0,114,2197.0,2261.0
5870,ID00038,131.0,114,2264.0,2395.0
5871,ID00039,129.0,114,2264.0,2393.0
5872,ID00040,131.0,114,2264.0,2395.0
5873,ID00041,128.0,114,2264.0,2392.0
5874,ID00042,126.0,114,2264.0,2390.0
5875,ID00043,128.0,114,2264.0,2392.0
5876,ID00044,129.0,114,2264.0,2393.0
5877,ID00045,129.0,114,2264.0,2393.0
5878,ID00046,30.0,114,2437.0,2467.0
5879,ID00047,59.0,114,2470.0,2529.0
5880,ID00048,59.0,114,3181.0,3240.0
5881,ID00049,6.0,114,3254.0,3260.0
5882,finish,0.0,114,3262.0,3262.0
5883,entry,0.0,115,1800,1800.0
5884,ID00000,3.0,115,1874.0,1877.0
5885,ID00001,3.0,115,1827.0,1830.0
5886,ID00002,3.0,115,1953.0,1956.0
5887,ID00003,3.0,115,1953.0,1956.0
5888,ID00004,3.0,115,1953.0,1956.0
5889,ID00005,3.0,115,1953.0,1956.0
5890,ID00006,3.0,115,1953.0,1956.0
5891,ID00007,3.0,115,1860.0,1863.0
5892,ID00008,3.0,115,1860.0,1863.0
5893,ID00009,3.0,115,1860.0,1863.0
5894,ID00010,3.0,115,1860.0,1863.0
5895,ID00011,3.0,115,1860.0,1863.0
5896,ID00012,3.0,115,1972.0,1975.0
5897,ID00013,3.0,115,1970.0,1973.0
5898,ID00014,3.0,115,1972.0,1975.0
5899,ID00015,3.0,115,1972.0,1975.0
5900,ID00016,3.0,115,1972.0,1975.0
5901,ID00017,3.0,115,1869.0,1872.0
5902,ID00018,3.0,115,1869.0,1872.0
5903,ID00019,3.0,115,1869.0,1872.0
5904,ID00020,3.0,115,1869.0,1872.0
5905,ID00021,3.0,115,1869.0,1872.0
5906,ID00022,3.0,115,1981.0,1984.0
5907,ID00023,3.0,115,1978.0,1981.0
5908,ID00024,3.0,115,1980.0,1983.0
5909,ID00025,3.0,115,1985.0,1988.0
5910,ID00026,3.0,115,1981.0,1984.0
5911,ID00027,3.0,115,1874.0,1877.0
5912,ID00028,3.0,115,1874.0,1877.0
5913,ID00029,3.0,115,1874.0,1877.0
5914,ID00030,3.0,115,1874.0,1877.0
5915,ID00031,3.0,115,1875.0,1878.0
5916,ID00032,172.0,115,1986.0,2158.0
5917,ID00033,230.0,115,1983.0,2213.0
5918,ID00034,125.0,115,1985.0,2110.0
5919,ID00035,175.0,115,1991.0,2166.0
5920,ID00036,163.0,115,1986.0,2149.0
5921,ID00037,178.0,115,1878.0,2056.0
5922,ID00038,217.0,115,1878.0,2095.0
5923,ID00039,175.0,115,1878.0,2053.0
5924,ID00040,181.0,115,1878.0,2059.0
5925,ID00041,158.0,115,1879.0,2037.0
5926,ID00042,3.0,115,2215.0,2218.0
5927,ID00043,3.0,115,2096.0,2099.0
5928,ID00044,3.0,115,2226.0,2229.0
5929,ID00045,3.0,115,2240.0,2243.0
5930,ID00046,62.0,115,2244.0,2306.0
5931,finish,0.0,115,2307.0,2307.0
5932,entry,0.0,116,1800,1800.0
5933,ID00000,6.0,116,7787.0,7793.0
5934,ID00001,5.0,116,7758.0,7763.0
5935,ID00002,3417.0,116,3367.0,6784.0
5936,ID00003,542.0,116,6808.0,7350.0
5937,ID00004,27.0,116,7353.0,7380.0
5938,ID00005,627.0,116,6808.0,7435.0
5939,ID00006,22.0,116,7438.0,7460.0
5940,ID00007,382.0,116,6808.0,7190.0
5941,ID00008,20.0,116,7193.0,7213.0
5942,ID00009,449.0,116,6808.0,7257.0
5943,ID00010,27.0,116,7260.0,7287.0
5944,ID00011,453.0,116,6808.0,7261.0
5945,ID00012,27.0,116,7264.0,7291.0
5946,ID00013,757.0,116,6808.0,7565.0
5947,ID00014,28.0,116,7568.0,7596.0
5948,ID00015,598.0,116,6808.0,7406.0
5949,ID00016,12.0,116,7409.0,7421.0
5950,ID00017,445.0,116,6808.0,7253.0
5951,ID00018,10.0,116,7256.0,7266.0
5952,ID00019,947.0,116,6808.0,7755.0
5953,ID00020,26.0,116,7758.0,7784.0
5954,ID00021,688.0,116,6808.0,7496.0
5955,ID00022,25.0,116,7499.0,7524.0
5956,ID00023,2589.0,116,3375.0,5964.0
5957,ID00024,1086.0,116,5980.0,7066.0
5958,ID00025,15.0,116,7069.0,7084.0
5959,ID00026,669.0,116,5980.0,6649.0
5960,ID00027,21.0,116,6652.0,6673.0
5961,ID00028,784.0,116,5980.0,6764.0
5962,ID00029,21.0,116,6767.0,6788.0
5963,ID00030,937.0,116,5980.0,6917.0
5964,ID00031,11.0,116,6920.0,6931.0
5965,ID00032,541.0,116,5980.0,6521.0
5966,ID00033,22.0,116,6524.0,6546.0
5967,ID00034,518.0,116,5980.0,6498.0
5968,ID00035,20.0,116,6501.0,6521.0
5969,ID00036,1103.0,116,5980.0,7083.0
5970,ID00037,19.0,116,7086.0,7105.0
5971,ID00038,969.0,116,5980.0,6949.0
5972,ID00039,19.0,116,6952.0,6971.0
5973,ID00040,490.0,116,5980.0,6470.0
5974,ID00041,27.0,116,6473.0,6500.0
5975,ID00042,984.0,116,5980.0,6964.0
5976,ID00043,19.0,116,6967.0,6986.0
5977,ID00044,446.0,116,5980.0,6426.0
5978,ID00045,23.0,116,6429.0,6452.0
5979,ID00046,441.0,116,5980.0,6421.0
5980,ID00047,10.0,116,6424.0,6434.0
5981,ID00048,602.0,116,5980.0,6582.0
5982,ID00049,12.0,116,6585.0,6597.0
5983,finish,0.0,116,7794.0,7794.0
5984,entry,0.0,117,1800,1800.0
5985,ID00000,6.0,117,7787.0,7793.0
5986,ID00001,5.0,117,7758.0,7763.0
5987,ID00002,3417.0,117,3367.0,6784.0
5988,ID00003,542.0,117,6808.0,7350.0
5989,ID00004,27.0,117,7353.0,7380.0
5990,ID00005,627.0,117,6808.0,7435.0
5991,ID00006,22.0,117,7438.0,7460.0
5992,ID00007,382.0,117,6808.0,7190.0
5993,ID00008,20.0,117,7193.0,7213.0
5994,ID00009,449.0,117,6808.0,7257.0
5995,ID00010,27.0,117,7260.0,7287.0
5996,ID00011,453.0,117,6808.0,7261.0
5997,ID00012,27.0,117,7264.0,7291.0
5998,ID00013,757.0,117,6808.0,7565.0
5999,ID00014,28.0,117,7568.0,7596.0
6000,ID00015,598.0,117,6808.0,7406.0
6001,ID00016,12.0,117,7409.0,7421.0
6002,ID00017,445.0,117,6808.0,7253.0
6003,ID00018,10.0,117,7256.0,7266.0
6004,ID00019,947.0,117,6808.0,7755.0
6005,ID00020,26.0,117,7758.0,7784.0
6006,ID00021,688.0,117,6808.0,7496.0
6007,ID00022,25.0,117,7499.0,7524.0
6008,ID00023,2589.0,117,3375.0,5964.0
6009,ID00024,1086.0,117,5980.0,7066.0
6010,ID00025,15.0,117,7069.0,7084.0
6011,ID00026,669.0,117,5980.0,6649.0
6012,ID00027,21.0,117,6652.0,6673.0
6013,ID00028,784.0,117,5980.0,6764.0
6014,ID00029,21.0,117,6767.0,6788.0
6015,ID00030,937.0,117,5980.0,6917.0
6016,ID00031,11.0,117,6920.0,6931.0
6017,ID00032,541.0,117,5980.0,6521.0
6018,ID00033,22.0,117,6524.0,6546.0
6019,ID00034,518.0,117,5980.0,6498.0
6020,ID00035,20.0,117,6501.0,6521.0
6021,ID00036,1103.0,117,5980.0,7083.0
6022,ID00037,19.0,117,7086.0,7105.0
6023,ID00038,969.0,117,5980.0,6949.0
6024,ID00039,19.0,117,6952.0,6971.0
6025,ID00040,490.0,117,5980.0,6470.0
6026,ID00041,27.0,117,6473.0,6500.0
6027,ID00042,984.0,117,5980.0,6964.0
6028,ID00043,19.0,117,6967.0,6986.0
6029,ID00044,446.0,117,5980.0,6426.0
6030,ID00045,23.0,117,6429.0,6452.0
6031,ID00046,441.0,117,5980.0,6421.0
6032,ID00047,10.0,117,6424.0,6434.0
6033,ID00048,602.0,117,5980.0,6582.0
6034,ID00049,12.0,117,6585.0,6597.0
6035,finish,0.0,117,7794.0,7794.0
6036,entry,0.0,118,1800,1800.0
6037,ID00000,57.0,118,2086.0,2143.0
6038,ID00001,56.0,118,2086.0,2142.0
6039,ID00002,54.0,118,2086.0,2140.0
6040,ID00003,54.0,118,2086.0,2140.0
6041,ID00004,56.0,118,2085.0,2141.0
6042,ID00005,55.0,118,2086.0,2141.0
6043,ID00006,55.0,118,2086.0,2141.0
6044,ID00007,55.0,118,2086.0,2141.0
6045,ID00008,55.0,118,2086.0,2141.0
6046,ID00009,55.0,118,2086.0,2141.0
6047,ID00010,54.0,118,2086.0,2140.0
6048,ID00011,54.0,118,2086.0,2140.0
6049,ID00012,1768.0,118,2150.0,3918.0
6050,ID00013,1486.0,118,2150.0,3636.0
6051,ID00014,1667.0,118,2148.0,3815.0
6052,ID00015,1360.0,118,2147.0,3507.0
6053,ID00016,1286.0,118,2148.0,3434.0
6054,ID00017,1598.0,118,2148.0,3746.0
6055,ID00018,880.0,118,2148.0,3028.0
6056,ID00019,1746.0,118,2148.0,3894.0
6057,ID00020,988.0,118,2148.0,3136.0
6058,ID00021,1553.0,118,2148.0,3701.0
6059,ID00022,2027.0,118,2148.0,4175.0
6060,ID00023,1807.0,118,2147.0,3954.0
6061,ID00024,17.0,118,4178.0,4195.0
6062,ID00025,15.0,118,4198.0,4213.0
6063,ID00026,15.0,118,4198.0,4213.0
6064,ID00027,16.0,118,4198.0,4214.0
6065,ID00028,14.0,118,4198.0,4212.0
6066,ID00029,18.0,118,4198.0,4216.0
6067,ID00030,17.0,118,4198.0,4215.0
6068,ID00031,17.0,118,4198.0,4215.0
6069,ID00032,16.0,118,4198.0,4214.0
6070,ID00033,16.0,118,4198.0,4214.0
6071,ID00034,17.0,118,4198.0,4215.0
6072,ID00035,15.0,118,4198.0,4213.0
6073,ID00036,13.0,118,4198.0,4211.0
6074,ID00037,1607.0,118,4216.0,5823.0
6075,ID00038,1213.0,118,4216.0,5429.0
6076,ID00039,1186.0,118,4217.0,5403.0
6077,ID00040,1749.0,118,4215.0,5964.0
6078,ID00041,1473.0,118,4219.0,5692.0
6079,ID00042,1670.0,118,4218.0,5888.0
6080,ID00043,1139.0,118,4218.0,5357.0
6081,ID00044,1855.0,118,4217.0,6072.0
6082,ID00045,2015.0,118,4217.0,6232.0
6083,ID00046,2007.0,118,4218.0,6225.0
6084,ID00047,1767.0,118,4216.0,5983.0
6085,ID00048,911.0,118,4214.0,5125.0
6086,ID00049,16.0,118,6235.0,6251.0
6087,finish,0.0,118,6252.0,6252.0
6088,entry,0.0,119,1800,1800.0
6089,ID00000,165.0,119,1823.0,1988.0
6090,ID00001,165.0,119,1823.0,1988.0
6091,ID00002,166.0,119,1823.0,1989.0
6092,ID00003,166.0,119,1823.0,1989.0
6093,ID00004,163.0,119,1823.0,1986.0
6094,ID00005,166.0,119,1823.0,1989.0
6095,ID00006,164.0,119,1823.0,1987.0
6096,ID00007,166.0,119,1823.0,1989.0
6097,ID00008,129.0,119,2030.0,2159.0
6098,ID00009,128.0,119,2031.0,2159.0
6099,ID00010,126.0,119,2030.0,2156.0
6100,ID00011,128.0,119,2031.0,2159.0
6101,ID00012,129.0,119,2030.0,2159.0
6102,ID00013,126.0,119,2031.0,2157.0
6103,ID00014,128.0,119,2031.0,2159.0
6104,ID00015,128.0,119,2031.0,2159.0
6105,ID00016,127.0,119,2031.0,2158.0
6106,ID00017,125.0,119,2031.0,2156.0
6107,ID00018,129.0,119,2031.0,2160.0
6108,ID00019,127.0,119,2031.0,2158.0
6109,ID00020,126.0,119,2031.0,2157.0
6110,ID00021,129.0,119,2031.0,2160.0
6111,ID00022,127.0,119,2031.0,2158.0
6112,ID00023,129.0,119,2031.0,2160.0
6113,ID00024,126.0,119,2028.0,2154.0
6114,ID00025,127.0,119,2031.0,2158.0
6115,ID00026,130.0,119,2031.0,2161.0
6116,ID00027,126.0,119,2031.0,2157.0
6117,ID00028,128.0,119,2031.0,2159.0
6118,ID00029,128.0,119,2030.0,2158.0
6119,ID00030,128.0,119,2031.0,2159.0
6120,ID00031,128.0,119,2031.0,2159.0
6121,ID00032,127.0,119,2031.0,2158.0
6122,ID00033,127.0,119,2031.0,2158.0
6123,ID00034,127.0,119,2031.0,2158.0
6124,ID00035,127.0,119,2031.0,2158.0
6125,ID00036,27.0,119,2167.0,2194.0
6126,ID00037,64.0,119,2197.0,2261.0
6127,ID00038,131.0,119,2264.0,2395.0
6128,ID00039,129.0,119,2264.0,2393.0
6129,ID00040,131.0,119,2264.0,2395.0
6130,ID00041,128.0,119,2264.0,2392.0
6131,ID00042,126.0,119,2264.0,2390.0
6132,ID00043,128.0,119,2264.0,2392.0
6133,ID00044,129.0,119,2264.0,2393.0
6134,ID00045,129.0,119,2264.0,2393.0
6135,ID00046,30.0,119,2437.0,2467.0
6136,ID00047,59.0,119,2470.0,2529.0
6137,ID00048,59.0,119,3181.0,3240.0
6138,ID00049,6.0,119,3254.0,3260.0
6139,finish,0.0,119,3262.0,3262.0
6140,entry,0.0,120,1800,1800.0
6141,ID00000,6.0,120,7787.0,7793.0
6142,ID00001,5.0,120,7758.0,7763.0
6143,ID00002,3417.0,120,3367.0,6784.0
6144,ID00003,542.0,120,6808.0,7350.0
6145,ID00004,27.0,120,7353.0,7380.0
6146,ID00005,627.0,120,6808.0,7435.0
6147,ID00006,22.0,120,7438.0,7460.0
6148,ID00007,382.0,120,6808.0,7190.0
6149,ID00008,20.0,120,7193.0,7213.0
6150,ID00009,449.0,120,6808.0,7257.0
6151,ID00010,27.0,120,7260.0,7287.0
6152,ID00011,453.0,120,6808.0,7261.0
6153,ID00012,27.0,120,7264.0,7291.0
6154,ID00013,757.0,120,6808.0,7565.0
6155,ID00014,28.0,120,7568.0,7596.0
6156,ID00015,598.0,120,6808.0,7406.0
6157,ID00016,12.0,120,7409.0,7421.0
6158,ID00017,445.0,120,6808.0,7253.0
6159,ID00018,10.0,120,7256.0,7266.0
6160,ID00019,947.0,120,6808.0,7755.0
6161,ID00020,26.0,120,7758.0,7784.0
6162,ID00021,688.0,120,6808.0,7496.0
6163,ID00022,25.0,120,7499.0,7524.0
6164,ID00023,2589.0,120,3375.0,5964.0
6165,ID00024,1086.0,120,5980.0,7066.0
6166,ID00025,15.0,120,7069.0,7084.0
6167,ID00026,669.0,120,5980.0,6649.0
6168,ID00027,21.0,120,6652.0,6673.0
6169,ID00028,784.0,120,5980.0,6764.0
6170,ID00029,21.0,120,6767.0,6788.0
6171,ID00030,937.0,120,5980.0,6917.0
6172,ID00031,11.0,120,6920.0,6931.0
6173,ID00032,541.0,120,5980.0,6521.0
6174,ID00033,22.0,120,6524.0,6546.0
6175,ID00034,518.0,120,5980.0,6498.0
6176,ID00035,20.0,120,6501.0,6521.0
6177,ID00036,1103.0,120,5980.0,7083.0
6178,ID00037,19.0,120,7086.0,7105.0
6179,ID00038,969.0,120,5980.0,6949.0
6180,ID00039,19.0,120,6952.0,6971.0
6181,ID00040,490.0,120,5980.0,6470.0
6182,ID00041,27.0,120,6473.0,6500.0
6183,ID00042,984.0,120,5980.0,6964.0
6184,ID00043,19.0,120,6967.0,6986.0
6185,ID00044,446.0,120,5980.0,6426.0
6186,ID00045,23.0,120,6429.0,6452.0
6187,ID00046,441.0,120,5980.0,6421.0
6188,ID00047,10.0,120,6424.0,6434.0
6189,ID00048,602.0,120,5980.0,6582.0
6190,ID00049,12.0,120,6585.0,6597.0
6191,finish,0.0,120,7794.0,7794.0
6192,entry,0.0,121,1800,1800.0
6193,ID00000,3.0,121,1808.0,1811.0
6194,ID00001,3.0,121,1804.0,1807.0
6195,ID00002,3.0,121,1804.0,1807.0
6196,ID00003,3.0,121,1804.0,1807.0
6197,ID00004,3.0,121,1804.0,1807.0
6198,ID00005,3.0,121,1804.0,1807.0
6199,ID00006,3.0,121,1804.0,1807.0
6200,ID00007,3.0,121,1804.0,1807.0
6201,ID00008,3.0,121,1804.0,1807.0
6202,ID00009,3.0,121,1804.0,1807.0
6203,ID00010,3.0,121,1804.0,1807.0
6204,ID00011,3.0,121,1804.0,1807.0
6205,ID00012,3.0,121,1804.0,1807.0
6206,ID00013,497.0,121,1802.0,2299.0
6207,ID00014,10.0,121,1802.0,1812.0
6208,ID00015,20.0,121,1803.0,1823.0
6209,ID00016,468.0,121,2704.0,3172.0
6210,ID00017,134.0,121,3175.0,3309.0
6211,ID00018,3.0,121,3323.0,3326.0
6212,ID00019,3.0,121,3323.0,3326.0
6213,ID00020,329.0,121,3323.0,3652.0
6214,ID00021,9.0,121,3327.0,3336.0
6215,ID00022,3.0,121,3323.0,3326.0
6216,ID00023,3.0,121,3660.0,3663.0
6217,ID00025,3.0,121,1808.0,1811.0
6218,ID00026,3.0,121,1804.0,1807.0
6219,ID00027,3.0,121,1804.0,1807.0
6220,ID00028,3.0,121,1804.0,1807.0
6221,ID00029,3.0,121,1804.0,1807.0
6222,ID00030,3.0,121,1804.0,1807.0
6223,ID00031,3.0,121,1804.0,1807.0
6224,ID00032,3.0,121,1804.0,1807.0
6225,ID00033,3.0,121,1804.0,1807.0
6226,ID00034,3.0,121,1804.0,1807.0
6227,ID00035,3.0,121,1804.0,1807.0
6228,ID00036,3.0,121,1804.0,1807.0
6229,ID00037,3.0,121,1804.0,1807.0
6230,ID00038,277.0,121,1802.0,2079.0
6231,ID00039,10.0,121,1802.0,1812.0
6232,ID00040,9.0,121,1803.0,1812.0
6233,ID00041,626.0,121,2708.0,3334.0
6234,ID00042,46.0,121,3337.0,3383.0
6235,ID00043,3.0,121,3397.0,3400.0
6236,ID00044,3.0,121,3397.0,3400.0
6237,ID00045,319.0,121,3397.0,3716.0
6238,ID00046,9.0,121,3401.0,3410.0
6239,ID00047,3.0,121,3397.0,3400.0
6240,ID00048,3.0,121,3724.0,3727.0
6241,finish,0.0,121,3735.0,3735.0
6242,entry,0.0,122,1800,1800.0
6243,ID00000,6.0,122,7787.0,7793.0
6244,ID00001,5.0,122,7758.0,7763.0
6245,ID00002,3417.0,122,3367.0,6784.0
6246,ID00003,542.0,122,6808.0,7350.0
6247,ID00004,27.0,122,7353.0,7380.0
6248,ID00005,627.0,122,6808.0,7435.0
6249,ID00006,22.0,122,7438.0,7460.0
6250,ID00007,382.0,122,6808.0,7190.0
6251,ID00008,20.0,122,7193.0,7213.0
6252,ID00009,449.0,122,6808.0,7257.0
6253,ID00010,27.0,122,7260.0,7287.0
6254,ID00011,453.0,122,6808.0,7261.0
6255,ID00012,27.0,122,7264.0,7291.0
6256,ID00013,757.0,122,6808.0,7565.0
6257,ID00014,28.0,122,7568.0,7596.0
6258,ID00015,598.0,122,6808.0,7406.0
6259,ID00016,12.0,122,7409.0,7421.0
6260,ID00017,445.0,122,6808.0,7253.0
6261,ID00018,10.0,122,7256.0,7266.0
6262,ID00019,947.0,122,6808.0,7755.0
6263,ID00020,26.0,122,7758.0,7784.0
6264,ID00021,688.0,122,6808.0,7496.0
6265,ID00022,25.0,122,7499.0,7524.0
6266,ID00023,2589.0,122,3375.0,5964.0
6267,ID00024,1086.0,122,5980.0,7066.0
6268,ID00025,15.0,122,7069.0,7084.0
6269,ID00026,669.0,122,5980.0,6649.0
6270,ID00027,21.0,122,6652.0,6673.0
6271,ID00028,784.0,122,5980.0,6764.0
6272,ID00029,21.0,122,6767.0,6788.0
6273,ID00030,937.0,122,5980.0,6917.0
6274,ID00031,11.0,122,6920.0,6931.0
6275,ID00032,541.0,122,5980.0,6521.0
6276,ID00033,22.0,122,6524.0,6546.0
6277,ID00034,518.0,122,5980.0,6498.0
6278,ID00035,20.0,122,6501.0,6521.0
6279,ID00036,1103.0,122,5980.0,7083.0
6280,ID00037,19.0,122,7086.0,7105.0
6281,ID00038,969.0,122,5980.0,6949.0
6282,ID00039,19.0,122,6952.0,6971.0
6283,ID00040,490.0,122,5980.0,6470.0
6284,ID00041,27.0,122,6473.0,6500.0
6285,ID00042,984.0,122,5980.0,6964.0
6286,ID00043,19.0,122,6967.0,6986.0
6287,ID00044,446.0,122,5980.0,6426.0
6288,ID00045,23.0,122,6429.0,6452.0
6289,ID00046,441.0,122,5980.0,6421.0
6290,ID00047,10.0,122,6424.0,6434.0
6291,ID00048,602.0,122,5980.0,6582.0
6292,ID00049,12.0,122,6585.0,6597.0
6293,finish,0.0,122,7794.0,7794.0
6294,entry,0.0,123,1800,1800.0
6295,ID00000,57.0,123,2086.0,2143.0
6296,ID00001,56.0,123,2086.0,2142.0
6297,ID00002,54.0,123,2086.0,2140.0
6298,ID00003,54.0,123,2086.0,2140.0
6299,ID00004,56.0,123,2085.0,2141.0
6300,ID00005,55.0,123,2086.0,2141.0
6301,ID00006,55.0,123,2086.0,2141.0
6302,ID00007,55.0,123,2086.0,2141.0
6303,ID00008,55.0,123,2086.0,2141.0
6304,ID00009,55.0,123,2086.0,2141.0
6305,ID00010,54.0,123,2086.0,2140.0
6306,ID00011,54.0,123,2086.0,2140.0
6307,ID00012,1768.0,123,2150.0,3918.0
6308,ID00013,1486.0,123,2150.0,3636.0
6309,ID00014,1667.0,123,2148.0,3815.0
6310,ID00015,1360.0,123,2147.0,3507.0
6311,ID00016,1286.0,123,2148.0,3434.0
6312,ID00017,1598.0,123,2148.0,3746.0
6313,ID00018,880.0,123,2148.0,3028.0
6314,ID00019,1746.0,123,2148.0,3894.0
6315,ID00020,988.0,123,2148.0,3136.0
6316,ID00021,1553.0,123,2148.0,3701.0
6317,ID00022,2027.0,123,2148.0,4175.0
6318,ID00023,1807.0,123,2147.0,3954.0
6319,ID00024,17.0,123,4178.0,4195.0
6320,ID00025,15.0,123,4198.0,4213.0
6321,ID00026,15.0,123,4198.0,4213.0
6322,ID00027,16.0,123,4198.0,4214.0
6323,ID00028,14.0,123,4198.0,4212.0
6324,ID00029,18.0,123,4198.0,4216.0
6325,ID00030,17.0,123,4198.0,4215.0
6326,ID00031,17.0,123,4198.0,4215.0
6327,ID00032,16.0,123,4198.0,4214.0
6328,ID00033,16.0,123,4198.0,4214.0
6329,ID00034,17.0,123,4198.0,4215.0
6330,ID00035,15.0,123,4198.0,4213.0
6331,ID00036,13.0,123,4198.0,4211.0
6332,ID00037,1607.0,123,4216.0,5823.0
6333,ID00038,1213.0,123,4216.0,5429.0
6334,ID00039,1186.0,123,4217.0,5403.0
6335,ID00040,1749.0,123,4215.0,5964.0
6336,ID00041,1473.0,123,4219.0,5692.0
6337,ID00042,1670.0,123,4218.0,5888.0
6338,ID00043,1139.0,123,4218.0,5357.0
6339,ID00044,1855.0,123,4217.0,6072.0
6340,ID00045,2015.0,123,4217.0,6232.0
6341,ID00046,2007.0,123,4218.0,6225.0
6342,ID00047,1767.0,123,4216.0,5983.0
6343,ID00048,911.0,123,4214.0,5125.0
6344,ID00049,16.0,123,6235.0,6251.0
6345,finish,0.0,123,6252.0,6252.0
6346,entry,0.0,124,1800,1800.0
6347,ID00000,3.0,124,1874.0,1877.0
6348,ID00001,3.0,124,1827.0,1830.0
6349,ID00002,3.0,124,1953.0,1956.0
6350,ID00003,3.0,124,1953.0,1956.0
6351,ID00004,3.0,124,1953.0,1956.0
6352,ID00005,3.0,124,1953.0,1956.0
6353,ID00006,3.0,124,1953.0,1956.0
6354,ID00007,3.0,124,1860.0,1863.0
6355,ID00008,3.0,124,1860.0,1863.0
6356,ID00009,3.0,124,1860.0,1863.0
6357,ID00010,3.0,124,1860.0,1863.0
6358,ID00011,3.0,124,1860.0,1863.0
6359,ID00012,3.0,124,1972.0,1975.0
6360,ID00013,3.0,124,1970.0,1973.0
6361,ID00014,3.0,124,1972.0,1975.0
6362,ID00015,3.0,124,1972.0,1975.0
6363,ID00016,3.0,124,1972.0,1975.0
6364,ID00017,3.0,124,1869.0,1872.0
6365,ID00018,3.0,124,1869.0,1872.0
6366,ID00019,3.0,124,1869.0,1872.0
6367,ID00020,3.0,124,1869.0,1872.0
6368,ID00021,3.0,124,1869.0,1872.0
6369,ID00022,3.0,124,1981.0,1984.0
6370,ID00023,3.0,124,1978.0,1981.0
6371,ID00024,3.0,124,1980.0,1983.0
6372,ID00025,3.0,124,1985.0,1988.0
6373,ID00026,3.0,124,1981.0,1984.0
6374,ID00027,3.0,124,1874.0,1877.0
6375,ID00028,3.0,124,1874.0,1877.0
6376,ID00029,3.0,124,1874.0,1877.0
6377,ID00030,3.0,124,1874.0,1877.0
6378,ID00031,3.0,124,1875.0,1878.0
6379,ID00032,172.0,124,1986.0,2158.0
6380,ID00033,230.0,124,1983.0,2213.0
6381,ID00034,125.0,124,1985.0,2110.0
6382,ID00035,175.0,124,1991.0,2166.0
6383,ID00036,163.0,124,1986.0,2149.0
6384,ID00037,178.0,124,1878.0,2056.0
6385,ID00038,217.0,124,1878.0,2095.0
6386,ID00039,175.0,124,1878.0,2053.0
6387,ID00040,181.0,124,1878.0,2059.0
6388,ID00041,158.0,124,1879.0,2037.0
6389,ID00042,3.0,124,2215.0,2218.0
6390,ID00043,3.0,124,2096.0,2099.0
6391,ID00044,3.0,124,2226.0,2229.0
6392,ID00045,3.0,124,2240.0,2243.0
6393,ID00046,62.0,124,2244.0,2306.0
6394,finish,0.0,124,2307.0,2307.0
6395,entry,0.0,125,1800,1800.0
6396,ID00000,3.0,125,1808.0,1811.0
6397,ID00001,3.0,125,1804.0,1807.0
6398,ID00002,3.0,125,1804.0,1807.0
6399,ID00003,3.0,125,1804.0,1807.0
6400,ID00004,3.0,125,1804.0,1807.0
6401,ID00005,3.0,125,1804.0,1807.0
6402,ID00006,3.0,125,1804.0,1807.0
6403,ID00007,3.0,125,1804.0,1807.0
6404,ID00008,3.0,125,1804.0,1807.0
6405,ID00009,3.0,125,1804.0,1807.0
6406,ID00010,3.0,125,1804.0,1807.0
6407,ID00011,3.0,125,1804.0,1807.0
6408,ID00012,3.0,125,1804.0,1807.0
6409,ID00013,497.0,125,1802.0,2299.0
6410,ID00014,10.0,125,1802.0,1812.0
6411,ID00015,20.0,125,1803.0,1823.0
6412,ID00016,468.0,125,2704.0,3172.0
6413,ID00017,134.0,125,3175.0,3309.0
6414,ID00018,3.0,125,3323.0,3326.0
6415,ID00019,3.0,125,3323.0,3326.0
6416,ID00020,329.0,125,3323.0,3652.0
6417,ID00021,9.0,125,3327.0,3336.0
6418,ID00022,3.0,125,3323.0,3326.0
6419,ID00023,3.0,125,3660.0,3663.0
6420,ID00025,3.0,125,1808.0,1811.0
6421,ID00026,3.0,125,1804.0,1807.0
6422,ID00027,3.0,125,1804.0,1807.0
6423,ID00028,3.0,125,1804.0,1807.0
6424,ID00029,3.0,125,1804.0,1807.0
6425,ID00030,3.0,125,1804.0,1807.0
6426,ID00031,3.0,125,1804.0,1807.0
6427,ID00032,3.0,125,1804.0,1807.0
6428,ID00033,3.0,125,1804.0,1807.0
6429,ID00034,3.0,125,1804.0,1807.0
6430,ID00035,3.0,125,1804.0,1807.0
6431,ID00036,3.0,125,1804.0,1807.0
6432,ID00037,3.0,125,1804.0,1807.0
6433,ID00038,277.0,125,1802.0,2079.0
6434,ID00039,10.0,125,1802.0,1812.0
6435,ID00040,9.0,125,1803.0,1812.0
6436,ID00041,626.0,125,2708.0,3334.0
6437,ID00042,46.0,125,3337.0,3383.0
6438,ID00043,3.0,125,3397.0,3400.0
6439,ID00044,3.0,125,3397.0,3400.0
6440,ID00045,319.0,125,3397.0,3716.0
6441,ID00046,9.0,125,3401.0,3410.0
6442,ID00047,3.0,125,3397.0,3400.0
6443,ID00048,3.0,125,3724.0,3727.0
6444,finish,0.0,125,3735.0,3735.0
6445,entry,0.0,126,1800,1800.0
6446,ID00000,57.0,126,2086.0,2143.0
6447,ID00001,56.0,126,2086.0,2142.0
6448,ID00002,54.0,126,2086.0,2140.0
6449,ID00003,54.0,126,2086.0,2140.0
6450,ID00004,56.0,126,2085.0,2141.0
6451,ID00005,55.0,126,2086.0,2141.0
6452,ID00006,55.0,126,2086.0,2141.0
6453,ID00007,55.0,126,2086.0,2141.0
6454,ID00008,55.0,126,2086.0,2141.0
6455,ID00009,55.0,126,2086.0,2141.0
6456,ID00010,54.0,126,2086.0,2140.0
6457,ID00011,54.0,126,2086.0,2140.0
6458,ID00012,1768.0,126,2150.0,3918.0
6459,ID00013,1486.0,126,2150.0,3636.0
6460,ID00014,1667.0,126,2148.0,3815.0
6461,ID00015,1360.0,126,2147.0,3507.0
6462,ID00016,1286.0,126,2148.0,3434.0
6463,ID00017,1598.0,126,2148.0,3746.0
6464,ID00018,880.0,126,2148.0,3028.0
6465,ID00019,1746.0,126,2148.0,3894.0
6466,ID00020,988.0,126,2148.0,3136.0
6467,ID00021,1553.0,126,2148.0,3701.0
6468,ID00022,2027.0,126,2148.0,4175.0
6469,ID00023,1807.0,126,2147.0,3954.0
6470,ID00024,17.0,126,4178.0,4195.0
6471,ID00025,15.0,126,4198.0,4213.0
6472,ID00026,15.0,126,4198.0,4213.0
6473,ID00027,16.0,126,4198.0,4214.0
6474,ID00028,14.0,126,4198.0,4212.0
6475,ID00029,18.0,126,4198.0,4216.0
6476,ID00030,17.0,126,4198.0,4215.0
6477,ID00031,17.0,126,4198.0,4215.0
6478,ID00032,16.0,126,4198.0,4214.0
6479,ID00033,16.0,126,4198.0,4214.0
6480,ID00034,17.0,126,4198.0,4215.0
6481,ID00035,15.0,126,4198.0,4213.0
6482,ID00036,13.0,126,4198.0,4211.0
6483,ID00037,1607.0,126,4216.0,5823.0
6484,ID00038,1213.0,126,4216.0,5429.0
6485,ID00039,1186.0,126,4217.0,5403.0
6486,ID00040,1749.0,126,4215.0,5964.0
6487,ID00041,1473.0,126,4219.0,5692.0
6488,ID00042,1670.0,126,4218.0,5888.0
6489,ID00043,1139.0,126,4218.0,5357.0
6490,ID00044,1855.0,126,4217.0,6072.0
6491,ID00045,2015.0,126,4217.0,6232.0
6492,ID00046,2007.0,126,4218.0,6225.0
6493,ID00047,1767.0,126,4216.0,5983.0
6494,ID00048,911.0,126,4214.0,5125.0
6495,ID00049,16.0,126,6235.0,6251.0
6496,finish,0.0,126,6252.0,6252.0
6497,entry,0.0,127,1800,1800.0
6498,ID00000,3.0,127,1808.0,1811.0
6499,ID00001,3.0,127,1804.0,1807.0
6500,ID00002,3.0,127,1804.0,1807.0
6501,ID00003,3.0,127,1804.0,1807.0
6502,ID00004,3.0,127,1804.0,1807.0
6503,ID00005,3.0,127,1804.0,1807.0
6504,ID00006,3.0,127,1804.0,1807.0
6505,ID00007,3.0,127,1804.0,1807.0
6506,ID00008,3.0,127,1804.0,1807.0
6507,ID00009,3.0,127,1804.0,1807.0
6508,ID00010,3.0,127,1804.0,1807.0
6509,ID00011,3.0,127,1804.0,1807.0
6510,ID00012,3.0,127,1804.0,1807.0
6511,ID00013,497.0,127,1802.0,2299.0
6512,ID00014,10.0,127,1802.0,1812.0
6513,ID00015,20.0,127,1803.0,1823.0
6514,ID00016,468.0,127,2704.0,3172.0
6515,ID00017,134.0,127,3175.0,3309.0
6516,ID00018,3.0,127,3323.0,3326.0
6517,ID00019,3.0,127,3323.0,3326.0
6518,ID00020,329.0,127,3323.0,3652.0
6519,ID00021,9.0,127,3327.0,3336.0
6520,ID00022,3.0,127,3323.0,3326.0
6521,ID00023,3.0,127,3660.0,3663.0
6522,ID00025,3.0,127,1808.0,1811.0
6523,ID00026,3.0,127,1804.0,1807.0
6524,ID00027,3.0,127,1804.0,1807.0
6525,ID00028,3.0,127,1804.0,1807.0
6526,ID00029,3.0,127,1804.0,1807.0
6527,ID00030,3.0,127,1804.0,1807.0
6528,ID00031,3.0,127,1804.0,1807.0
6529,ID00032,3.0,127,1804.0,1807.0
6530,ID00033,3.0,127,1804.0,1807.0
6531,ID00034,3.0,127,1804.0,1807.0
6532,ID00035,3.0,127,1804.0,1807.0
6533,ID00036,3.0,127,1804.0,1807.0
6534,ID00037,3.0,127,1804.0,1807.0
6535,ID00038,277.0,127,1802.0,2079.0
6536,ID00039,10.0,127,1802.0,1812.0
6537,ID00040,9.0,127,1803.0,1812.0
6538,ID00041,626.0,127,2708.0,3334.0
6539,ID00042,46.0,127,3337.0,3383.0
6540,ID00043,3.0,127,3397.0,3400.0
6541,ID00044,3.0,127,3397.0,3400.0
6542,ID00045,319.0,127,3397.0,3716.0
6543,ID00046,9.0,127,3401.0,3410.0
6544,ID00047,3.0,127,3397.0,3400.0
6545,ID00048,3.0,127,3724.0,3727.0
6546,finish,0.0,127,3735.0,3735.0
6547,entry,0.0,128,1800,1800.0
6548,ID00000,6.0,128,7787.0,7793.0
6549,ID00001,5.0,128,7758.0,7763.0
6550,ID00002,3417.0,128,3367.0,6784.0
6551,ID00003,542.0,128,6808.0,7350.0
6552,ID00004,27.0,128,7353.0,7380.0
6553,ID00005,627.0,128,6808.0,7435.0
6554,ID00006,22.0,128,7438.0,7460.0
6555,ID00007,382.0,128,6808.0,7190.0
6556,ID00008,20.0,128,7193.0,7213.0
6557,ID00009,449.0,128,6808.0,7257.0
6558,ID00010,27.0,128,7260.0,7287.0
6559,ID00011,453.0,128,6808.0,7261.0
6560,ID00012,27.0,128,7264.0,7291.0
6561,ID00013,757.0,128,6808.0,7565.0
6562,ID00014,28.0,128,7568.0,7596.0
6563,ID00015,598.0,128,6808.0,7406.0
6564,ID00016,12.0,128,7409.0,7421.0
6565,ID00017,445.0,128,6808.0,7253.0
6566,ID00018,10.0,128,7256.0,7266.0
6567,ID00019,947.0,128,6808.0,7755.0
6568,ID00020,26.0,128,7758.0,7784.0
6569,ID00021,688.0,128,6808.0,7496.0
6570,ID00022,25.0,128,7499.0,7524.0
6571,ID00023,2589.0,128,3375.0,5964.0
6572,ID00024,1086.0,128,5980.0,7066.0
6573,ID00025,15.0,128,7069.0,7084.0
6574,ID00026,669.0,128,5980.0,6649.0
6575,ID00027,21.0,128,6652.0,6673.0
6576,ID00028,784.0,128,5980.0,6764.0
6577,ID00029,21.0,128,6767.0,6788.0
6578,ID00030,937.0,128,5980.0,6917.0
6579,ID00031,11.0,128,6920.0,6931.0
6580,ID00032,541.0,128,5980.0,6521.0
6581,ID00033,22.0,128,6524.0,6546.0
6582,ID00034,518.0,128,5980.0,6498.0
6583,ID00035,20.0,128,6501.0,6521.0
6584,ID00036,1103.0,128,5980.0,7083.0
6585,ID00037,19.0,128,7086.0,7105.0
6586,ID00038,969.0,128,5980.0,6949.0
6587,ID00039,19.0,128,6952.0,6971.0
6588,ID00040,490.0,128,5980.0,6470.0
6589,ID00041,27.0,128,6473.0,6500.0
6590,ID00042,984.0,128,5980.0,6964.0
6591,ID00043,19.0,128,6967.0,6986.0
6592,ID00044,446.0,128,5980.0,6426.0
6593,ID00045,23.0,128,6429.0,6452.0
6594,ID00046,441.0,128,5980.0,6421.0
6595,ID00047,10.0,128,6424.0,6434.0
6596,ID00048,602.0,128,5980.0,6582.0
6597,ID00049,12.0,128,6585.0,6597.0
6598,finish,0.0,128,7794.0,7794.0
6599,entry,0.0,129,1800,1800.0
6600,ID00000,165.0,129,1823.0,1988.0
6601,ID00001,165.0,129,1823.0,1988.0
6602,ID00002,166.0,129,1823.0,1989.0
6603,ID00003,166.0,129,1823.0,1989.0
6604,ID00004,163.0,129,1823.0,1986.0
6605,ID00005,166.0,129,1823.0,1989.0
6606,ID00006,164.0,129,1823.0,1987.0
6607,ID00007,166.0,129,1823.0,1989.0
6608,ID00008,129.0,129,2030.0,2159.0
6609,ID00009,128.0,129,2031.0,2159.0
6610,ID00010,126.0,129,2030.0,2156.0
6611,ID00011,128.0,129,2031.0,2159.0
6612,ID00012,129.0,129,2030.0,2159.0
6613,ID00013,126.0,129,2031.0,2157.0
6614,ID00014,128.0,129,2031.0,2159.0
6615,ID00015,128.0,129,2031.0,2159.0
6616,ID00016,127.0,129,2031.0,2158.0
6617,ID00017,125.0,129,2031.0,2156.0
6618,ID00018,129.0,129,2031.0,2160.0
6619,ID00019,127.0,129,2031.0,2158.0
6620,ID00020,126.0,129,2031.0,2157.0
6621,ID00021,129.0,129,2031.0,2160.0
6622,ID00022,127.0,129,2031.0,2158.0
6623,ID00023,129.0,129,2031.0,2160.0
6624,ID00024,126.0,129,2028.0,2154.0
6625,ID00025,127.0,129,2031.0,2158.0
6626,ID00026,130.0,129,2031.0,2161.0
6627,ID00027,126.0,129,2031.0,2157.0
6628,ID00028,128.0,129,2031.0,2159.0
6629,ID00029,128.0,129,2030.0,2158.0
6630,ID00030,128.0,129,2031.0,2159.0
6631,ID00031,128.0,129,2031.0,2159.0
6632,ID00032,127.0,129,2031.0,2158.0
6633,ID00033,127.0,129,2031.0,2158.0
6634,ID00034,127.0,129,2031.0,2158.0
6635,ID00035,127.0,129,2031.0,2158.0
6636,ID00036,27.0,129,2167.0,2194.0
6637,ID00037,64.0,129,2197.0,2261.0
6638,ID00038,131.0,129,2264.0,2395.0
6639,ID00039,129.0,129,2264.0,2393.0
6640,ID00040,131.0,129,2264.0,2395.0
6641,ID00041,128.0,129,2264.0,2392.0
6642,ID00042,126.0,129,2264.0,2390.0
6643,ID00043,128.0,129,2264.0,2392.0
6644,ID00044,129.0,129,2264.0,2393.0
6645,ID00045,129.0,129,2264.0,2393.0
6646,ID00046,30.0,129,2437.0,2467.0
6647,ID00047,59.0,129,2470.0,2529.0
6648,ID00048,59.0,129,3181.0,3240.0
6649,ID00049,6.0,129,3254.0,3260.0
6650,finish,0.0,129,3262.0,3262.0
6651,entry,0.0,130,1800,1800.0
6652,ID00000,57.0,130,2086.0,2143.0
6653,ID00001,56.0,130,2086.0,2142.0
6654,ID00002,54.0,130,2086.0,2140.0
6655,ID00003,54.0,130,2086.0,2140.0
6656,ID00004,56.0,130,2085.0,2141.0
6657,ID00005,55.0,130,2086.0,2141.0
6658,ID00006,55.0,130,2086.0,2141.0
6659,ID00007,55.0,130,2086.0,2141.0
6660,ID00008,55.0,130,2086.0,2141.0
6661,ID00009,55.0,130,2086.0,2141.0
6662,ID00010,54.0,130,2086.0,2140.0
6663,ID00011,54.0,130,2086.0,2140.0
6664,ID00012,1768.0,130,2150.0,3918.0
6665,ID00013,1486.0,130,2150.0,3636.0
6666,ID00014,1667.0,130,2148.0,3815.0
6667,ID00015,1360.0,130,2147.0,3507.0
6668,ID00016,1286.0,130,2148.0,3434.0
6669,ID00017,1598.0,130,2148.0,3746.0
6670,ID00018,880.0,130,2148.0,3028.0
6671,ID00019,1746.0,130,2148.0,3894.0
6672,ID00020,988.0,130,2148.0,3136.0
6673,ID00021,1553.0,130,2148.0,3701.0
6674,ID00022,2027.0,130,2148.0,4175.0
6675,ID00023,1807.0,130,2147.0,3954.0
6676,ID00024,17.0,130,4178.0,4195.0
6677,ID00025,15.0,130,4198.0,4213.0
6678,ID00026,15.0,130,4198.0,4213.0
6679,ID00027,16.0,130,4198.0,4214.0
6680,ID00028,14.0,130,4198.0,4212.0
6681,ID00029,18.0,130,4198.0,4216.0
6682,ID00030,17.0,130,4198.0,4215.0
6683,ID00031,17.0,130,4198.0,4215.0
6684,ID00032,16.0,130,4198.0,4214.0
6685,ID00033,16.0,130,4198.0,4214.0
6686,ID00034,17.0,130,4198.0,4215.0
6687,ID00035,15.0,130,4198.0,4213.0
6688,ID00036,13.0,130,4198.0,4211.0
6689,ID00037,1607.0,130,4216.0,5823.0
6690,ID00038,1213.0,130,4216.0,5429.0
6691,ID00039,1186.0,130,4217.0,5403.0
6692,ID00040,1749.0,130,4215.0,5964.0
6693,ID00041,1473.0,130,4219.0,5692.0
6694,ID00042,1670.0,130,4218.0,5888.0
6695,ID00043,1139.0,130,4218.0,5357.0
6696,ID00044,1855.0,130,4217.0,6072.0
6697,ID00045,2015.0,130,4217.0,6232.0
6698,ID00046,2007.0,130,4218.0,6225.0
6699,ID00047,1767.0,130,4216.0,5983.0
6700,ID00048,911.0,130,4214.0,5125.0
6701,ID00049,16.0,130,6235.0,6251.0
6702,finish,0.0,130,6252.0,6252.0
6703,entry,0.0,131,1800,1800.0
6704,ID00000,3.0,131,1808.0,1811.0
6705,ID00001,3.0,131,1804.0,1807.0
6706,ID00002,3.0,131,1804.0,1807.0
6707,ID00003,3.0,131,1804.0,1807.0
6708,ID00004,3.0,131,1804.0,1807.0
6709,ID00005,3.0,131,1804.0,1807.0
6710,ID00006,3.0,131,1804.0,1807.0
6711,ID00007,3.0,131,1804.0,1807.0
6712,ID00008,3.0,131,1804.0,1807.0
6713,ID00009,3.0,131,1804.0,1807.0
6714,ID00010,3.0,131,1804.0,1807.0
6715,ID00011,3.0,131,1804.0,1807.0
6716,ID00012,3.0,131,1804.0,1807.0
6717,ID00013,497.0,131,1802.0,2299.0
6718,ID00014,10.0,131,1802.0,1812.0
6719,ID00015,20.0,131,1803.0,1823.0
6720,ID00016,468.0,131,2704.0,3172.0
6721,ID00017,134.0,131,3175.0,3309.0
6722,ID00018,3.0,131,3323.0,3326.0
6723,ID00019,3.0,131,3323.0,3326.0
6724,ID00020,329.0,131,3323.0,3652.0
6725,ID00021,9.0,131,3327.0,3336.0
6726,ID00022,3.0,131,3323.0,3326.0
6727,ID00023,3.0,131,3660.0,3663.0
6728,ID00025,3.0,131,1808.0,1811.0
6729,ID00026,3.0,131,1804.0,1807.0
6730,ID00027,3.0,131,1804.0,1807.0
6731,ID00028,3.0,131,1804.0,1807.0
6732,ID00029,3.0,131,1804.0,1807.0
6733,ID00030,3.0,131,1804.0,1807.0
6734,ID00031,3.0,131,1804.0,1807.0
6735,ID00032,3.0,131,1804.0,1807.0
6736,ID00033,3.0,131,1804.0,1807.0
6737,ID00034,3.0,131,1804.0,1807.0
6738,ID00035,3.0,131,1804.0,1807.0
6739,ID00036,3.0,131,1804.0,1807.0
6740,ID00037,3.0,131,1804.0,1807.0
6741,ID00038,277.0,131,1802.0,2079.0
6742,ID00039,10.0,131,1802.0,1812.0
6743,ID00040,9.0,131,1803.0,1812.0
6744,ID00041,626.0,131,2708.0,3334.0
6745,ID00042,46.0,131,3337.0,3383.0
6746,ID00043,3.0,131,3397.0,3400.0
6747,ID00044,3.0,131,3397.0,3400.0
6748,ID00045,319.0,131,3397.0,3716.0
6749,ID00046,9.0,131,3401.0,3410.0
6750,ID00047,3.0,131,3397.0,3400.0
6751,ID00048,3.0,131,3724.0,3727.0
6752,finish,0.0,131,3735.0,3735.0
6753,entry,0.0,132,1800,1800.0
6754,ID00000,57.0,132,2086.0,2143.0
6755,ID00001,56.0,132,2086.0,2142.0
6756,ID00002,54.0,132,2086.0,2140.0
6757,ID00003,54.0,132,2086.0,2140.0
6758,ID00004,56.0,132,2085.0,2141.0
6759,ID00005,55.0,132,2086.0,2141.0
6760,ID00006,55.0,132,2086.0,2141.0
6761,ID00007,55.0,132,2086.0,2141.0
6762,ID00008,55.0,132,2086.0,2141.0
6763,ID00009,55.0,132,2086.0,2141.0
6764,ID00010,54.0,132,2086.0,2140.0
6765,ID00011,54.0,132,2086.0,2140.0
6766,ID00012,1768.0,132,2150.0,3918.0
6767,ID00013,1486.0,132,2150.0,3636.0
6768,ID00014,1667.0,132,2148.0,3815.0
6769,ID00015,1360.0,132,2147.0,3507.0
6770,ID00016,1286.0,132,2148.0,3434.0
6771,ID00017,1598.0,132,2148.0,3746.0
6772,ID00018,880.0,132,2148.0,3028.0
6773,ID00019,1746.0,132,2148.0,3894.0
6774,ID00020,988.0,132,2148.0,3136.0
6775,ID00021,1553.0,132,2148.0,3701.0
6776,ID00022,2027.0,132,2148.0,4175.0
6777,ID00023,1807.0,132,2147.0,3954.0
6778,ID00024,17.0,132,4178.0,4195.0
6779,ID00025,15.0,132,4198.0,4213.0
6780,ID00026,15.0,132,4198.0,4213.0
6781,ID00027,16.0,132,4198.0,4214.0
6782,ID00028,14.0,132,4198.0,4212.0
6783,ID00029,18.0,132,4198.0,4216.0
6784,ID00030,17.0,132,4198.0,4215.0
6785,ID00031,17.0,132,4198.0,4215.0
6786,ID00032,16.0,132,4198.0,4214.0
6787,ID00033,16.0,132,4198.0,4214.0
6788,ID00034,17.0,132,4198.0,4215.0
6789,ID00035,15.0,132,4198.0,4213.0
6790,ID00036,13.0,132,4198.0,4211.0
6791,ID00037,1607.0,132,4216.0,5823.0
6792,ID00038,1213.0,132,4216.0,5429.0
6793,ID00039,1186.0,132,4217.0,5403.0
6794,ID00040,1749.0,132,4215.0,5964.0
6795,ID00041,1473.0,132,4219.0,5692.0
6796,ID00042,1670.0,132,4218.0,5888.0
6797,ID00043,1139.0,132,4218.0,5357.0
6798,ID00044,1855.0,132,4217.0,6072.0
6799,ID00045,2015.0,132,4217.0,6232.0
6800,ID00046,2007.0,132,4218.0,6225.0
6801,ID00047,1767.0,132,4216.0,5983.0
6802,ID00048,911.0,132,4214.0,5125.0
6803,ID00049,16.0,132,6235.0,6251.0
6804,finish,0.0,132,6252.0,6252.0
6805,entry,0.0,133,1800,1800.0
6806,ID00000,6.0,133,7787.0,7793.0
6807,ID00001,5.0,133,7758.0,7763.0
6808,ID00002,3417.0,133,3367.0,6784.0
6809,ID00003,542.0,133,6808.0,7350.0
6810,ID00004,27.0,133,7353.0,7380.0
6811,ID00005,627.0,133,6808.0,7435.0
6812,ID00006,22.0,133,7438.0,7460.0
6813,ID00007,382.0,133,6808.0,7190.0
6814,ID00008,20.0,133,7193.0,7213.0
6815,ID00009,449.0,133,6808.0,7257.0
6816,ID00010,27.0,133,7260.0,7287.0
6817,ID00011,453.0,133,6808.0,7261.0
6818,ID00012,27.0,133,7264.0,7291.0
6819,ID00013,757.0,133,6808.0,7565.0
6820,ID00014,28.0,133,7568.0,7596.0
6821,ID00015,598.0,133,6808.0,7406.0
6822,ID00016,12.0,133,7409.0,7421.0
6823,ID00017,445.0,133,6808.0,7253.0
6824,ID00018,10.0,133,7256.0,7266.0
6825,ID00019,947.0,133,6808.0,7755.0
6826,ID00020,26.0,133,7758.0,7784.0
6827,ID00021,688.0,133,6808.0,7496.0
6828,ID00022,25.0,133,7499.0,7524.0
6829,ID00023,2589.0,133,3375.0,5964.0
6830,ID00024,1086.0,133,5980.0,7066.0
6831,ID00025,15.0,133,7069.0,7084.0
6832,ID00026,669.0,133,5980.0,6649.0
6833,ID00027,21.0,133,6652.0,6673.0
6834,ID00028,784.0,133,5980.0,6764.0
6835,ID00029,21.0,133,6767.0,6788.0
6836,ID00030,937.0,133,5980.0,6917.0
6837,ID00031,11.0,133,6920.0,6931.0
6838,ID00032,541.0,133,5980.0,6521.0
6839,ID00033,22.0,133,6524.0,6546.0
6840,ID00034,518.0,133,5980.0,6498.0
6841,ID00035,20.0,133,6501.0,6521.0
6842,ID00036,1103.0,133,5980.0,7083.0
6843,ID00037,19.0,133,7086.0,7105.0
6844,ID00038,969.0,133,5980.0,6949.0
6845,ID00039,19.0,133,6952.0,6971.0
6846,ID00040,490.0,133,5980.0,6470.0
6847,ID00041,27.0,133,6473.0,6500.0
6848,ID00042,984.0,133,5980.0,6964.0
6849,ID00043,19.0,133,6967.0,6986.0
6850,ID00044,446.0,133,5980.0,6426.0
6851,ID00045,23.0,133,6429.0,6452.0
6852,ID00046,441.0,133,5980.0,6421.0
6853,ID00047,10.0,133,6424.0,6434.0
6854,ID00048,602.0,133,5980.0,6582.0
6855,ID00049,12.0,133,6585.0,6597.0
6856,finish,0.0,133,7794.0,7794.0
6857,entry,0.0,134,1800,1800.0
6858,ID00000,3.0,134,1874.0,1877.0
6859,ID00001,3.0,134,1827.0,1830.0
6860,ID00002,3.0,134,1953.0,1956.0
6861,ID00003,3.0,134,1953.0,1956.0
6862,ID00004,3.0,134,1953.0,1956.0
6863,ID00005,3.0,134,1953.0,1956.0
6864,ID00006,3.0,134,1953.0,1956.0
6865,ID00007,3.0,134,1860.0,1863.0
6866,ID00008,3.0,134,1860.0,1863.0
6867,ID00009,3.0,134,1860.0,1863.0
6868,ID00010,3.0,134,1860.0,1863.0
6869,ID00011,3.0,134,1860.0,1863.0
6870,ID00012,3.0,134,1972.0,1975.0
6871,ID00013,3.0,134,1970.0,1973.0
6872,ID00014,3.0,134,1972.0,1975.0
6873,ID00015,3.0,134,1972.0,1975.0
6874,ID00016,3.0,134,1972.0,1975.0
6875,ID00017,3.0,134,1869.0,1872.0
6876,ID00018,3.0,134,1869.0,1872.0
6877,ID00019,3.0,134,1869.0,1872.0
6878,ID00020,3.0,134,1869.0,1872.0
6879,ID00021,3.0,134,1869.0,1872.0
6880,ID00022,3.0,134,1981.0,1984.0
6881,ID00023,3.0,134,1978.0,1981.0
6882,ID00024,3.0,134,1980.0,1983.0
6883,ID00025,3.0,134,1985.0,1988.0
6884,ID00026,3.0,134,1981.0,1984.0
6885,ID00027,3.0,134,1874.0,1877.0
6886,ID00028,3.0,134,1874.0,1877.0
6887,ID00029,3.0,134,1874.0,1877.0
6888,ID00030,3.0,134,1874.0,1877.0
6889,ID00031,3.0,134,1875.0,1878.0
6890,ID00032,172.0,134,1986.0,2158.0
6891,ID00033,230.0,134,1983.0,2213.0
6892,ID00034,125.0,134,1985.0,2110.0
6893,ID00035,175.0,134,1991.0,2166.0
6894,ID00036,163.0,134,1986.0,2149.0
6895,ID00037,178.0,134,1878.0,2056.0
6896,ID00038,217.0,134,1878.0,2095.0
6897,ID00039,175.0,134,1878.0,2053.0
6898,ID00040,181.0,134,1878.0,2059.0
6899,ID00041,158.0,134,1879.0,2037.0
6900,ID00042,3.0,134,2215.0,2218.0
6901,ID00043,3.0,134,2096.0,2099.0
6902,ID00044,3.0,134,2226.0,2229.0
6903,ID00045,3.0,134,2240.0,2243.0
6904,ID00046,62.0,134,2244.0,2306.0
6905,finish,0.0,134,2307.0,2307.0
6906,entry,0.0,135,1800,1800.0
6907,ID00000,6.0,135,7787.0,7793.0
6908,ID00001,5.0,135,7758.0,7763.0
6909,ID00002,3417.0,135,3367.0,6784.0
6910,ID00003,542.0,135,6808.0,7350.0
6911,ID00004,27.0,135,7353.0,7380.0
6912,ID00005,627.0,135,6808.0,7435.0
6913,ID00006,22.0,135,7438.0,7460.0
6914,ID00007,382.0,135,6808.0,7190.0
6915,ID00008,20.0,135,7193.0,7213.0
6916,ID00009,449.0,135,6808.0,7257.0
6917,ID00010,27.0,135,7260.0,7287.0
6918,ID00011,453.0,135,6808.0,7261.0
6919,ID00012,27.0,135,7264.0,7291.0
6920,ID00013,757.0,135,6808.0,7565.0
6921,ID00014,28.0,135,7568.0,7596.0
6922,ID00015,598.0,135,6808.0,7406.0
6923,ID00016,12.0,135,7409.0,7421.0
6924,ID00017,445.0,135,6808.0,7253.0
6925,ID00018,10.0,135,7256.0,7266.0
6926,ID00019,947.0,135,6808.0,7755.0
6927,ID00020,26.0,135,7758.0,7784.0
6928,ID00021,688.0,135,6808.0,7496.0
6929,ID00022,25.0,135,7499.0,7524.0
6930,ID00023,2589.0,135,3375.0,5964.0
6931,ID00024,1086.0,135,5980.0,7066.0
6932,ID00025,15.0,135,7069.0,7084.0
6933,ID00026,669.0,135,5980.0,6649.0
6934,ID00027,21.0,135,6652.0,6673.0
6935,ID00028,784.0,135,5980.0,6764.0
6936,ID00029,21.0,135,6767.0,6788.0
6937,ID00030,937.0,135,5980.0,6917.0
6938,ID00031,11.0,135,6920.0,6931.0
6939,ID00032,541.0,135,5980.0,6521.0
6940,ID00033,22.0,135,6524.0,6546.0
6941,ID00034,518.0,135,5980.0,6498.0
6942,ID00035,20.0,135,6501.0,6521.0
6943,ID00036,1103.0,135,5980.0,7083.0
6944,ID00037,19.0,135,7086.0,7105.0
6945,ID00038,969.0,135,5980.0,6949.0
6946,ID00039,19.0,135,6952.0,6971.0
6947,ID00040,490.0,135,5980.0,6470.0
6948,ID00041,27.0,135,6473.0,6500.0
6949,ID00042,984.0,135,5980.0,6964.0
6950,ID00043,19.0,135,6967.0,6986.0
6951,ID00044,446.0,135,5980.0,6426.0
6952,ID00045,23.0,135,6429.0,6452.0
6953,ID00046,441.0,135,5980.0,6421.0
6954,ID00047,10.0,135,6424.0,6434.0
6955,ID00048,602.0,135,5980.0,6582.0
6956,ID00049,12.0,135,6585.0,6597.0
6957,finish,0.0,135,7794.0,7794.0
6958,entry,0.0,136,1800,1800.0
6959,ID00000,165.0,136,1823.0,1988.0
6960,ID00001,165.0,136,1823.0,1988.0
6961,ID00002,166.0,136,1823.0,1989.0
6962,ID00003,166.0,136,1823.0,1989.0
6963,ID00004,163.0,136,1823.0,1986.0
6964,ID00005,166.0,136,1823.0,1989.0
6965,ID00006,164.0,136,1823.0,1987.0
6966,ID00007,166.0,136,1823.0,1989.0
6967,ID00008,129.0,136,2030.0,2159.0
6968,ID00009,128.0,136,2031.0,2159.0
6969,ID00010,126.0,136,2030.0,2156.0
6970,ID00011,128.0,136,2031.0,2159.0
6971,ID00012,129.0,136,2030.0,2159.0
6972,ID00013,126.0,136,2031.0,2157.0
6973,ID00014,128.0,136,2031.0,2159.0
6974,ID00015,128.0,136,2031.0,2159.0
6975,ID00016,127.0,136,2031.0,2158.0
6976,ID00017,125.0,136,2031.0,2156.0
6977,ID00018,129.0,136,2031.0,2160.0
6978,ID00019,127.0,136,2031.0,2158.0
6979,ID00020,126.0,136,2031.0,2157.0
6980,ID00021,129.0,136,2031.0,2160.0
6981,ID00022,127.0,136,2031.0,2158.0
6982,ID00023,129.0,136,2031.0,2160.0
6983,ID00024,126.0,136,2028.0,2154.0
6984,ID00025,127.0,136,2031.0,2158.0
6985,ID00026,130.0,136,2031.0,2161.0
6986,ID00027,126.0,136,2031.0,2157.0
6987,ID00028,128.0,136,2031.0,2159.0
6988,ID00029,128.0,136,2030.0,2158.0
6989,ID00030,128.0,136,2031.0,2159.0
6990,ID00031,128.0,136,2031.0,2159.0
6991,ID00032,127.0,136,2031.0,2158.0
6992,ID00033,127.0,136,2031.0,2158.0
6993,ID00034,127.0,136,2031.0,2158.0
6994,ID00035,127.0,136,2031.0,2158.0
6995,ID00036,27.0,136,2167.0,2194.0
6996,ID00037,64.0,136,2197.0,2261.0
6997,ID00038,131.0,136,2264.0,2395.0
6998,ID00039,129.0,136,2264.0,2393.0
6999,ID00040,131.0,136,2264.0,2395.0
7000,ID00041,128.0,136,2264.0,2392.0
7001,ID00042,126.0,136,2264.0,2390.0
7002,ID00043,128.0,136,2264.0,2392.0
7003,ID00044,129.0,136,2264.0,2393.0
7004,ID00045,129.0,136,2264.0,2393.0
7005,ID00046,30.0,136,2437.0,2467.0
7006,ID00047,59.0,136,2470.0,2529.0
7007,ID00048,59.0,136,3181.0,3240.0
7008,ID00049,6.0,136,3254.0,3260.0
7009,finish,0.0,136,3262.0,3262.0
7010,entry,0.0,137,1800,1800.0
7011,ID00000,3.0,137,1874.0,1877.0
7012,ID00001,3.0,137,1827.0,1830.0
7013,ID00002,3.0,137,1953.0,1956.0
7014,ID00003,3.0,137,1953.0,1956.0
7015,ID00004,3.0,137,1953.0,1956.0
7016,ID00005,3.0,137,1953.0,1956.0
7017,ID00006,3.0,137,1953.0,1956.0
7018,ID00007,3.0,137,1860.0,1863.0
7019,ID00008,3.0,137,1860.0,1863.0
7020,ID00009,3.0,137,1860.0,1863.0
7021,ID00010,3.0,137,1860.0,1863.0
7022,ID00011,3.0,137,1860.0,1863.0
7023,ID00012,3.0,137,1972.0,1975.0
7024,ID00013,3.0,137,1970.0,1973.0
7025,ID00014,3.0,137,1972.0,1975.0
7026,ID00015,3.0,137,1972.0,1975.0
7027,ID00016,3.0,137,1972.0,1975.0
7028,ID00017,3.0,137,1869.0,1872.0
7029,ID00018,3.0,137,1869.0,1872.0
7030,ID00019,3.0,137,1869.0,1872.0
7031,ID00020,3.0,137,1869.0,1872.0
7032,ID00021,3.0,137,1869.0,1872.0
7033,ID00022,3.0,137,1981.0,1984.0
7034,ID00023,3.0,137,1978.0,1981.0
7035,ID00024,3.0,137,1980.0,1983.0
7036,ID00025,3.0,137,1985.0,1988.0
7037,ID00026,3.0,137,1981.0,1984.0
7038,ID00027,3.0,137,1874.0,1877.0
7039,ID00028,3.0,137,1874.0,1877.0
7040,ID00029,3.0,137,1874.0,1877.0
7041,ID00030,3.0,137,1874.0,1877.0
7042,ID00031,3.0,137,1875.0,1878.0
7043,ID00032,172.0,137,1986.0,2158.0
7044,ID00033,230.0,137,1983.0,2213.0
7045,ID00034,125.0,137,1985.0,2110.0
7046,ID00035,175.0,137,1991.0,2166.0
7047,ID00036,163.0,137,1986.0,2149.0
7048,ID00037,178.0,137,1878.0,2056.0
7049,ID00038,217.0,137,1878.0,2095.0
7050,ID00039,175.0,137,1878.0,2053.0
7051,ID00040,181.0,137,1878.0,2059.0
7052,ID00041,158.0,137,1879.0,2037.0
7053,ID00042,3.0,137,2215.0,2218.0
7054,ID00043,3.0,137,2096.0,2099.0
7055,ID00044,3.0,137,2226.0,2229.0
7056,ID00045,3.0,137,2240.0,2243.0
7057,ID00046,62.0,137,2244.0,2306.0
7058,finish,0.0,137,2307.0,2307.0
7059,entry,0.0,138,1800,1800.0
7060,ID00000,6.0,138,7787.0,7793.0
7061,ID00001,5.0,138,7758.0,7763.0
7062,ID00002,3417.0,138,3367.0,6784.0
7063,ID00003,542.0,138,6808.0,7350.0
7064,ID00004,27.0,138,7353.0,7380.0
7065,ID00005,627.0,138,6808.0,7435.0
7066,ID00006,22.0,138,7438.0,7460.0
7067,ID00007,382.0,138,6808.0,7190.0
7068,ID00008,20.0,138,7193.0,7213.0
7069,ID00009,449.0,138,6808.0,7257.0
7070,ID00010,27.0,138,7260.0,7287.0
7071,ID00011,453.0,138,6808.0,7261.0
7072,ID00012,27.0,138,7264.0,7291.0
7073,ID00013,757.0,138,6808.0,7565.0
7074,ID00014,28.0,138,7568.0,7596.0
7075,ID00015,598.0,138,6808.0,7406.0
7076,ID00016,12.0,138,7409.0,7421.0
7077,ID00017,445.0,138,6808.0,7253.0
7078,ID00018,10.0,138,7256.0,7266.0
7079,ID00019,947.0,138,6808.0,7755.0
7080,ID00020,26.0,138,7758.0,7784.0
7081,ID00021,688.0,138,6808.0,7496.0
7082,ID00022,25.0,138,7499.0,7524.0
7083,ID00023,2589.0,138,3375.0,5964.0
7084,ID00024,1086.0,138,5980.0,7066.0
7085,ID00025,15.0,138,7069.0,7084.0
7086,ID00026,669.0,138,5980.0,6649.0
7087,ID00027,21.0,138,6652.0,6673.0
7088,ID00028,784.0,138,5980.0,6764.0
7089,ID00029,21.0,138,6767.0,6788.0
7090,ID00030,937.0,138,5980.0,6917.0
7091,ID00031,11.0,138,6920.0,6931.0
7092,ID00032,541.0,138,5980.0,6521.0
7093,ID00033,22.0,138,6524.0,6546.0
7094,ID00034,518.0,138,5980.0,6498.0
7095,ID00035,20.0,138,6501.0,6521.0
7096,ID00036,1103.0,138,5980.0,7083.0
7097,ID00037,19.0,138,7086.0,7105.0
7098,ID00038,969.0,138,5980.0,6949.0
7099,ID00039,19.0,138,6952.0,6971.0
7100,ID00040,490.0,138,5980.0,6470.0
7101,ID00041,27.0,138,6473.0,6500.0
7102,ID00042,984.0,138,5980.0,6964.0
7103,ID00043,19.0,138,6967.0,6986.0
7104,ID00044,446.0,138,5980.0,6426.0
7105,ID00045,23.0,138,6429.0,6452.0
7106,ID00046,441.0,138,5980.0,6421.0
7107,ID00047,10.0,138,6424.0,6434.0
7108,ID00048,602.0,138,5980.0,6582.0
7109,ID00049,12.0,138,6585.0,6597.0
7110,finish,0.0,138,7794.0,7794.0
7111,entry,0.0,139,1800,1800.0
7112,ID00000,57.0,139,2086.0,2143.0
7113,ID00001,56.0,139,2086.0,2142.0
7114,ID00002,54.0,139,2086.0,2140.0
7115,ID00003,54.0,139,2086.0,2140.0
7116,ID00004,56.0,139,2085.0,2141.0
7117,ID00005,55.0,139,2086.0,2141.0
7118,ID00006,55.0,139,2086.0,2141.0
7119,ID00007,55.0,139,2086.0,2141.0
7120,ID00008,55.0,139,2086.0,2141.0
7121,ID00009,55.0,139,2086.0,2141.0
7122,ID00010,54.0,139,2086.0,2140.0
7123,ID00011,54.0,139,2086.0,2140.0
7124,ID00012,1768.0,139,2150.0,3918.0
7125,ID00013,1486.0,139,2150.0,3636.0
7126,ID00014,1667.0,139,2148.0,3815.0
7127,ID00015,1360.0,139,2147.0,3507.0
7128,ID00016,1286.0,139,2148.0,3434.0
7129,ID00017,1598.0,139,2148.0,3746.0
7130,ID00018,880.0,139,2148.0,3028.0
7131,ID00019,1746.0,139,2148.0,3894.0
7132,ID00020,988.0,139,2148.0,3136.0
7133,ID00021,1553.0,139,2148.0,3701.0
7134,ID00022,2027.0,139,2148.0,4175.0
7135,ID00023,1807.0,139,2147.0,3954.0
7136,ID00024,17.0,139,4178.0,4195.0
7137,ID00025,15.0,139,4198.0,4213.0
7138,ID00026,15.0,139,4198.0,4213.0
7139,ID00027,16.0,139,4198.0,4214.0
7140,ID00028,14.0,139,4198.0,4212.0
7141,ID00029,18.0,139,4198.0,4216.0
7142,ID00030,17.0,139,4198.0,4215.0
7143,ID00031,17.0,139,4198.0,4215.0
7144,ID00032,16.0,139,4198.0,4214.0
7145,ID00033,16.0,139,4198.0,4214.0
7146,ID00034,17.0,139,4198.0,4215.0
7147,ID00035,15.0,139,4198.0,4213.0
7148,ID00036,13.0,139,4198.0,4211.0
7149,ID00037,1607.0,139,4216.0,5823.0
7150,ID00038,1213.0,139,4216.0,5429.0
7151,ID00039,1186.0,139,4217.0,5403.0
7152,ID00040,1749.0,139,4215.0,5964.0
7153,ID00041,1473.0,139,4219.0,5692.0
7154,ID00042,1670.0,139,4218.0,5888.0
7155,ID00043,1139.0,139,4218.0,5357.0
7156,ID00044,1855.0,139,4217.0,6072.0
7157,ID00045,2015.0,139,4217.0,6232.0
7158,ID00046,2007.0,139,4218.0,6225.0
7159,ID00047,1767.0,139,4216.0,5983.0
7160,ID00048,911.0,139,4214.0,5125.0
7161,ID00049,16.0,139,6235.0,6251.0
7162,finish,0.0,139,6252.0,6252.0
7163,entry,0.0,140,1800,1800.0
7164,ID00000,3.0,140,1874.0,1877.0
7165,ID00001,3.0,140,1827.0,1830.0
7166,ID00002,3.0,140,1953.0,1956.0
7167,ID00003,3.0,140,1953.0,1956.0
7168,ID00004,3.0,140,1953.0,1956.0
7169,ID00005,3.0,140,1953.0,1956.0
7170,ID00006,3.0,140,1953.0,1956.0
7171,ID00007,3.0,140,1860.0,1863.0
7172,ID00008,3.0,140,1860.0,1863.0
7173,ID00009,3.0,140,1860.0,1863.0
7174,ID00010,3.0,140,1860.0,1863.0
7175,ID00011,3.0,140,1860.0,1863.0
7176,ID00012,3.0,140,1972.0,1975.0
7177,ID00013,3.0,140,1970.0,1973.0
7178,ID00014,3.0,140,1972.0,1975.0
7179,ID00015,3.0,140,1972.0,1975.0
7180,ID00016,3.0,140,1972.0,1975.0
7181,ID00017,3.0,140,1869.0,1872.0
7182,ID00018,3.0,140,1869.0,1872.0
7183,ID00019,3.0,140,1869.0,1872.0
7184,ID00020,3.0,140,1869.0,1872.0
7185,ID00021,3.0,140,1869.0,1872.0
7186,ID00022,3.0,140,1981.0,1984.0
7187,ID00023,3.0,140,1978.0,1981.0
7188,ID00024,3.0,140,1980.0,1983.0
7189,ID00025,3.0,140,1985.0,1988.0
7190,ID00026,3.0,140,1981.0,1984.0
7191,ID00027,3.0,140,1874.0,1877.0
7192,ID00028,3.0,140,1874.0,1877.0
7193,ID00029,3.0,140,1874.0,1877.0
7194,ID00030,3.0,140,1874.0,1877.0
7195,ID00031,3.0,140,1875.0,1878.0
7196,ID00032,172.0,140,1986.0,2158.0
7197,ID00033,230.0,140,1983.0,2213.0
7198,ID00034,125.0,140,1985.0,2110.0
7199,ID00035,175.0,140,1991.0,2166.0
7200,ID00036,163.0,140,1986.0,2149.0
7201,ID00037,178.0,140,1878.0,2056.0
7202,ID00038,217.0,140,1878.0,2095.0
7203,ID00039,175.0,140,1878.0,2053.0
7204,ID00040,181.0,140,1878.0,2059.0
7205,ID00041,158.0,140,1879.0,2037.0
7206,ID00042,3.0,140,2215.0,2218.0
7207,ID00043,3.0,140,2096.0,2099.0
7208,ID00044,3.0,140,2226.0,2229.0
7209,ID00045,3.0,140,2240.0,2243.0
7210,ID00046,62.0,140,2244.0,2306.0
7211,finish,0.0,140,2307.0,2307.0
7212,entry,0.0,141,1800,1800.0
7213,ID00000,165.0,141,1823.0,1988.0
7214,ID00001,165.0,141,1823.0,1988.0
7215,ID00002,166.0,141,1823.0,1989.0
7216,ID00003,166.0,141,1823.0,1989.0
7217,ID00004,163.0,141,1823.0,1986.0
7218,ID00005,166.0,141,1823.0,1989.0
7219,ID00006,164.0,141,1823.0,1987.0
7220,ID00007,166.0,141,1823.0,1989.0
7221,ID00008,129.0,141,2030.0,2159.0
7222,ID00009,128.0,141,2031.0,2159.0
7223,ID00010,126.0,141,2030.0,2156.0
7224,ID00011,128.0,141,2031.0,2159.0
7225,ID00012,129.0,141,2030.0,2159.0
7226,ID00013,126.0,141,2031.0,2157.0
7227,ID00014,128.0,141,2031.0,2159.0
7228,ID00015,128.0,141,2031.0,2159.0
7229,ID00016,127.0,141,2031.0,2158.0
7230,ID00017,125.0,141,2031.0,2156.0
7231,ID00018,129.0,141,2031.0,2160.0
7232,ID00019,127.0,141,2031.0,2158.0
7233,ID00020,126.0,141,2031.0,2157.0
7234,ID00021,129.0,141,2031.0,2160.0
7235,ID00022,127.0,141,2031.0,2158.0
7236,ID00023,129.0,141,2031.0,2160.0
7237,ID00024,126.0,141,2028.0,2154.0
7238,ID00025,127.0,141,2031.0,2158.0
7239,ID00026,130.0,141,2031.0,2161.0
7240,ID00027,126.0,141,2031.0,2157.0
7241,ID00028,128.0,141,2031.0,2159.0
7242,ID00029,128.0,141,2030.0,2158.0
7243,ID00030,128.0,141,2031.0,2159.0
7244,ID00031,128.0,141,2031.0,2159.0
7245,ID00032,127.0,141,2031.0,2158.0
7246,ID00033,127.0,141,2031.0,2158.0
7247,ID00034,127.0,141,2031.0,2158.0
7248,ID00035,127.0,141,2031.0,2158.0
7249,ID00036,27.0,141,2167.0,2194.0
7250,ID00037,64.0,141,2197.0,2261.0
7251,ID00038,131.0,141,2264.0,2395.0
7252,ID00039,129.0,141,2264.0,2393.0
7253,ID00040,131.0,141,2264.0,2395.0
7254,ID00041,128.0,141,2264.0,2392.0
7255,ID00042,126.0,141,2264.0,2390.0
7256,ID00043,128.0,141,2264.0,2392.0
7257,ID00044,129.0,141,2264.0,2393.0
7258,ID00045,129.0,141,2264.0,2393.0
7259,ID00046,30.0,141,2437.0,2467.0
7260,ID00047,59.0,141,2470.0,2529.0
7261,ID00048,59.0,141,3181.0,3240.0
7262,ID00049,6.0,141,3254.0,3260.0
7263,finish,0.0,141,3262.0,3262.0
7264,entry,0.0,142,1800,1800.0
7265,ID00000,3.0,142,1808.0,1811.0
7266,ID00001,3.0,142,1804.0,1807.0
7267,ID00002,3.0,142,1804.0,1807.0
7268,ID00003,3.0,142,1804.0,1807.0
7269,ID00004,3.0,142,1804.0,1807.0
7270,ID00005,3.0,142,1804.0,1807.0
7271,ID00006,3.0,142,1804.0,1807.0
7272,ID00007,3.0,142,1804.0,1807.0
7273,ID00008,3.0,142,1804.0,1807.0
7274,ID00009,3.0,142,1804.0,1807.0
7275,ID00010,3.0,142,1804.0,1807.0
7276,ID00011,3.0,142,1804.0,1807.0
7277,ID00012,3.0,142,1804.0,1807.0
7278,ID00013,497.0,142,1802.0,2299.0
7279,ID00014,10.0,142,1802.0,1812.0
7280,ID00015,20.0,142,1803.0,1823.0
7281,ID00016,468.0,142,2704.0,3172.0
7282,ID00017,134.0,142,3175.0,3309.0
7283,ID00018,3.0,142,3323.0,3326.0
7284,ID00019,3.0,142,3323.0,3326.0
7285,ID00020,329.0,142,3323.0,3652.0
7286,ID00021,9.0,142,3327.0,3336.0
7287,ID00022,3.0,142,3323.0,3326.0
7288,ID00023,3.0,142,3660.0,3663.0
7289,ID00025,3.0,142,1808.0,1811.0
7290,ID00026,3.0,142,1804.0,1807.0
7291,ID00027,3.0,142,1804.0,1807.0
7292,ID00028,3.0,142,1804.0,1807.0
7293,ID00029,3.0,142,1804.0,1807.0
7294,ID00030,3.0,142,1804.0,1807.0
7295,ID00031,3.0,142,1804.0,1807.0
7296,ID00032,3.0,142,1804.0,1807.0
7297,ID00033,3.0,142,1804.0,1807.0
7298,ID00034,3.0,142,1804.0,1807.0
7299,ID00035,3.0,142,1804.0,1807.0
7300,ID00036,3.0,142,1804.0,1807.0
7301,ID00037,3.0,142,1804.0,1807.0
7302,ID00038,277.0,142,1802.0,2079.0
7303,ID00039,10.0,142,1802.0,1812.0
7304,ID00040,9.0,142,1803.0,1812.0
7305,ID00041,626.0,142,2708.0,3334.0
7306,ID00042,46.0,142,3337.0,3383.0
7307,ID00043,3.0,142,3397.0,3400.0
7308,ID00044,3.0,142,3397.0,3400.0
7309,ID00045,319.0,142,3397.0,3716.0
7310,ID00046,9.0,142,3401.0,3410.0
7311,ID00047,3.0,142,3397.0,3400.0
7312,ID00048,3.0,142,3724.0,3727.0
7313,finish,0.0,142,3735.0,3735.0
7314,entry,0.0,143,1800,1800.0
7315,ID00000,57.0,143,2086.0,2143.0
7316,ID00001,56.0,143,2086.0,2142.0
7317,ID00002,54.0,143,2086.0,2140.0
7318,ID00003,54.0,143,2086.0,2140.0
7319,ID00004,56.0,143,2085.0,2141.0
7320,ID00005,55.0,143,2086.0,2141.0
7321,ID00006,55.0,143,2086.0,2141.0
7322,ID00007,55.0,143,2086.0,2141.0
7323,ID00008,55.0,143,2086.0,2141.0
7324,ID00009,55.0,143,2086.0,2141.0
7325,ID00010,54.0,143,2086.0,2140.0
7326,ID00011,54.0,143,2086.0,2140.0
7327,ID00012,1768.0,143,2150.0,3918.0
7328,ID00013,1486.0,143,2150.0,3636.0
7329,ID00014,1667.0,143,2148.0,3815.0
7330,ID00015,1360.0,143,2147.0,3507.0
7331,ID00016,1286.0,143,2148.0,3434.0
7332,ID00017,1598.0,143,2148.0,3746.0
7333,ID00018,880.0,143,2148.0,3028.0
7334,ID00019,1746.0,143,2148.0,3894.0
7335,ID00020,988.0,143,2148.0,3136.0
7336,ID00021,1553.0,143,2148.0,3701.0
7337,ID00022,2027.0,143,2148.0,4175.0
7338,ID00023,1807.0,143,2147.0,3954.0
7339,ID00024,17.0,143,4178.0,4195.0
7340,ID00025,15.0,143,4198.0,4213.0
7341,ID00026,15.0,143,4198.0,4213.0
7342,ID00027,16.0,143,4198.0,4214.0
7343,ID00028,14.0,143,4198.0,4212.0
7344,ID00029,18.0,143,4198.0,4216.0
7345,ID00030,17.0,143,4198.0,4215.0
7346,ID00031,17.0,143,4198.0,4215.0
7347,ID00032,16.0,143,4198.0,4214.0
7348,ID00033,16.0,143,4198.0,4214.0
7349,ID00034,17.0,143,4198.0,4215.0
7350,ID00035,15.0,143,4198.0,4213.0
7351,ID00036,13.0,143,4198.0,4211.0
7352,ID00037,1607.0,143,4216.0,5823.0
7353,ID00038,1213.0,143,4216.0,5429.0
7354,ID00039,1186.0,143,4217.0,5403.0
7355,ID00040,1749.0,143,4215.0,5964.0
7356,ID00041,1473.0,143,4219.0,5692.0
7357,ID00042,1670.0,143,4218.0,5888.0
7358,ID00043,1139.0,143,4218.0,5357.0
7359,ID00044,1855.0,143,4217.0,6072.0
7360,ID00045,2015.0,143,4217.0,6232.0
7361,ID00046,2007.0,143,4218.0,6225.0
7362,ID00047,1767.0,143,4216.0,5983.0
7363,ID00048,911.0,143,4214.0,5125.0
7364,ID00049,16.0,143,6235.0,6251.0
7365,finish,0.0,143,6252.0,6252.0
7366,entry,0.0,144,1800,1800.0
7367,ID00000,165.0,144,1823.0,1988.0
7368,ID00001,165.0,144,1823.0,1988.0
7369,ID00002,166.0,144,1823.0,1989.0
7370,ID00003,166.0,144,1823.0,1989.0
7371,ID00004,163.0,144,1823.0,1986.0
7372,ID00005,166.0,144,1823.0,1989.0
7373,ID00006,164.0,144,1823.0,1987.0
7374,ID00007,166.0,144,1823.0,1989.0
7375,ID00008,129.0,144,2030.0,2159.0
7376,ID00009,128.0,144,2031.0,2159.0
7377,ID00010,126.0,144,2030.0,2156.0
7378,ID00011,128.0,144,2031.0,2159.0
7379,ID00012,129.0,144,2030.0,2159.0
7380,ID00013,126.0,144,2031.0,2157.0
7381,ID00014,128.0,144,2031.0,2159.0
7382,ID00015,128.0,144,2031.0,2159.0
7383,ID00016,127.0,144,2031.0,2158.0
7384,ID00017,125.0,144,2031.0,2156.0
7385,ID00018,129.0,144,2031.0,2160.0
7386,ID00019,127.0,144,2031.0,2158.0
7387,ID00020,126.0,144,2031.0,2157.0
7388,ID00021,129.0,144,2031.0,2160.0
7389,ID00022,127.0,144,2031.0,2158.0
7390,ID00023,129.0,144,2031.0,2160.0
7391,ID00024,126.0,144,2028.0,2154.0
7392,ID00025,127.0,144,2031.0,2158.0
7393,ID00026,130.0,144,2031.0,2161.0
7394,ID00027,126.0,144,2031.0,2157.0
7395,ID00028,128.0,144,2031.0,2159.0
7396,ID00029,128.0,144,2030.0,2158.0
7397,ID00030,128.0,144,2031.0,2159.0
7398,ID00031,128.0,144,2031.0,2159.0
7399,ID00032,127.0,144,2031.0,2158.0
7400,ID00033,127.0,144,2031.0,2158.0
7401,ID00034,127.0,144,2031.0,2158.0
7402,ID00035,127.0,144,2031.0,2158.0
7403,ID00036,27.0,144,2167.0,2194.0
7404,ID00037,64.0,144,2197.0,2261.0
7405,ID00038,131.0,144,2264.0,2395.0
7406,ID00039,129.0,144,2264.0,2393.0
7407,ID00040,131.0,144,2264.0,2395.0
7408,ID00041,128.0,144,2264.0,2392.0
7409,ID00042,126.0,144,2264.0,2390.0
7410,ID00043,128.0,144,2264.0,2392.0
7411,ID00044,129.0,144,2264.0,2393.0
7412,ID00045,129.0,144,2264.0,2393.0
7413,ID00046,30.0,144,2437.0,2467.0
7414,ID00047,59.0,144,2470.0,2529.0
7415,ID00048,59.0,144,3181.0,3240.0
7416,ID00049,6.0,144,3254.0,3260.0
7417,finish,0.0,144,3262.0,3262.0
7418,entry,0.0,145,1800,1800.0
7419,ID00000,6.0,145,7787.0,7793.0
7420,ID00001,5.0,145,7758.0,7763.0
7421,ID00002,3417.0,145,3367.0,6784.0
7422,ID00003,542.0,145,6808.0,7350.0
7423,ID00004,27.0,145,7353.0,7380.0
7424,ID00005,627.0,145,6808.0,7435.0
7425,ID00006,22.0,145,7438.0,7460.0
7426,ID00007,382.0,145,6808.0,7190.0
7427,ID00008,20.0,145,7193.0,7213.0
7428,ID00009,449.0,145,6808.0,7257.0
7429,ID00010,27.0,145,7260.0,7287.0
7430,ID00011,453.0,145,6808.0,7261.0
7431,ID00012,27.0,145,7264.0,7291.0
7432,ID00013,757.0,145,6808.0,7565.0
7433,ID00014,28.0,145,7568.0,7596.0
7434,ID00015,598.0,145,6808.0,7406.0
7435,ID00016,12.0,145,7409.0,7421.0
7436,ID00017,445.0,145,6808.0,7253.0
7437,ID00018,10.0,145,7256.0,7266.0
7438,ID00019,947.0,145,6808.0,7755.0
7439,ID00020,26.0,145,7758.0,7784.0
7440,ID00021,688.0,145,6808.0,7496.0
7441,ID00022,25.0,145,7499.0,7524.0
7442,ID00023,2589.0,145,3375.0,5964.0
7443,ID00024,1086.0,145,5980.0,7066.0
7444,ID00025,15.0,145,7069.0,7084.0
7445,ID00026,669.0,145,5980.0,6649.0
7446,ID00027,21.0,145,6652.0,6673.0
7447,ID00028,784.0,145,5980.0,6764.0
7448,ID00029,21.0,145,6767.0,6788.0
7449,ID00030,937.0,145,5980.0,6917.0
7450,ID00031,11.0,145,6920.0,6931.0
7451,ID00032,541.0,145,5980.0,6521.0
7452,ID00033,22.0,145,6524.0,6546.0
7453,ID00034,518.0,145,5980.0,6498.0
7454,ID00035,20.0,145,6501.0,6521.0
7455,ID00036,1103.0,145,5980.0,7083.0
7456,ID00037,19.0,145,7086.0,7105.0
7457,ID00038,969.0,145,5980.0,6949.0
7458,ID00039,19.0,145,6952.0,6971.0
7459,ID00040,490.0,145,5980.0,6470.0
7460,ID00041,27.0,145,6473.0,6500.0
7461,ID00042,984.0,145,5980.0,6964.0
7462,ID00043,19.0,145,6967.0,6986.0
7463,ID00044,446.0,145,5980.0,6426.0
7464,ID00045,23.0,145,6429.0,6452.0
7465,ID00046,441.0,145,5980.0,6421.0
7466,ID00047,10.0,145,6424.0,6434.0
7467,ID00048,602.0,145,5980.0,6582.0
7468,ID00049,12.0,145,6585.0,6597.0
7469,finish,0.0,145,7794.0,7794.0
7470,entry,0.0,146,1800,1800.0
7471,ID00000,3.0,146,1874.0,1877.0
7472,ID00001,3.0,146,1827.0,1830.0
7473,ID00002,3.0,146,1953.0,1956.0
7474,ID00003,3.0,146,1953.0,1956.0
7475,ID00004,3.0,146,1953.0,1956.0
7476,ID00005,3.0,146,1953.0,1956.0
7477,ID00006,3.0,146,1953.0,1956.0
7478,ID00007,3.0,146,1860.0,1863.0
7479,ID00008,3.0,146,1860.0,1863.0
7480,ID00009,3.0,146,1860.0,1863.0
7481,ID00010,3.0,146,1860.0,1863.0
7482,ID00011,3.0,146,1860.0,1863.0
7483,ID00012,3.0,146,1972.0,1975.0
7484,ID00013,3.0,146,1970.0,1973.0
7485,ID00014,3.0,146,1972.0,1975.0
7486,ID00015,3.0,146,1972.0,1975.0
7487,ID00016,3.0,146,1972.0,1975.0
7488,ID00017,3.0,146,1869.0,1872.0
7489,ID00018,3.0,146,1869.0,1872.0
7490,ID00019,3.0,146,1869.0,1872.0
7491,ID00020,3.0,146,1869.0,1872.0
7492,ID00021,3.0,146,1869.0,1872.0
7493,ID00022,3.0,146,1981.0,1984.0
7494,ID00023,3.0,146,1978.0,1981.0
7495,ID00024,3.0,146,1980.0,1983.0
7496,ID00025,3.0,146,1985.0,1988.0
7497,ID00026,3.0,146,1981.0,1984.0
7498,ID00027,3.0,146,1874.0,1877.0
7499,ID00028,3.0,146,1874.0,1877.0
7500,ID00029,3.0,146,1874.0,1877.0
7501,ID00030,3.0,146,1874.0,1877.0
7502,ID00031,3.0,146,1875.0,1878.0
7503,ID00032,172.0,146,1986.0,2158.0
7504,ID00033,230.0,146,1983.0,2213.0
7505,ID00034,125.0,146,1985.0,2110.0
7506,ID00035,175.0,146,1991.0,2166.0
7507,ID00036,163.0,146,1986.0,2149.0
7508,ID00037,178.0,146,1878.0,2056.0
7509,ID00038,217.0,146,1878.0,2095.0
7510,ID00039,175.0,146,1878.0,2053.0
7511,ID00040,181.0,146,1878.0,2059.0
7512,ID00041,158.0,146,1879.0,2037.0
7513,ID00042,3.0,146,2215.0,2218.0
7514,ID00043,3.0,146,2096.0,2099.0
7515,ID00044,3.0,146,2226.0,2229.0
7516,ID00045,3.0,146,2240.0,2243.0
7517,ID00046,62.0,146,2244.0,2306.0
7518,finish,0.0,146,2307.0,2307.0
7519,entry,0.0,147,1800,1800.0
7520,ID00000,6.0,147,7787.0,7793.0
7521,ID00001,5.0,147,7758.0,7763.0
7522,ID00002,3417.0,147,3367.0,6784.0
7523,ID00003,542.0,147,6808.0,7350.0
7524,ID00004,27.0,147,7353.0,7380.0
7525,ID00005,627.0,147,6808.0,7435.0
7526,ID00006,22.0,147,7438.0,7460.0
7527,ID00007,382.0,147,6808.0,7190.0
7528,ID00008,20.0,147,7193.0,7213.0
7529,ID00009,449.0,147,6808.0,7257.0
7530,ID00010,27.0,147,7260.0,7287.0
7531,ID00011,453.0,147,6808.0,7261.0
7532,ID00012,27.0,147,7264.0,7291.0
7533,ID00013,757.0,147,6808.0,7565.0
7534,ID00014,28.0,147,7568.0,7596.0
7535,ID00015,598.0,147,6808.0,7406.0
7536,ID00016,12.0,147,7409.0,7421.0
7537,ID00017,445.0,147,6808.0,7253.0
7538,ID00018,10.0,147,7256.0,7266.0
7539,ID00019,947.0,147,6808.0,7755.0
7540,ID00020,26.0,147,7758.0,7784.0
7541,ID00021,688.0,147,6808.0,7496.0
7542,ID00022,25.0,147,7499.0,7524.0
7543,ID00023,2589.0,147,3375.0,5964.0
7544,ID00024,1086.0,147,5980.0,7066.0
7545,ID00025,15.0,147,7069.0,7084.0
7546,ID00026,669.0,147,5980.0,6649.0
7547,ID00027,21.0,147,6652.0,6673.0
7548,ID00028,784.0,147,5980.0,6764.0
7549,ID00029,21.0,147,6767.0,6788.0
7550,ID00030,937.0,147,5980.0,6917.0
7551,ID00031,11.0,147,6920.0,6931.0
7552,ID00032,541.0,147,5980.0,6521.0
7553,ID00033,22.0,147,6524.0,6546.0
7554,ID00034,518.0,147,5980.0,6498.0
7555,ID00035,20.0,147,6501.0,6521.0
7556,ID00036,1103.0,147,5980.0,7083.0
7557,ID00037,19.0,147,7086.0,7105.0
7558,ID00038,969.0,147,5980.0,6949.0
7559,ID00039,19.0,147,6952.0,6971.0
7560,ID00040,490.0,147,5980.0,6470.0
7561,ID00041,27.0,147,6473.0,6500.0
7562,ID00042,984.0,147,5980.0,6964.0
7563,ID00043,19.0,147,6967.0,6986.0
7564,ID00044,446.0,147,5980.0,6426.0
7565,ID00045,23.0,147,6429.0,6452.0
7566,ID00046,441.0,147,5980.0,6421.0
7567,ID00047,10.0,147,6424.0,6434.0
7568,ID00048,602.0,147,5980.0,6582.0
7569,ID00049,12.0,147,6585.0,6597.0
7570,finish,0.0,147,7794.0,7794.0
7571,entry,0.0,148,1800,1800.0
7572,ID00000,3.0,148,1874.0,1877.0
7573,ID00001,3.0,148,1827.0,1830.0
7574,ID00002,3.0,148,1953.0,1956.0
7575,ID00003,3.0,148,1953.0,1956.0
7576,ID00004,3.0,148,1953.0,1956.0
7577,ID00005,3.0,148,1953.0,1956.0
7578,ID00006,3.0,148,1953.0,1956.0
7579,ID00007,3.0,148,1860.0,1863.0
7580,ID00008,3.0,148,1860.0,1863.0
7581,ID00009,3.0,148,1860.0,1863.0
7582,ID00010,3.0,148,1860.0,1863.0
7583,ID00011,3.0,148,1860.0,1863.0
7584,ID00012,3.0,148,1972.0,1975.0
7585,ID00013,3.0,148,1970.0,1973.0
7586,ID00014,3.0,148,1972.0,1975.0
7587,ID00015,3.0,148,1972.0,1975.0
7588,ID00016,3.0,148,1972.0,1975.0
7589,ID00017,3.0,148,1869.0,1872.0
7590,ID00018,3.0,148,1869.0,1872.0
7591,ID00019,3.0,148,1869.0,1872.0
7592,ID00020,3.0,148,1869.0,1872.0
7593,ID00021,3.0,148,1869.0,1872.0
7594,ID00022,3.0,148,1981.0,1984.0
7595,ID00023,3.0,148,1978.0,1981.0
7596,ID00024,3.0,148,1980.0,1983.0
7597,ID00025,3.0,148,1985.0,1988.0
7598,ID00026,3.0,148,1981.0,1984.0
7599,ID00027,3.0,148,1874.0,1877.0
7600,ID00028,3.0,148,1874.0,1877.0
7601,ID00029,3.0,148,1874.0,1877.0
7602,ID00030,3.0,148,1874.0,1877.0
7603,ID00031,3.0,148,1875.0,1878.0
7604,ID00032,172.0,148,1986.0,2158.0
7605,ID00033,230.0,148,1983.0,2213.0
7606,ID00034,125.0,148,1985.0,2110.0
7607,ID00035,175.0,148,1991.0,2166.0
7608,ID00036,163.0,148,1986.0,2149.0
7609,ID00037,178.0,148,1878.0,2056.0
7610,ID00038,217.0,148,1878.0,2095.0
7611,ID00039,175.0,148,1878.0,2053.0
7612,ID00040,181.0,148,1878.0,2059.0
7613,ID00041,158.0,148,1879.0,2037.0
7614,ID00042,3.0,148,2215.0,2218.0
7615,ID00043,3.0,148,2096.0,2099.0
7616,ID00044,3.0,148,2226.0,2229.0
7617,ID00045,3.0,148,2240.0,2243.0
7618,ID00046,62.0,148,2244.0,2306.0
7619,finish,0.0,148,2307.0,2307.0
7620,entry,0.0,149,1800,1800.0
7621,ID00000,165.0,149,1823.0,1988.0
7622,ID00001,165.0,149,1823.0,1988.0
7623,ID00002,166.0,149,1823.0,1989.0
7624,ID00003,166.0,149,1823.0,1989.0
7625,ID00004,163.0,149,1823.0,1986.0
7626,ID00005,166.0,149,1823.0,1989.0
7627,ID00006,164.0,149,1823.0,1987.0
7628,ID00007,166.0,149,1823.0,1989.0
7629,ID00008,129.0,149,2030.0,2159.0
7630,ID00009,128.0,149,2031.0,2159.0
7631,ID00010,126.0,149,2030.0,2156.0
7632,ID00011,128.0,149,2031.0,2159.0
7633,ID00012,129.0,149,2030.0,2159.0
7634,ID00013,126.0,149,2031.0,2157.0
7635,ID00014,128.0,149,2031.0,2159.0
7636,ID00015,128.0,149,2031.0,2159.0
7637,ID00016,127.0,149,2031.0,2158.0
7638,ID00017,125.0,149,2031.0,2156.0
7639,ID00018,129.0,149,2031.0,2160.0
7640,ID00019,127.0,149,2031.0,2158.0
7641,ID00020,126.0,149,2031.0,2157.0
7642,ID00021,129.0,149,2031.0,2160.0
7643,ID00022,127.0,149,2031.0,2158.0
7644,ID00023,129.0,149,2031.0,2160.0
7645,ID00024,126.0,149,2028.0,2154.0
7646,ID00025,127.0,149,2031.0,2158.0
7647,ID00026,130.0,149,2031.0,2161.0
7648,ID00027,126.0,149,2031.0,2157.0
7649,ID00028,128.0,149,2031.0,2159.0
7650,ID00029,128.0,149,2030.0,2158.0
7651,ID00030,128.0,149,2031.0,2159.0
7652,ID00031,128.0,149,2031.0,2159.0
7653,ID00032,127.0,149,2031.0,2158.0
7654,ID00033,127.0,149,2031.0,2158.0
7655,ID00034,127.0,149,2031.0,2158.0
7656,ID00035,127.0,149,2031.0,2158.0
7657,ID00036,27.0,149,2167.0,2194.0
7658,ID00037,64.0,149,2197.0,2261.0
7659,ID00038,131.0,149,2264.0,2395.0
7660,ID00039,129.0,149,2264.0,2393.0
7661,ID00040,131.0,149,2264.0,2395.0
7662,ID00041,128.0,149,2264.0,2392.0
7663,ID00042,126.0,149,2264.0,2390.0
7664,ID00043,128.0,149,2264.0,2392.0
7665,ID00044,129.0,149,2264.0,2393.0
7666,ID00045,129.0,149,2264.0,2393.0
7667,ID00046,30.0,149,2437.0,2467.0
7668,ID00047,59.0,149,2470.0,2529.0
7669,ID00048,59.0,149,3181.0,3240.0
7670,ID00049,6.0,149,3254.0,3260.0
7671,finish,0.0,149,3262.0,3262.0
7672,entry,0.0,150,2700,2700.0
7673,ID00000,3.0,150,2774.0,2777.0
7674,ID00001,3.0,150,2727.0,2730.0
7675,ID00002,3.0,150,2853.0,2856.0
7676,ID00003,3.0,150,2853.0,2856.0
7677,ID00004,3.0,150,2853.0,2856.0
7678,ID00005,3.0,150,2853.0,2856.0
7679,ID00006,3.0,150,2853.0,2856.0
7680,ID00007,3.0,150,2760.0,2763.0
7681,ID00008,3.0,150,2760.0,2763.0
7682,ID00009,3.0,150,2760.0,2763.0
7683,ID00010,3.0,150,2760.0,2763.0
7684,ID00011,3.0,150,2760.0,2763.0
7685,ID00012,3.0,150,2872.0,2875.0
7686,ID00013,3.0,150,2870.0,2873.0
7687,ID00014,3.0,150,2872.0,2875.0
7688,ID00015,3.0,150,2872.0,2875.0
7689,ID00016,3.0,150,2872.0,2875.0
7690,ID00017,3.0,150,2769.0,2772.0
7691,ID00018,3.0,150,2769.0,2772.0
7692,ID00019,3.0,150,2769.0,2772.0
7693,ID00020,3.0,150,2769.0,2772.0
7694,ID00021,3.0,150,2769.0,2772.0
7695,ID00022,3.0,150,2881.0,2884.0
7696,ID00023,3.0,150,2878.0,2881.0
7697,ID00024,3.0,150,2880.0,2883.0
7698,ID00025,3.0,150,2885.0,2888.0
7699,ID00026,3.0,150,2881.0,2884.0
7700,ID00027,3.0,150,2774.0,2777.0
7701,ID00028,3.0,150,2774.0,2777.0
7702,ID00029,3.0,150,2774.0,2777.0
7703,ID00030,3.0,150,2774.0,2777.0
7704,ID00031,3.0,150,2775.0,2778.0
7705,ID00032,172.0,150,2886.0,3058.0
7706,ID00033,230.0,150,2883.0,3113.0
7707,ID00034,125.0,150,2885.0,3010.0
7708,ID00035,175.0,150,2891.0,3066.0
7709,ID00036,163.0,150,2886.0,3049.0
7710,ID00037,178.0,150,2778.0,2956.0
7711,ID00038,217.0,150,2778.0,2995.0
7712,ID00039,175.0,150,2778.0,2953.0
7713,ID00040,181.0,150,2778.0,2959.0
7714,ID00041,158.0,150,2779.0,2937.0
7715,ID00042,3.0,150,3115.0,3118.0
7716,ID00043,3.0,150,2996.0,2999.0
7717,ID00044,3.0,150,3126.0,3129.0
7718,ID00045,3.0,150,3140.0,3143.0
7719,ID00046,62.0,150,3144.0,3206.0
7720,finish,0.0,150,3207.0,3207.0
7721,entry,0.0,151,2700,2700.0
7722,ID00000,57.0,151,2986.0,3043.0
7723,ID00001,56.0,151,2986.0,3042.0
7724,ID00002,54.0,151,2986.0,3040.0
7725,ID00003,54.0,151,2986.0,3040.0
7726,ID00004,56.0,151,2985.0,3041.0
7727,ID00005,55.0,151,2986.0,3041.0
7728,ID00006,55.0,151,2986.0,3041.0
7729,ID00007,55.0,151,2986.0,3041.0
7730,ID00008,55.0,151,2986.0,3041.0
7731,ID00009,55.0,151,2986.0,3041.0
7732,ID00010,54.0,151,2986.0,3040.0
7733,ID00011,54.0,151,2986.0,3040.0
7734,ID00012,1768.0,151,3050.0,4818.0
7735,ID00013,1486.0,151,3050.0,4536.0
7736,ID00014,1667.0,151,3048.0,4715.0
7737,ID00015,1360.0,151,3047.0,4407.0
7738,ID00016,1286.0,151,3048.0,4334.0
7739,ID00017,1598.0,151,3048.0,4646.0
7740,ID00018,880.0,151,3048.0,3928.0
7741,ID00019,1746.0,151,3048.0,4794.0
7742,ID00020,988.0,151,3048.0,4036.0
7743,ID00021,1553.0,151,3048.0,4601.0
7744,ID00022,2027.0,151,3048.0,5075.0
7745,ID00023,1807.0,151,3047.0,4854.0
7746,ID00024,17.0,151,5078.0,5095.0
7747,ID00025,15.0,151,5098.0,5113.0
7748,ID00026,15.0,151,5098.0,5113.0
7749,ID00027,16.0,151,5098.0,5114.0
7750,ID00028,14.0,151,5098.0,5112.0
7751,ID00029,18.0,151,5098.0,5116.0
7752,ID00030,17.0,151,5098.0,5115.0
7753,ID00031,17.0,151,5098.0,5115.0
7754,ID00032,16.0,151,5098.0,5114.0
7755,ID00033,16.0,151,5098.0,5114.0
7756,ID00034,17.0,151,5098.0,5115.0
7757,ID00035,15.0,151,5098.0,5113.0
7758,ID00036,13.0,151,5098.0,5111.0
7759,ID00037,1607.0,151,5116.0,6723.0
7760,ID00038,1213.0,151,5116.0,6329.0
7761,ID00039,1186.0,151,5117.0,6303.0
7762,ID00040,1749.0,151,5115.0,6864.0
7763,ID00041,1473.0,151,5119.0,6592.0
7764,ID00042,1670.0,151,5118.0,6788.0
7765,ID00043,1139.0,151,5118.0,6257.0
7766,ID00044,1855.0,151,5117.0,6972.0
7767,ID00045,2015.0,151,5117.0,7132.0
7768,ID00046,2007.0,151,5118.0,7125.0
7769,ID00047,1767.0,151,5116.0,6883.0
7770,ID00048,911.0,151,5114.0,6025.0
7771,ID00049,16.0,151,7135.0,7151.0
7772,finish,0.0,151,7152.0,7152.0
7773,entry,0.0,152,2700,2700.0
7774,ID00000,57.0,152,2986.0,3043.0
7775,ID00001,56.0,152,2986.0,3042.0
7776,ID00002,54.0,152,2986.0,3040.0
7777,ID00003,54.0,152,2986.0,3040.0
7778,ID00004,56.0,152,2985.0,3041.0
7779,ID00005,55.0,152,2986.0,3041.0
7780,ID00006,55.0,152,2986.0,3041.0
7781,ID00007,55.0,152,2986.0,3041.0
7782,ID00008,55.0,152,2986.0,3041.0
7783,ID00009,55.0,152,2986.0,3041.0
7784,ID00010,54.0,152,2986.0,3040.0
7785,ID00011,54.0,152,2986.0,3040.0
7786,ID00012,1768.0,152,3050.0,4818.0
7787,ID00013,1486.0,152,3050.0,4536.0
7788,ID00014,1667.0,152,3048.0,4715.0
7789,ID00015,1360.0,152,3047.0,4407.0
7790,ID00016,1286.0,152,3048.0,4334.0
7791,ID00017,1598.0,152,3048.0,4646.0
7792,ID00018,880.0,152,3048.0,3928.0
7793,ID00019,1746.0,152,3048.0,4794.0
7794,ID00020,988.0,152,3048.0,4036.0
7795,ID00021,1553.0,152,3048.0,4601.0
7796,ID00022,2027.0,152,3048.0,5075.0
7797,ID00023,1807.0,152,3047.0,4854.0
7798,ID00024,17.0,152,5078.0,5095.0
7799,ID00025,15.0,152,5098.0,5113.0
7800,ID00026,15.0,152,5098.0,5113.0
7801,ID00027,16.0,152,5098.0,5114.0
7802,ID00028,14.0,152,5098.0,5112.0
7803,ID00029,18.0,152,5098.0,5116.0
7804,ID00030,17.0,152,5098.0,5115.0
7805,ID00031,17.0,152,5098.0,5115.0
7806,ID00032,16.0,152,5098.0,5114.0
7807,ID00033,16.0,152,5098.0,5114.0
7808,ID00034,17.0,152,5098.0,5115.0
7809,ID00035,15.0,152,5098.0,5113.0
7810,ID00036,13.0,152,5098.0,5111.0
7811,ID00037,1607.0,152,5116.0,6723.0
7812,ID00038,1213.0,152,5116.0,6329.0
7813,ID00039,1186.0,152,5117.0,6303.0
7814,ID00040,1749.0,152,5115.0,6864.0
7815,ID00041,1473.0,152,5119.0,6592.0
7816,ID00042,1670.0,152,5118.0,6788.0
7817,ID00043,1139.0,152,5118.0,6257.0
7818,ID00044,1855.0,152,5117.0,6972.0
7819,ID00045,2015.0,152,5117.0,7132.0
7820,ID00046,2007.0,152,5118.0,7125.0
7821,ID00047,1767.0,152,5116.0,6883.0
7822,ID00048,911.0,152,5114.0,6025.0
7823,ID00049,16.0,152,7135.0,7151.0
7824,finish,0.0,152,7152.0,7152.0
7825,entry,0.0,153,2700,2700.0
7826,ID00000,165.0,153,2723.0,2888.0
7827,ID00001,165.0,153,2723.0,2888.0
7828,ID00002,166.0,153,2723.0,2889.0
7829,ID00003,166.0,153,2723.0,2889.0
7830,ID00004,163.0,153,2723.0,2886.0
7831,ID00005,166.0,153,2723.0,2889.0
7832,ID00006,164.0,153,2723.0,2887.0
7833,ID00007,166.0,153,2723.0,2889.0
7834,ID00008,129.0,153,2930.0,3059.0
7835,ID00009,128.0,153,2931.0,3059.0
7836,ID00010,126.0,153,2930.0,3056.0
7837,ID00011,128.0,153,2931.0,3059.0
7838,ID00012,129.0,153,2930.0,3059.0
7839,ID00013,126.0,153,2931.0,3057.0
7840,ID00014,128.0,153,2931.0,3059.0
7841,ID00015,128.0,153,2931.0,3059.0
7842,ID00016,127.0,153,2931.0,3058.0
7843,ID00017,125.0,153,2931.0,3056.0
7844,ID00018,129.0,153,2931.0,3060.0
7845,ID00019,127.0,153,2931.0,3058.0
7846,ID00020,126.0,153,2931.0,3057.0
7847,ID00021,129.0,153,2931.0,3060.0
7848,ID00022,127.0,153,2931.0,3058.0
7849,ID00023,129.0,153,2931.0,3060.0
7850,ID00024,126.0,153,2928.0,3054.0
7851,ID00025,127.0,153,2931.0,3058.0
7852,ID00026,130.0,153,2931.0,3061.0
7853,ID00027,126.0,153,2931.0,3057.0
7854,ID00028,128.0,153,2931.0,3059.0
7855,ID00029,128.0,153,2930.0,3058.0
7856,ID00030,128.0,153,2931.0,3059.0
7857,ID00031,128.0,153,2931.0,3059.0
7858,ID00032,127.0,153,2931.0,3058.0
7859,ID00033,127.0,153,2931.0,3058.0
7860,ID00034,127.0,153,2931.0,3058.0
7861,ID00035,127.0,153,2931.0,3058.0
7862,ID00036,27.0,153,3067.0,3094.0
7863,ID00037,64.0,153,3097.0,3161.0
7864,ID00038,131.0,153,3164.0,3295.0
7865,ID00039,129.0,153,3164.0,3293.0
7866,ID00040,131.0,153,3164.0,3295.0
7867,ID00041,128.0,153,3164.0,3292.0
7868,ID00042,126.0,153,3164.0,3290.0
7869,ID00043,128.0,153,3164.0,3292.0
7870,ID00044,129.0,153,3164.0,3293.0
7871,ID00045,129.0,153,3164.0,3293.0
7872,ID00046,30.0,153,3337.0,3367.0
7873,ID00047,59.0,153,3370.0,3429.0
7874,ID00048,59.0,153,4081.0,4140.0
7875,ID00049,6.0,153,4154.0,4160.0
7876,finish,0.0,153,4162.0,4162.0
7877,entry,0.0,154,2700,2700.0
7878,ID00000,57.0,154,2986.0,3043.0
7879,ID00001,56.0,154,2986.0,3042.0
7880,ID00002,54.0,154,2986.0,3040.0
7881,ID00003,54.0,154,2986.0,3040.0
7882,ID00004,56.0,154,2985.0,3041.0
7883,ID00005,55.0,154,2986.0,3041.0
7884,ID00006,55.0,154,2986.0,3041.0
7885,ID00007,55.0,154,2986.0,3041.0
7886,ID00008,55.0,154,2986.0,3041.0
7887,ID00009,55.0,154,2986.0,3041.0
7888,ID00010,54.0,154,2986.0,3040.0
7889,ID00011,54.0,154,2986.0,3040.0
7890,ID00012,1768.0,154,3050.0,4818.0
7891,ID00013,1486.0,154,3050.0,4536.0
7892,ID00014,1667.0,154,3048.0,4715.0
7893,ID00015,1360.0,154,3047.0,4407.0
7894,ID00016,1286.0,154,3048.0,4334.0
7895,ID00017,1598.0,154,3048.0,4646.0
7896,ID00018,880.0,154,3048.0,3928.0
7897,ID00019,1746.0,154,3048.0,4794.0
7898,ID00020,988.0,154,3048.0,4036.0
7899,ID00021,1553.0,154,3048.0,4601.0
7900,ID00022,2027.0,154,3048.0,5075.0
7901,ID00023,1807.0,154,3047.0,4854.0
7902,ID00024,17.0,154,5078.0,5095.0
7903,ID00025,15.0,154,5098.0,5113.0
7904,ID00026,15.0,154,5098.0,5113.0
7905,ID00027,16.0,154,5098.0,5114.0
7906,ID00028,14.0,154,5098.0,5112.0
7907,ID00029,18.0,154,5098.0,5116.0
7908,ID00030,17.0,154,5098.0,5115.0
7909,ID00031,17.0,154,5098.0,5115.0
7910,ID00032,16.0,154,5098.0,5114.0
7911,ID00033,16.0,154,5098.0,5114.0
7912,ID00034,17.0,154,5098.0,5115.0
7913,ID00035,15.0,154,5098.0,5113.0
7914,ID00036,13.0,154,5098.0,5111.0
7915,ID00037,1607.0,154,5116.0,6723.0
7916,ID00038,1213.0,154,5116.0,6329.0
7917,ID00039,1186.0,154,5117.0,6303.0
7918,ID00040,1749.0,154,5115.0,6864.0
7919,ID00041,1473.0,154,5119.0,6592.0
7920,ID00042,1670.0,154,5118.0,6788.0
7921,ID00043,1139.0,154,5118.0,6257.0
7922,ID00044,1855.0,154,5117.0,6972.0
7923,ID00045,2015.0,154,5117.0,7132.0
7924,ID00046,2007.0,154,5118.0,7125.0
7925,ID00047,1767.0,154,5116.0,6883.0
7926,ID00048,911.0,154,5114.0,6025.0
7927,ID00049,16.0,154,7135.0,7151.0
7928,finish,0.0,154,7152.0,7152.0
7929,entry,0.0,155,2700,2700.0
7930,ID00000,3.0,155,2708.0,2711.0
7931,ID00001,3.0,155,2704.0,2707.0
7932,ID00002,3.0,155,2704.0,2707.0
7933,ID00003,3.0,155,2704.0,2707.0
7934,ID00004,3.0,155,2704.0,2707.0
7935,ID00005,3.0,155,2704.0,2707.0
7936,ID00006,3.0,155,2704.0,2707.0
7937,ID00007,3.0,155,2704.0,2707.0
7938,ID00008,3.0,155,2704.0,2707.0
7939,ID00009,3.0,155,2704.0,2707.0
7940,ID00010,3.0,155,2704.0,2707.0
7941,ID00011,3.0,155,2704.0,2707.0
7942,ID00012,3.0,155,2704.0,2707.0
7943,ID00013,497.0,155,2702.0,3199.0
7944,ID00014,10.0,155,2702.0,2712.0
7945,ID00015,20.0,155,2703.0,2723.0
7946,ID00016,468.0,155,3604.0,4072.0
7947,ID00017,134.0,155,4075.0,4209.0
7948,ID00018,3.0,155,4223.0,4226.0
7949,ID00019,3.0,155,4223.0,4226.0
7950,ID00020,329.0,155,4223.0,4552.0
7951,ID00021,9.0,155,4227.0,4236.0
7952,ID00022,3.0,155,4223.0,4226.0
7953,ID00023,3.0,155,4560.0,4563.0
7954,ID00025,3.0,155,2708.0,2711.0
7955,ID00026,3.0,155,2704.0,2707.0
7956,ID00027,3.0,155,2704.0,2707.0
7957,ID00028,3.0,155,2704.0,2707.0
7958,ID00029,3.0,155,2704.0,2707.0
7959,ID00030,3.0,155,2704.0,2707.0
7960,ID00031,3.0,155,2704.0,2707.0
7961,ID00032,3.0,155,2704.0,2707.0
7962,ID00033,3.0,155,2704.0,2707.0
7963,ID00034,3.0,155,2704.0,2707.0
7964,ID00035,3.0,155,2704.0,2707.0
7965,ID00036,3.0,155,2704.0,2707.0
7966,ID00037,3.0,155,2704.0,2707.0
7967,ID00038,277.0,155,2702.0,2979.0
7968,ID00039,10.0,155,2702.0,2712.0
7969,ID00040,9.0,155,2703.0,2712.0
7970,ID00041,626.0,155,3608.0,4234.0
7971,ID00042,46.0,155,4237.0,4283.0
7972,ID00043,3.0,155,4297.0,4300.0
7973,ID00044,3.0,155,4297.0,4300.0
7974,ID00045,319.0,155,4297.0,4616.0
7975,ID00046,9.0,155,4301.0,4310.0
7976,ID00047,3.0,155,4297.0,4300.0
7977,ID00048,3.0,155,4624.0,4627.0
7978,finish,0.0,155,4635.0,4635.0
7979,entry,0.0,156,2700,2700.0
7980,ID00000,57.0,156,2986.0,3043.0
7981,ID00001,56.0,156,2986.0,3042.0
7982,ID00002,54.0,156,2986.0,3040.0
7983,ID00003,54.0,156,2986.0,3040.0
7984,ID00004,56.0,156,2985.0,3041.0
7985,ID00005,55.0,156,2986.0,3041.0
7986,ID00006,55.0,156,2986.0,3041.0
7987,ID00007,55.0,156,2986.0,3041.0
7988,ID00008,55.0,156,2986.0,3041.0
7989,ID00009,55.0,156,2986.0,3041.0
7990,ID00010,54.0,156,2986.0,3040.0
7991,ID00011,54.0,156,2986.0,3040.0
7992,ID00012,1768.0,156,3050.0,4818.0
7993,ID00013,1486.0,156,3050.0,4536.0
7994,ID00014,1667.0,156,3048.0,4715.0
7995,ID00015,1360.0,156,3047.0,4407.0
7996,ID00016,1286.0,156,3048.0,4334.0
7997,ID00017,1598.0,156,3048.0,4646.0
7998,ID00018,880.0,156,3048.0,3928.0
7999,ID00019,1746.0,156,3048.0,4794.0
8000,ID00020,988.0,156,3048.0,4036.0
8001,ID00021,1553.0,156,3048.0,4601.0
8002,ID00022,2027.0,156,3048.0,5075.0
8003,ID00023,1807.0,156,3047.0,4854.0
8004,ID00024,17.0,156,5078.0,5095.0
8005,ID00025,15.0,156,5098.0,5113.0
8006,ID00026,15.0,156,5098.0,5113.0
8007,ID00027,16.0,156,5098.0,5114.0
8008,ID00028,14.0,156,5098.0,5112.0
8009,ID00029,18.0,156,5098.0,5116.0
8010,ID00030,17.0,156,5098.0,5115.0
8011,ID00031,17.0,156,5098.0,5115.0
8012,ID00032,16.0,156,5098.0,5114.0
8013,ID00033,16.0,156,5098.0,5114.0
8014,ID00034,17.0,156,5098.0,5115.0
8015,ID00035,15.0,156,5098.0,5113.0
8016,ID00036,13.0,156,5098.0,5111.0
8017,ID00037,1607.0,156,5116.0,6723.0
8018,ID00038,1213.0,156,5116.0,6329.0
8019,ID00039,1186.0,156,5117.0,6303.0
8020,ID00040,1749.0,156,5115.0,6864.0
8021,ID00041,1473.0,156,5119.0,6592.0
8022,ID00042,1670.0,156,5118.0,6788.0
8023,ID00043,1139.0,156,5118.0,6257.0
8024,ID00044,1855.0,156,5117.0,6972.0
8025,ID00045,2015.0,156,5117.0,7132.0
8026,ID00046,2007.0,156,5118.0,7125.0
8027,ID00047,1767.0,156,5116.0,6883.0
8028,ID00048,911.0,156,5114.0,6025.0
8029,ID00049,16.0,156,7135.0,7151.0
8030,finish,0.0,156,7152.0,7152.0
8031,entry,0.0,157,2700,2700.0
8032,ID00000,6.0,157,8687.0,8693.0
8033,ID00001,5.0,157,8658.0,8663.0
8034,ID00002,3417.0,157,4267.0,7684.0
8035,ID00003,542.0,157,7708.0,8250.0
8036,ID00004,27.0,157,8253.0,8280.0
8037,ID00005,627.0,157,7708.0,8335.0
8038,ID00006,22.0,157,8338.0,8360.0
8039,ID00007,382.0,157,7708.0,8090.0
8040,ID00008,20.0,157,8093.0,8113.0
8041,ID00009,449.0,157,7708.0,8157.0
8042,ID00010,27.0,157,8160.0,8187.0
8043,ID00011,453.0,157,7708.0,8161.0
8044,ID00012,27.0,157,8164.0,8191.0
8045,ID00013,757.0,157,7708.0,8465.0
8046,ID00014,28.0,157,8468.0,8496.0
8047,ID00015,598.0,157,7708.0,8306.0
8048,ID00016,12.0,157,8309.0,8321.0
8049,ID00017,445.0,157,7708.0,8153.0
8050,ID00018,10.0,157,8156.0,8166.0
8051,ID00019,947.0,157,7708.0,8655.0
8052,ID00020,26.0,157,8658.0,8684.0
8053,ID00021,688.0,157,7708.0,8396.0
8054,ID00022,25.0,157,8399.0,8424.0
8055,ID00023,2589.0,157,4275.0,6864.0
8056,ID00024,1086.0,157,6880.0,7966.0
8057,ID00025,15.0,157,7969.0,7984.0
8058,ID00026,669.0,157,6880.0,7549.0
8059,ID00027,21.0,157,7552.0,7573.0
8060,ID00028,784.0,157,6880.0,7664.0
8061,ID00029,21.0,157,7667.0,7688.0
8062,ID00030,937.0,157,6880.0,7817.0
8063,ID00031,11.0,157,7820.0,7831.0
8064,ID00032,541.0,157,6880.0,7421.0
8065,ID00033,22.0,157,7424.0,7446.0
8066,ID00034,518.0,157,6880.0,7398.0
8067,ID00035,20.0,157,7401.0,7421.0
8068,ID00036,1103.0,157,6880.0,7983.0
8069,ID00037,19.0,157,7986.0,8005.0
8070,ID00038,969.0,157,6880.0,7849.0
8071,ID00039,19.0,157,7852.0,7871.0
8072,ID00040,490.0,157,6880.0,7370.0
8073,ID00041,27.0,157,7373.0,7400.0
8074,ID00042,984.0,157,6880.0,7864.0
8075,ID00043,19.0,157,7867.0,7886.0
8076,ID00044,446.0,157,6880.0,7326.0
8077,ID00045,23.0,157,7329.0,7352.0
8078,ID00046,441.0,157,6880.0,7321.0
8079,ID00047,10.0,157,7324.0,7334.0
8080,ID00048,602.0,157,6880.0,7482.0
8081,ID00049,12.0,157,7485.0,7497.0
8082,finish,0.0,157,8694.0,8694.0
8083,entry,0.0,158,2700,2700.0
8084,ID00000,57.0,158,2986.0,3043.0
8085,ID00001,56.0,158,2986.0,3042.0
8086,ID00002,54.0,158,2986.0,3040.0
8087,ID00003,54.0,158,2986.0,3040.0
8088,ID00004,56.0,158,2985.0,3041.0
8089,ID00005,55.0,158,2986.0,3041.0
8090,ID00006,55.0,158,2986.0,3041.0
8091,ID00007,55.0,158,2986.0,3041.0
8092,ID00008,55.0,158,2986.0,3041.0
8093,ID00009,55.0,158,2986.0,3041.0
8094,ID00010,54.0,158,2986.0,3040.0
8095,ID00011,54.0,158,2986.0,3040.0
8096,ID00012,1768.0,158,3050.0,4818.0
8097,ID00013,1486.0,158,3050.0,4536.0
8098,ID00014,1667.0,158,3048.0,4715.0
8099,ID00015,1360.0,158,3047.0,4407.0
8100,ID00016,1286.0,158,3048.0,4334.0
8101,ID00017,1598.0,158,3048.0,4646.0
8102,ID00018,880.0,158,3048.0,3928.0
8103,ID00019,1746.0,158,3048.0,4794.0
8104,ID00020,988.0,158,3048.0,4036.0
8105,ID00021,1553.0,158,3048.0,4601.0
8106,ID00022,2027.0,158,3048.0,5075.0
8107,ID00023,1807.0,158,3047.0,4854.0
8108,ID00024,17.0,158,5078.0,5095.0
8109,ID00025,15.0,158,5098.0,5113.0
8110,ID00026,15.0,158,5098.0,5113.0
8111,ID00027,16.0,158,5098.0,5114.0
8112,ID00028,14.0,158,5098.0,5112.0
8113,ID00029,18.0,158,5098.0,5116.0
8114,ID00030,17.0,158,5098.0,5115.0
8115,ID00031,17.0,158,5098.0,5115.0
8116,ID00032,16.0,158,5098.0,5114.0
8117,ID00033,16.0,158,5098.0,5114.0
8118,ID00034,17.0,158,5098.0,5115.0
8119,ID00035,15.0,158,5098.0,5113.0
8120,ID00036,13.0,158,5098.0,5111.0
8121,ID00037,1607.0,158,5116.0,6723.0
8122,ID00038,1213.0,158,5116.0,6329.0
8123,ID00039,1186.0,158,5117.0,6303.0
8124,ID00040,1749.0,158,5115.0,6864.0
8125,ID00041,1473.0,158,5119.0,6592.0
8126,ID00042,1670.0,158,5118.0,6788.0
8127,ID00043,1139.0,158,5118.0,6257.0
8128,ID00044,1855.0,158,5117.0,6972.0
8129,ID00045,2015.0,158,5117.0,7132.0
8130,ID00046,2007.0,158,5118.0,7125.0
8131,ID00047,1767.0,158,5116.0,6883.0
8132,ID00048,911.0,158,5114.0,6025.0
8133,ID00049,16.0,158,7135.0,7151.0
8134,finish,0.0,158,7152.0,7152.0
8135,entry,0.0,159,2700,2700.0
8136,ID00000,57.0,159,2986.0,3043.0
8137,ID00001,56.0,159,2986.0,3042.0
8138,ID00002,54.0,159,2986.0,3040.0
8139,ID00003,54.0,159,2986.0,3040.0
8140,ID00004,56.0,159,2985.0,3041.0
8141,ID00005,55.0,159,2986.0,3041.0
8142,ID00006,55.0,159,2986.0,3041.0
8143,ID00007,55.0,159,2986.0,3041.0
8144,ID00008,55.0,159,2986.0,3041.0
8145,ID00009,55.0,159,2986.0,3041.0
8146,ID00010,54.0,159,2986.0,3040.0
8147,ID00011,54.0,159,2986.0,3040.0
8148,ID00012,1768.0,159,3050.0,4818.0
8149,ID00013,1486.0,159,3050.0,4536.0
8150,ID00014,1667.0,159,3048.0,4715.0
8151,ID00015,1360.0,159,3047.0,4407.0
8152,ID00016,1286.0,159,3048.0,4334.0
8153,ID00017,1598.0,159,3048.0,4646.0
8154,ID00018,880.0,159,3048.0,3928.0
8155,ID00019,1746.0,159,3048.0,4794.0
8156,ID00020,988.0,159,3048.0,4036.0
8157,ID00021,1553.0,159,3048.0,4601.0
8158,ID00022,2027.0,159,3048.0,5075.0
8159,ID00023,1807.0,159,3047.0,4854.0
8160,ID00024,17.0,159,5078.0,5095.0
8161,ID00025,15.0,159,5098.0,5113.0
8162,ID00026,15.0,159,5098.0,5113.0
8163,ID00027,16.0,159,5098.0,5114.0
8164,ID00028,14.0,159,5098.0,5112.0
8165,ID00029,18.0,159,5098.0,5116.0
8166,ID00030,17.0,159,5098.0,5115.0
8167,ID00031,17.0,159,5098.0,5115.0
8168,ID00032,16.0,159,5098.0,5114.0
8169,ID00033,16.0,159,5098.0,5114.0
8170,ID00034,17.0,159,5098.0,5115.0
8171,ID00035,15.0,159,5098.0,5113.0
8172,ID00036,13.0,159,5098.0,5111.0
8173,ID00037,1607.0,159,5116.0,6723.0
8174,ID00038,1213.0,159,5116.0,6329.0
8175,ID00039,1186.0,159,5117.0,6303.0
8176,ID00040,1749.0,159,5115.0,6864.0
8177,ID00041,1473.0,159,5119.0,6592.0
8178,ID00042,1670.0,159,5118.0,6788.0
8179,ID00043,1139.0,159,5118.0,6257.0
8180,ID00044,1855.0,159,5117.0,6972.0
8181,ID00045,2015.0,159,5117.0,7132.0
8182,ID00046,2007.0,159,5118.0,7125.0
8183,ID00047,1767.0,159,5116.0,6883.0
8184,ID00048,911.0,159,5114.0,6025.0
8185,ID00049,16.0,159,7135.0,7151.0
8186,finish,0.0,159,7152.0,7152.0
8187,entry,0.0,160,2700,2700.0
8188,ID00000,57.0,160,2986.0,3043.0
8189,ID00001,56.0,160,2986.0,3042.0
8190,ID00002,54.0,160,2986.0,3040.0
8191,ID00003,54.0,160,2986.0,3040.0
8192,ID00004,56.0,160,2985.0,3041.0
8193,ID00005,55.0,160,2986.0,3041.0
8194,ID00006,55.0,160,2986.0,3041.0
8195,ID00007,55.0,160,2986.0,3041.0
8196,ID00008,55.0,160,2986.0,3041.0
8197,ID00009,55.0,160,2986.0,3041.0
8198,ID00010,54.0,160,2986.0,3040.0
8199,ID00011,54.0,160,2986.0,3040.0
8200,ID00012,1768.0,160,3050.0,4818.0
8201,ID00013,1486.0,160,3050.0,4536.0
8202,ID00014,1667.0,160,3048.0,4715.0
8203,ID00015,1360.0,160,3047.0,4407.0
8204,ID00016,1286.0,160,3048.0,4334.0
8205,ID00017,1598.0,160,3048.0,4646.0
8206,ID00018,880.0,160,3048.0,3928.0
8207,ID00019,1746.0,160,3048.0,4794.0
8208,ID00020,988.0,160,3048.0,4036.0
8209,ID00021,1553.0,160,3048.0,4601.0
8210,ID00022,2027.0,160,3048.0,5075.0
8211,ID00023,1807.0,160,3047.0,4854.0
8212,ID00024,17.0,160,5078.0,5095.0
8213,ID00025,15.0,160,5098.0,5113.0
8214,ID00026,15.0,160,5098.0,5113.0
8215,ID00027,16.0,160,5098.0,5114.0
8216,ID00028,14.0,160,5098.0,5112.0
8217,ID00029,18.0,160,5098.0,5116.0
8218,ID00030,17.0,160,5098.0,5115.0
8219,ID00031,17.0,160,5098.0,5115.0
8220,ID00032,16.0,160,5098.0,5114.0
8221,ID00033,16.0,160,5098.0,5114.0
8222,ID00034,17.0,160,5098.0,5115.0
8223,ID00035,15.0,160,5098.0,5113.0
8224,ID00036,13.0,160,5098.0,5111.0
8225,ID00037,1607.0,160,5116.0,6723.0
8226,ID00038,1213.0,160,5116.0,6329.0
8227,ID00039,1186.0,160,5117.0,6303.0
8228,ID00040,1749.0,160,5115.0,6864.0
8229,ID00041,1473.0,160,5119.0,6592.0
8230,ID00042,1670.0,160,5118.0,6788.0
8231,ID00043,1139.0,160,5118.0,6257.0
8232,ID00044,1855.0,160,5117.0,6972.0
8233,ID00045,2015.0,160,5117.0,7132.0
8234,ID00046,2007.0,160,5118.0,7125.0
8235,ID00047,1767.0,160,5116.0,6883.0
8236,ID00048,911.0,160,5114.0,6025.0
8237,ID00049,16.0,160,7135.0,7151.0
8238,finish,0.0,160,7152.0,7152.0
8239,entry,0.0,161,2700,2700.0
8240,ID00000,3.0,161,2774.0,2777.0
8241,ID00001,3.0,161,2727.0,2730.0
8242,ID00002,3.0,161,2853.0,2856.0
8243,ID00003,3.0,161,2853.0,2856.0
8244,ID00004,3.0,161,2853.0,2856.0
8245,ID00005,3.0,161,2853.0,2856.0
8246,ID00006,3.0,161,2853.0,2856.0
8247,ID00007,3.0,161,2760.0,2763.0
8248,ID00008,3.0,161,2760.0,2763.0
8249,ID00009,3.0,161,2760.0,2763.0
8250,ID00010,3.0,161,2760.0,2763.0
8251,ID00011,3.0,161,2760.0,2763.0
8252,ID00012,3.0,161,2872.0,2875.0
8253,ID00013,3.0,161,2870.0,2873.0
8254,ID00014,3.0,161,2872.0,2875.0
8255,ID00015,3.0,161,2872.0,2875.0
8256,ID00016,3.0,161,2872.0,2875.0
8257,ID00017,3.0,161,2769.0,2772.0
8258,ID00018,3.0,161,2769.0,2772.0
8259,ID00019,3.0,161,2769.0,2772.0
8260,ID00020,3.0,161,2769.0,2772.0
8261,ID00021,3.0,161,2769.0,2772.0
8262,ID00022,3.0,161,2881.0,2884.0
8263,ID00023,3.0,161,2878.0,2881.0
8264,ID00024,3.0,161,2880.0,2883.0
8265,ID00025,3.0,161,2885.0,2888.0
8266,ID00026,3.0,161,2881.0,2884.0
8267,ID00027,3.0,161,2774.0,2777.0
8268,ID00028,3.0,161,2774.0,2777.0
8269,ID00029,3.0,161,2774.0,2777.0
8270,ID00030,3.0,161,2774.0,2777.0
8271,ID00031,3.0,161,2775.0,2778.0
8272,ID00032,172.0,161,2886.0,3058.0
8273,ID00033,230.0,161,2883.0,3113.0
8274,ID00034,125.0,161,2885.0,3010.0
8275,ID00035,175.0,161,2891.0,3066.0
8276,ID00036,163.0,161,2886.0,3049.0
8277,ID00037,178.0,161,2778.0,2956.0
8278,ID00038,217.0,161,2778.0,2995.0
8279,ID00039,175.0,161,2778.0,2953.0
8280,ID00040,181.0,161,2778.0,2959.0
8281,ID00041,158.0,161,2779.0,2937.0
8282,ID00042,3.0,161,3115.0,3118.0
8283,ID00043,3.0,161,2996.0,2999.0
8284,ID00044,3.0,161,3126.0,3129.0
8285,ID00045,3.0,161,3140.0,3143.0
8286,ID00046,62.0,161,3144.0,3206.0
8287,finish,0.0,161,3207.0,3207.0
8288,entry,0.0,162,2700,2700.0
8289,ID00000,3.0,162,2774.0,2777.0
8290,ID00001,3.0,162,2727.0,2730.0
8291,ID00002,3.0,162,2853.0,2856.0
8292,ID00003,3.0,162,2853.0,2856.0
8293,ID00004,3.0,162,2853.0,2856.0
8294,ID00005,3.0,162,2853.0,2856.0
8295,ID00006,3.0,162,2853.0,2856.0
8296,ID00007,3.0,162,2760.0,2763.0
8297,ID00008,3.0,162,2760.0,2763.0
8298,ID00009,3.0,162,2760.0,2763.0
8299,ID00010,3.0,162,2760.0,2763.0
8300,ID00011,3.0,162,2760.0,2763.0
8301,ID00012,3.0,162,2872.0,2875.0
8302,ID00013,3.0,162,2870.0,2873.0
8303,ID00014,3.0,162,2872.0,2875.0
8304,ID00015,3.0,162,2872.0,2875.0
8305,ID00016,3.0,162,2872.0,2875.0
8306,ID00017,3.0,162,2769.0,2772.0
8307,ID00018,3.0,162,2769.0,2772.0
8308,ID00019,3.0,162,2769.0,2772.0
8309,ID00020,3.0,162,2769.0,2772.0
8310,ID00021,3.0,162,2769.0,2772.0
8311,ID00022,3.0,162,2881.0,2884.0
8312,ID00023,3.0,162,2878.0,2881.0
8313,ID00024,3.0,162,2880.0,2883.0
8314,ID00025,3.0,162,2885.0,2888.0
8315,ID00026,3.0,162,2881.0,2884.0
8316,ID00027,3.0,162,2774.0,2777.0
8317,ID00028,3.0,162,2774.0,2777.0
8318,ID00029,3.0,162,2774.0,2777.0
8319,ID00030,3.0,162,2774.0,2777.0
8320,ID00031,3.0,162,2775.0,2778.0
8321,ID00032,172.0,162,2886.0,3058.0
8322,ID00033,230.0,162,2883.0,3113.0
8323,ID00034,125.0,162,2885.0,3010.0
8324,ID00035,175.0,162,2891.0,3066.0
8325,ID00036,163.0,162,2886.0,3049.0
8326,ID00037,178.0,162,2778.0,2956.0
8327,ID00038,217.0,162,2778.0,2995.0
8328,ID00039,175.0,162,2778.0,2953.0
8329,ID00040,181.0,162,2778.0,2959.0
8330,ID00041,158.0,162,2779.0,2937.0
8331,ID00042,3.0,162,3115.0,3118.0
8332,ID00043,3.0,162,2996.0,2999.0
8333,ID00044,3.0,162,3126.0,3129.0
8334,ID00045,3.0,162,3140.0,3143.0
8335,ID00046,62.0,162,3144.0,3206.0
8336,finish,0.0,162,3207.0,3207.0
8337,entry,0.0,163,2700,2700.0
8338,ID00000,3.0,163,2774.0,2777.0
8339,ID00001,3.0,163,2727.0,2730.0
8340,ID00002,3.0,163,2853.0,2856.0
8341,ID00003,3.0,163,2853.0,2856.0
8342,ID00004,3.0,163,2853.0,2856.0
8343,ID00005,3.0,163,2853.0,2856.0
8344,ID00006,3.0,163,2853.0,2856.0
8345,ID00007,3.0,163,2760.0,2763.0
8346,ID00008,3.0,163,2760.0,2763.0
8347,ID00009,3.0,163,2760.0,2763.0
8348,ID00010,3.0,163,2760.0,2763.0
8349,ID00011,3.0,163,2760.0,2763.0
8350,ID00012,3.0,163,2872.0,2875.0
8351,ID00013,3.0,163,2870.0,2873.0
8352,ID00014,3.0,163,2872.0,2875.0
8353,ID00015,3.0,163,2872.0,2875.0
8354,ID00016,3.0,163,2872.0,2875.0
8355,ID00017,3.0,163,2769.0,2772.0
8356,ID00018,3.0,163,2769.0,2772.0
8357,ID00019,3.0,163,2769.0,2772.0
8358,ID00020,3.0,163,2769.0,2772.0
8359,ID00021,3.0,163,2769.0,2772.0
8360,ID00022,3.0,163,2881.0,2884.0
8361,ID00023,3.0,163,2878.0,2881.0
8362,ID00024,3.0,163,2880.0,2883.0
8363,ID00025,3.0,163,2885.0,2888.0
8364,ID00026,3.0,163,2881.0,2884.0
8365,ID00027,3.0,163,2774.0,2777.0
8366,ID00028,3.0,163,2774.0,2777.0
8367,ID00029,3.0,163,2774.0,2777.0
8368,ID00030,3.0,163,2774.0,2777.0
8369,ID00031,3.0,163,2775.0,2778.0
8370,ID00032,172.0,163,2886.0,3058.0
8371,ID00033,230.0,163,2883.0,3113.0
8372,ID00034,125.0,163,2885.0,3010.0
8373,ID00035,175.0,163,2891.0,3066.0
8374,ID00036,163.0,163,2886.0,3049.0
8375,ID00037,178.0,163,2778.0,2956.0
8376,ID00038,217.0,163,2778.0,2995.0
8377,ID00039,175.0,163,2778.0,2953.0
8378,ID00040,181.0,163,2778.0,2959.0
8379,ID00041,158.0,163,2779.0,2937.0
8380,ID00042,3.0,163,3115.0,3118.0
8381,ID00043,3.0,163,2996.0,2999.0
8382,ID00044,3.0,163,3126.0,3129.0
8383,ID00045,3.0,163,3140.0,3143.0
8384,ID00046,62.0,163,3144.0,3206.0
8385,finish,0.0,163,3207.0,3207.0
8386,entry,0.0,164,2700,2700.0
8387,ID00000,3.0,164,2774.0,2777.0
8388,ID00001,3.0,164,2727.0,2730.0
8389,ID00002,3.0,164,2853.0,2856.0
8390,ID00003,3.0,164,2853.0,2856.0
8391,ID00004,3.0,164,2853.0,2856.0
8392,ID00005,3.0,164,2853.0,2856.0
8393,ID00006,3.0,164,2853.0,2856.0
8394,ID00007,3.0,164,2760.0,2763.0
8395,ID00008,3.0,164,2760.0,2763.0
8396,ID00009,3.0,164,2760.0,2763.0
8397,ID00010,3.0,164,2760.0,2763.0
8398,ID00011,3.0,164,2760.0,2763.0
8399,ID00012,3.0,164,2872.0,2875.0
8400,ID00013,3.0,164,2870.0,2873.0
8401,ID00014,3.0,164,2872.0,2875.0
8402,ID00015,3.0,164,2872.0,2875.0
8403,ID00016,3.0,164,2872.0,2875.0
8404,ID00017,3.0,164,2769.0,2772.0
8405,ID00018,3.0,164,2769.0,2772.0
8406,ID00019,3.0,164,2769.0,2772.0
8407,ID00020,3.0,164,2769.0,2772.0
8408,ID00021,3.0,164,2769.0,2772.0
8409,ID00022,3.0,164,2881.0,2884.0
8410,ID00023,3.0,164,2878.0,2881.0
8411,ID00024,3.0,164,2880.0,2883.0
8412,ID00025,3.0,164,2885.0,2888.0
8413,ID00026,3.0,164,2881.0,2884.0
8414,ID00027,3.0,164,2774.0,2777.0
8415,ID00028,3.0,164,2774.0,2777.0
8416,ID00029,3.0,164,2774.0,2777.0
8417,ID00030,3.0,164,2774.0,2777.0
8418,ID00031,3.0,164,2775.0,2778.0
8419,ID00032,172.0,164,2886.0,3058.0
8420,ID00033,230.0,164,2883.0,3113.0
8421,ID00034,125.0,164,2885.0,3010.0
8422,ID00035,175.0,164,2891.0,3066.0
8423,ID00036,163.0,164,2886.0,3049.0
8424,ID00037,178.0,164,2778.0,2956.0
8425,ID00038,217.0,164,2778.0,2995.0
8426,ID00039,175.0,164,2778.0,2953.0
8427,ID00040,181.0,164,2778.0,2959.0
8428,ID00041,158.0,164,2779.0,2937.0
8429,ID00042,3.0,164,3115.0,3118.0
8430,ID00043,3.0,164,2996.0,2999.0
8431,ID00044,3.0,164,3126.0,3129.0
8432,ID00045,3.0,164,3140.0,3143.0
8433,ID00046,62.0,164,3144.0,3206.0
8434,finish,0.0,164,3207.0,3207.0
8435,entry,0.0,165,2700,2700.0
8436,ID00000,57.0,165,2986.0,3043.0
8437,ID00001,56.0,165,2986.0,3042.0
8438,ID00002,54.0,165,2986.0,3040.0
8439,ID00003,54.0,165,2986.0,3040.0
8440,ID00004,56.0,165,2985.0,3041.0
8441,ID00005,55.0,165,2986.0,3041.0
8442,ID00006,55.0,165,2986.0,3041.0
8443,ID00007,55.0,165,2986.0,3041.0
8444,ID00008,55.0,165,2986.0,3041.0
8445,ID00009,55.0,165,2986.0,3041.0
8446,ID00010,54.0,165,2986.0,3040.0
8447,ID00011,54.0,165,2986.0,3040.0
8448,ID00012,1768.0,165,3050.0,4818.0
8449,ID00013,1486.0,165,3050.0,4536.0
8450,ID00014,1667.0,165,3048.0,4715.0
8451,ID00015,1360.0,165,3047.0,4407.0
8452,ID00016,1286.0,165,3048.0,4334.0
8453,ID00017,1598.0,165,3048.0,4646.0
8454,ID00018,880.0,165,3048.0,3928.0
8455,ID00019,1746.0,165,3048.0,4794.0
8456,ID00020,988.0,165,3048.0,4036.0
8457,ID00021,1553.0,165,3048.0,4601.0
8458,ID00022,2027.0,165,3048.0,5075.0
8459,ID00023,1807.0,165,3047.0,4854.0
8460,ID00024,17.0,165,5078.0,5095.0
8461,ID00025,15.0,165,5098.0,5113.0
8462,ID00026,15.0,165,5098.0,5113.0
8463,ID00027,16.0,165,5098.0,5114.0
8464,ID00028,14.0,165,5098.0,5112.0
8465,ID00029,18.0,165,5098.0,5116.0
8466,ID00030,17.0,165,5098.0,5115.0
8467,ID00031,17.0,165,5098.0,5115.0
8468,ID00032,16.0,165,5098.0,5114.0
8469,ID00033,16.0,165,5098.0,5114.0
8470,ID00034,17.0,165,5098.0,5115.0
8471,ID00035,15.0,165,5098.0,5113.0
8472,ID00036,13.0,165,5098.0,5111.0
8473,ID00037,1607.0,165,5116.0,6723.0
8474,ID00038,1213.0,165,5116.0,6329.0
8475,ID00039,1186.0,165,5117.0,6303.0
8476,ID00040,1749.0,165,5115.0,6864.0
8477,ID00041,1473.0,165,5119.0,6592.0
8478,ID00042,1670.0,165,5118.0,6788.0
8479,ID00043,1139.0,165,5118.0,6257.0
8480,ID00044,1855.0,165,5117.0,6972.0
8481,ID00045,2015.0,165,5117.0,7132.0
8482,ID00046,2007.0,165,5118.0,7125.0
8483,ID00047,1767.0,165,5116.0,6883.0
8484,ID00048,911.0,165,5114.0,6025.0
8485,ID00049,16.0,165,7135.0,7151.0
8486,finish,0.0,165,7152.0,7152.0
8487,entry,0.0,166,2700,2700.0
8488,ID00000,57.0,166,2986.0,3043.0
8489,ID00001,56.0,166,2986.0,3042.0
8490,ID00002,54.0,166,2986.0,3040.0
8491,ID00003,54.0,166,2986.0,3040.0
8492,ID00004,56.0,166,2985.0,3041.0
8493,ID00005,55.0,166,2986.0,3041.0
8494,ID00006,55.0,166,2986.0,3041.0
8495,ID00007,55.0,166,2986.0,3041.0
8496,ID00008,55.0,166,2986.0,3041.0
8497,ID00009,55.0,166,2986.0,3041.0
8498,ID00010,54.0,166,2986.0,3040.0
8499,ID00011,54.0,166,2986.0,3040.0
8500,ID00012,1768.0,166,3050.0,4818.0
8501,ID00013,1486.0,166,3050.0,4536.0
8502,ID00014,1667.0,166,3048.0,4715.0
8503,ID00015,1360.0,166,3047.0,4407.0
8504,ID00016,1286.0,166,3048.0,4334.0
8505,ID00017,1598.0,166,3048.0,4646.0
8506,ID00018,880.0,166,3048.0,3928.0
8507,ID00019,1746.0,166,3048.0,4794.0
8508,ID00020,988.0,166,3048.0,4036.0
8509,ID00021,1553.0,166,3048.0,4601.0
8510,ID00022,2027.0,166,3048.0,5075.0
8511,ID00023,1807.0,166,3047.0,4854.0
8512,ID00024,17.0,166,5078.0,5095.0
8513,ID00025,15.0,166,5098.0,5113.0
8514,ID00026,15.0,166,5098.0,5113.0
8515,ID00027,16.0,166,5098.0,5114.0
8516,ID00028,14.0,166,5098.0,5112.0
8517,ID00029,18.0,166,5098.0,5116.0
8518,ID00030,17.0,166,5098.0,5115.0
8519,ID00031,17.0,166,5098.0,5115.0
8520,ID00032,16.0,166,5098.0,5114.0
8521,ID00033,16.0,166,5098.0,5114.0
8522,ID00034,17.0,166,5098.0,5115.0
8523,ID00035,15.0,166,5098.0,5113.0
8524,ID00036,13.0,166,5098.0,5111.0
8525,ID00037,1607.0,166,5116.0,6723.0
8526,ID00038,1213.0,166,5116.0,6329.0
8527,ID00039,1186.0,166,5117.0,6303.0
8528,ID00040,1749.0,166,5115.0,6864.0
8529,ID00041,1473.0,166,5119.0,6592.0
8530,ID00042,1670.0,166,5118.0,6788.0
8531,ID00043,1139.0,166,5118.0,6257.0
8532,ID00044,1855.0,166,5117.0,6972.0
8533,ID00045,2015.0,166,5117.0,7132.0
8534,ID00046,2007.0,166,5118.0,7125.0
8535,ID00047,1767.0,166,5116.0,6883.0
8536,ID00048,911.0,166,5114.0,6025.0
8537,ID00049,16.0,166,7135.0,7151.0
8538,finish,0.0,166,7152.0,7152.0
8539,entry,0.0,167,2700,2700.0
8540,ID00000,3.0,167,2774.0,2777.0
8541,ID00001,3.0,167,2727.0,2730.0
8542,ID00002,3.0,167,2853.0,2856.0
8543,ID00003,3.0,167,2853.0,2856.0
8544,ID00004,3.0,167,2853.0,2856.0
8545,ID00005,3.0,167,2853.0,2856.0
8546,ID00006,3.0,167,2853.0,2856.0
8547,ID00007,3.0,167,2760.0,2763.0
8548,ID00008,3.0,167,2760.0,2763.0
8549,ID00009,3.0,167,2760.0,2763.0
8550,ID00010,3.0,167,2760.0,2763.0
8551,ID00011,3.0,167,2760.0,2763.0
8552,ID00012,3.0,167,2872.0,2875.0
8553,ID00013,3.0,167,2870.0,2873.0
8554,ID00014,3.0,167,2872.0,2875.0
8555,ID00015,3.0,167,2872.0,2875.0
8556,ID00016,3.0,167,2872.0,2875.0
8557,ID00017,3.0,167,2769.0,2772.0
8558,ID00018,3.0,167,2769.0,2772.0
8559,ID00019,3.0,167,2769.0,2772.0
8560,ID00020,3.0,167,2769.0,2772.0
8561,ID00021,3.0,167,2769.0,2772.0
8562,ID00022,3.0,167,2881.0,2884.0
8563,ID00023,3.0,167,2878.0,2881.0
8564,ID00024,3.0,167,2880.0,2883.0
8565,ID00025,3.0,167,2885.0,2888.0
8566,ID00026,3.0,167,2881.0,2884.0
8567,ID00027,3.0,167,2774.0,2777.0
8568,ID00028,3.0,167,2774.0,2777.0
8569,ID00029,3.0,167,2774.0,2777.0
8570,ID00030,3.0,167,2774.0,2777.0
8571,ID00031,3.0,167,2775.0,2778.0
8572,ID00032,172.0,167,2886.0,3058.0
8573,ID00033,230.0,167,2883.0,3113.0
8574,ID00034,125.0,167,2885.0,3010.0
8575,ID00035,175.0,167,2891.0,3066.0
8576,ID00036,163.0,167,2886.0,3049.0
8577,ID00037,178.0,167,2778.0,2956.0
8578,ID00038,217.0,167,2778.0,2995.0
8579,ID00039,175.0,167,2778.0,2953.0
8580,ID00040,181.0,167,2778.0,2959.0
8581,ID00041,158.0,167,2779.0,2937.0
8582,ID00042,3.0,167,3115.0,3118.0
8583,ID00043,3.0,167,2996.0,2999.0
8584,ID00044,3.0,167,3126.0,3129.0
8585,ID00045,3.0,167,3140.0,3143.0
8586,ID00046,62.0,167,3144.0,3206.0
8587,finish,0.0,167,3207.0,3207.0
8588,entry,0.0,168,2700,2700.0
8589,ID00000,3.0,168,2708.0,2711.0
8590,ID00001,3.0,168,2704.0,2707.0
8591,ID00002,3.0,168,2704.0,2707.0
8592,ID00003,3.0,168,2704.0,2707.0
8593,ID00004,3.0,168,2704.0,2707.0
8594,ID00005,3.0,168,2704.0,2707.0
8595,ID00006,3.0,168,2704.0,2707.0
8596,ID00007,3.0,168,2704.0,2707.0
8597,ID00008,3.0,168,2704.0,2707.0
8598,ID00009,3.0,168,2704.0,2707.0
8599,ID00010,3.0,168,2704.0,2707.0
8600,ID00011,3.0,168,2704.0,2707.0
8601,ID00012,3.0,168,2704.0,2707.0
8602,ID00013,497.0,168,2702.0,3199.0
8603,ID00014,10.0,168,2702.0,2712.0
8604,ID00015,20.0,168,2703.0,2723.0
8605,ID00016,468.0,168,3604.0,4072.0
8606,ID00017,134.0,168,4075.0,4209.0
8607,ID00018,3.0,168,4223.0,4226.0
8608,ID00019,3.0,168,4223.0,4226.0
8609,ID00020,329.0,168,4223.0,4552.0
8610,ID00021,9.0,168,4227.0,4236.0
8611,ID00022,3.0,168,4223.0,4226.0
8612,ID00023,3.0,168,4560.0,4563.0
8613,ID00025,3.0,168,2708.0,2711.0
8614,ID00026,3.0,168,2704.0,2707.0
8615,ID00027,3.0,168,2704.0,2707.0
8616,ID00028,3.0,168,2704.0,2707.0
8617,ID00029,3.0,168,2704.0,2707.0
8618,ID00030,3.0,168,2704.0,2707.0
8619,ID00031,3.0,168,2704.0,2707.0
8620,ID00032,3.0,168,2704.0,2707.0
8621,ID00033,3.0,168,2704.0,2707.0
8622,ID00034,3.0,168,2704.0,2707.0
8623,ID00035,3.0,168,2704.0,2707.0
8624,ID00036,3.0,168,2704.0,2707.0
8625,ID00037,3.0,168,2704.0,2707.0
8626,ID00038,277.0,168,2702.0,2979.0
8627,ID00039,10.0,168,2702.0,2712.0
8628,ID00040,9.0,168,2703.0,2712.0
8629,ID00041,626.0,168,3608.0,4234.0
8630,ID00042,46.0,168,4237.0,4283.0
8631,ID00043,3.0,168,4297.0,4300.0
8632,ID00044,3.0,168,4297.0,4300.0
8633,ID00045,319.0,168,4297.0,4616.0
8634,ID00046,9.0,168,4301.0,4310.0
8635,ID00047,3.0,168,4297.0,4300.0
8636,ID00048,3.0,168,4624.0,4627.0
8637,finish,0.0,168,4635.0,4635.0
8638,entry,0.0,169,2700,2700.0
8639,ID00000,3.0,169,2774.0,2777.0
8640,ID00001,3.0,169,2727.0,2730.0
8641,ID00002,3.0,169,2853.0,2856.0
8642,ID00003,3.0,169,2853.0,2856.0
8643,ID00004,3.0,169,2853.0,2856.0
8644,ID00005,3.0,169,2853.0,2856.0
8645,ID00006,3.0,169,2853.0,2856.0
8646,ID00007,3.0,169,2760.0,2763.0
8647,ID00008,3.0,169,2760.0,2763.0
8648,ID00009,3.0,169,2760.0,2763.0
8649,ID00010,3.0,169,2760.0,2763.0
8650,ID00011,3.0,169,2760.0,2763.0
8651,ID00012,3.0,169,2872.0,2875.0
8652,ID00013,3.0,169,2870.0,2873.0
8653,ID00014,3.0,169,2872.0,2875.0
8654,ID00015,3.0,169,2872.0,2875.0
8655,ID00016,3.0,169,2872.0,2875.0
8656,ID00017,3.0,169,2769.0,2772.0
8657,ID00018,3.0,169,2769.0,2772.0
8658,ID00019,3.0,169,2769.0,2772.0
8659,ID00020,3.0,169,2769.0,2772.0
8660,ID00021,3.0,169,2769.0,2772.0
8661,ID00022,3.0,169,2881.0,2884.0
8662,ID00023,3.0,169,2878.0,2881.0
8663,ID00024,3.0,169,2880.0,2883.0
8664,ID00025,3.0,169,2885.0,2888.0
8665,ID00026,3.0,169,2881.0,2884.0
8666,ID00027,3.0,169,2774.0,2777.0
8667,ID00028,3.0,169,2774.0,2777.0
8668,ID00029,3.0,169,2774.0,2777.0
8669,ID00030,3.0,169,2774.0,2777.0
8670,ID00031,3.0,169,2775.0,2778.0
8671,ID00032,172.0,169,2886.0,3058.0
8672,ID00033,230.0,169,2883.0,3113.0
8673,ID00034,125.0,169,2885.0,3010.0
8674,ID00035,175.0,169,2891.0,3066.0
8675,ID00036,163.0,169,2886.0,3049.0
8676,ID00037,178.0,169,2778.0,2956.0
8677,ID00038,217.0,169,2778.0,2995.0
8678,ID00039,175.0,169,2778.0,2953.0
8679,ID00040,181.0,169,2778.0,2959.0
8680,ID00041,158.0,169,2779.0,2937.0
8681,ID00042,3.0,169,3115.0,3118.0
8682,ID00043,3.0,169,2996.0,2999.0
8683,ID00044,3.0,169,3126.0,3129.0
8684,ID00045,3.0,169,3140.0,3143.0
8685,ID00046,62.0,169,3144.0,3206.0
8686,finish,0.0,169,3207.0,3207.0
8687,entry,0.0,170,2700,2700.0
8688,ID00000,165.0,170,2723.0,2888.0
8689,ID00001,165.0,170,2723.0,2888.0
8690,ID00002,166.0,170,2723.0,2889.0
8691,ID00003,166.0,170,2723.0,2889.0
8692,ID00004,163.0,170,2723.0,2886.0
8693,ID00005,166.0,170,2723.0,2889.0
8694,ID00006,164.0,170,2723.0,2887.0
8695,ID00007,166.0,170,2723.0,2889.0
8696,ID00008,129.0,170,2930.0,3059.0
8697,ID00009,128.0,170,2931.0,3059.0
8698,ID00010,126.0,170,2930.0,3056.0
8699,ID00011,128.0,170,2931.0,3059.0
8700,ID00012,129.0,170,2930.0,3059.0
8701,ID00013,126.0,170,2931.0,3057.0
8702,ID00014,128.0,170,2931.0,3059.0
8703,ID00015,128.0,170,2931.0,3059.0
8704,ID00016,127.0,170,2931.0,3058.0
8705,ID00017,125.0,170,2931.0,3056.0
8706,ID00018,129.0,170,2931.0,3060.0
8707,ID00019,127.0,170,2931.0,3058.0
8708,ID00020,126.0,170,2931.0,3057.0
8709,ID00021,129.0,170,2931.0,3060.0
8710,ID00022,127.0,170,2931.0,3058.0
8711,ID00023,129.0,170,2931.0,3060.0
8712,ID00024,126.0,170,2928.0,3054.0
8713,ID00025,127.0,170,2931.0,3058.0
8714,ID00026,130.0,170,2931.0,3061.0
8715,ID00027,126.0,170,2931.0,3057.0
8716,ID00028,128.0,170,2931.0,3059.0
8717,ID00029,128.0,170,2930.0,3058.0
8718,ID00030,128.0,170,2931.0,3059.0
8719,ID00031,128.0,170,2931.0,3059.0
8720,ID00032,127.0,170,2931.0,3058.0
8721,ID00033,127.0,170,2931.0,3058.0
8722,ID00034,127.0,170,2931.0,3058.0
8723,ID00035,127.0,170,2931.0,3058.0
8724,ID00036,27.0,170,3067.0,3094.0
8725,ID00037,64.0,170,3097.0,3161.0
8726,ID00038,131.0,170,3164.0,3295.0
8727,ID00039,129.0,170,3164.0,3293.0
8728,ID00040,131.0,170,3164.0,3295.0
8729,ID00041,128.0,170,3164.0,3292.0
8730,ID00042,126.0,170,3164.0,3290.0
8731,ID00043,128.0,170,3164.0,3292.0
8732,ID00044,129.0,170,3164.0,3293.0
8733,ID00045,129.0,170,3164.0,3293.0
8734,ID00046,30.0,170,3337.0,3367.0
8735,ID00047,59.0,170,3370.0,3429.0
8736,ID00048,59.0,170,4081.0,4140.0
8737,ID00049,6.0,170,4154.0,4160.0
8738,finish,0.0,170,4162.0,4162.0
8739,entry,0.0,171,2700,2700.0
8740,ID00000,3.0,171,2774.0,2777.0
8741,ID00001,3.0,171,2727.0,2730.0
8742,ID00002,3.0,171,2853.0,2856.0
8743,ID00003,3.0,171,2853.0,2856.0
8744,ID00004,3.0,171,2853.0,2856.0
8745,ID00005,3.0,171,2853.0,2856.0
8746,ID00006,3.0,171,2853.0,2856.0
8747,ID00007,3.0,171,2760.0,2763.0
8748,ID00008,3.0,171,2760.0,2763.0
8749,ID00009,3.0,171,2760.0,2763.0
8750,ID00010,3.0,171,2760.0,2763.0
8751,ID00011,3.0,171,2760.0,2763.0
8752,ID00012,3.0,171,2872.0,2875.0
8753,ID00013,3.0,171,2870.0,2873.0
8754,ID00014,3.0,171,2872.0,2875.0
8755,ID00015,3.0,171,2872.0,2875.0
8756,ID00016,3.0,171,2872.0,2875.0
8757,ID00017,3.0,171,2769.0,2772.0
8758,ID00018,3.0,171,2769.0,2772.0
8759,ID00019,3.0,171,2769.0,2772.0
8760,ID00020,3.0,171,2769.0,2772.0
8761,ID00021,3.0,171,2769.0,2772.0
8762,ID00022,3.0,171,2881.0,2884.0
8763,ID00023,3.0,171,2878.0,2881.0
8764,ID00024,3.0,171,2880.0,2883.0
8765,ID00025,3.0,171,2885.0,2888.0
8766,ID00026,3.0,171,2881.0,2884.0
8767,ID00027,3.0,171,2774.0,2777.0
8768,ID00028,3.0,171,2774.0,2777.0
8769,ID00029,3.0,171,2774.0,2777.0
8770,ID00030,3.0,171,2774.0,2777.0
8771,ID00031,3.0,171,2775.0,2778.0
8772,ID00032,172.0,171,2886.0,3058.0
8773,ID00033,230.0,171,2883.0,3113.0
8774,ID00034,125.0,171,2885.0,3010.0
8775,ID00035,175.0,171,2891.0,3066.0
8776,ID00036,163.0,171,2886.0,3049.0
8777,ID00037,178.0,171,2778.0,2956.0
8778,ID00038,217.0,171,2778.0,2995.0
8779,ID00039,175.0,171,2778.0,2953.0
8780,ID00040,181.0,171,2778.0,2959.0
8781,ID00041,158.0,171,2779.0,2937.0
8782,ID00042,3.0,171,3115.0,3118.0
8783,ID00043,3.0,171,2996.0,2999.0
8784,ID00044,3.0,171,3126.0,3129.0
8785,ID00045,3.0,171,3140.0,3143.0
8786,ID00046,62.0,171,3144.0,3206.0
8787,finish,0.0,171,3207.0,3207.0
8788,entry,0.0,172,2700,2700.0
8789,ID00000,3.0,172,2774.0,2777.0
8790,ID00001,3.0,172,2727.0,2730.0
8791,ID00002,3.0,172,2853.0,2856.0
8792,ID00003,3.0,172,2853.0,2856.0
8793,ID00004,3.0,172,2853.0,2856.0
8794,ID00005,3.0,172,2853.0,2856.0
8795,ID00006,3.0,172,2853.0,2856.0
8796,ID00007,3.0,172,2760.0,2763.0
8797,ID00008,3.0,172,2760.0,2763.0
8798,ID00009,3.0,172,2760.0,2763.0
8799,ID00010,3.0,172,2760.0,2763.0
8800,ID00011,3.0,172,2760.0,2763.0
8801,ID00012,3.0,172,2872.0,2875.0
8802,ID00013,3.0,172,2870.0,2873.0
8803,ID00014,3.0,172,2872.0,2875.0
8804,ID00015,3.0,172,2872.0,2875.0
8805,ID00016,3.0,172,2872.0,2875.0
8806,ID00017,3.0,172,2769.0,2772.0
8807,ID00018,3.0,172,2769.0,2772.0
8808,ID00019,3.0,172,2769.0,2772.0
8809,ID00020,3.0,172,2769.0,2772.0
8810,ID00021,3.0,172,2769.0,2772.0
8811,ID00022,3.0,172,2881.0,2884.0
8812,ID00023,3.0,172,2878.0,2881.0
8813,ID00024,3.0,172,2880.0,2883.0
8814,ID00025,3.0,172,2885.0,2888.0
8815,ID00026,3.0,172,2881.0,2884.0
8816,ID00027,3.0,172,2774.0,2777.0
8817,ID00028,3.0,172,2774.0,2777.0
8818,ID00029,3.0,172,2774.0,2777.0
8819,ID00030,3.0,172,2774.0,2777.0
8820,ID00031,3.0,172,2775.0,2778.0
8821,ID00032,172.0,172,2886.0,3058.0
8822,ID00033,230.0,172,2883.0,3113.0
8823,ID00034,125.0,172,2885.0,3010.0
8824,ID00035,175.0,172,2891.0,3066.0
8825,ID00036,163.0,172,2886.0,3049.0
8826,ID00037,178.0,172,2778.0,2956.0
8827,ID00038,217.0,172,2778.0,2995.0
8828,ID00039,175.0,172,2778.0,2953.0
8829,ID00040,181.0,172,2778.0,2959.0
8830,ID00041,158.0,172,2779.0,2937.0
8831,ID00042,3.0,172,3115.0,3118.0
8832,ID00043,3.0,172,2996.0,2999.0
8833,ID00044,3.0,172,3126.0,3129.0
8834,ID00045,3.0,172,3140.0,3143.0
8835,ID00046,62.0,172,3144.0,3206.0
8836,finish,0.0,172,3207.0,3207.0
8837,entry,0.0,173,2700,2700.0
8838,ID00000,3.0,173,2708.0,2711.0
8839,ID00001,3.0,173,2704.0,2707.0
8840,ID00002,3.0,173,2704.0,2707.0
8841,ID00003,3.0,173,2704.0,2707.0
8842,ID00004,3.0,173,2704.0,2707.0
8843,ID00005,3.0,173,2704.0,2707.0
8844,ID00006,3.0,173,2704.0,2707.0
8845,ID00007,3.0,173,2704.0,2707.0
8846,ID00008,3.0,173,2704.0,2707.0
8847,ID00009,3.0,173,2704.0,2707.0
8848,ID00010,3.0,173,2704.0,2707.0
8849,ID00011,3.0,173,2704.0,2707.0
8850,ID00012,3.0,173,2704.0,2707.0
8851,ID00013,497.0,173,2702.0,3199.0
8852,ID00014,10.0,173,2702.0,2712.0
8853,ID00015,20.0,173,2703.0,2723.0
8854,ID00016,468.0,173,3604.0,4072.0
8855,ID00017,134.0,173,4075.0,4209.0
8856,ID00018,3.0,173,4223.0,4226.0
8857,ID00019,3.0,173,4223.0,4226.0
8858,ID00020,329.0,173,4223.0,4552.0
8859,ID00021,9.0,173,4227.0,4236.0
8860,ID00022,3.0,173,4223.0,4226.0
8861,ID00023,3.0,173,4560.0,4563.0
8862,ID00025,3.0,173,2708.0,2711.0
8863,ID00026,3.0,173,2704.0,2707.0
8864,ID00027,3.0,173,2704.0,2707.0
8865,ID00028,3.0,173,2704.0,2707.0
8866,ID00029,3.0,173,2704.0,2707.0
8867,ID00030,3.0,173,2704.0,2707.0
8868,ID00031,3.0,173,2704.0,2707.0
8869,ID00032,3.0,173,2704.0,2707.0
8870,ID00033,3.0,173,2704.0,2707.0
8871,ID00034,3.0,173,2704.0,2707.0
8872,ID00035,3.0,173,2704.0,2707.0
8873,ID00036,3.0,173,2704.0,2707.0
8874,ID00037,3.0,173,2704.0,2707.0
8875,ID00038,277.0,173,2702.0,2979.0
8876,ID00039,10.0,173,2702.0,2712.0
8877,ID00040,9.0,173,2703.0,2712.0
8878,ID00041,626.0,173,3608.0,4234.0
8879,ID00042,46.0,173,4237.0,4283.0
8880,ID00043,3.0,173,4297.0,4300.0
8881,ID00044,3.0,173,4297.0,4300.0
8882,ID00045,319.0,173,4297.0,4616.0
8883,ID00046,9.0,173,4301.0,4310.0
8884,ID00047,3.0,173,4297.0,4300.0
8885,ID00048,3.0,173,4624.0,4627.0
8886,finish,0.0,173,4635.0,4635.0
8887,entry,0.0,174,2700,2700.0
8888,ID00000,6.0,174,8687.0,8693.0
8889,ID00001,5.0,174,8658.0,8663.0
8890,ID00002,3417.0,174,4267.0,7684.0
8891,ID00003,542.0,174,7708.0,8250.0
8892,ID00004,27.0,174,8253.0,8280.0
8893,ID00005,627.0,174,7708.0,8335.0
8894,ID00006,22.0,174,8338.0,8360.0
8895,ID00007,382.0,174,7708.0,8090.0
8896,ID00008,20.0,174,8093.0,8113.0
8897,ID00009,449.0,174,7708.0,8157.0
8898,ID00010,27.0,174,8160.0,8187.0
8899,ID00011,453.0,174,7708.0,8161.0
8900,ID00012,27.0,174,8164.0,8191.0
8901,ID00013,757.0,174,7708.0,8465.0
8902,ID00014,28.0,174,8468.0,8496.0
8903,ID00015,598.0,174,7708.0,8306.0
8904,ID00016,12.0,174,8309.0,8321.0
8905,ID00017,445.0,174,7708.0,8153.0
8906,ID00018,10.0,174,8156.0,8166.0
8907,ID00019,947.0,174,7708.0,8655.0
8908,ID00020,26.0,174,8658.0,8684.0
8909,ID00021,688.0,174,7708.0,8396.0
8910,ID00022,25.0,174,8399.0,8424.0
8911,ID00023,2589.0,174,4275.0,6864.0
8912,ID00024,1086.0,174,6880.0,7966.0
8913,ID00025,15.0,174,7969.0,7984.0
8914,ID00026,669.0,174,6880.0,7549.0
8915,ID00027,21.0,174,7552.0,7573.0
8916,ID00028,784.0,174,6880.0,7664.0
8917,ID00029,21.0,174,7667.0,7688.0
8918,ID00030,937.0,174,6880.0,7817.0
8919,ID00031,11.0,174,7820.0,7831.0
8920,ID00032,541.0,174,6880.0,7421.0
8921,ID00033,22.0,174,7424.0,7446.0
8922,ID00034,518.0,174,6880.0,7398.0
8923,ID00035,20.0,174,7401.0,7421.0
8924,ID00036,1103.0,174,6880.0,7983.0
8925,ID00037,19.0,174,7986.0,8005.0
8926,ID00038,969.0,174,6880.0,7849.0
8927,ID00039,19.0,174,7852.0,7871.0
8928,ID00040,490.0,174,6880.0,7370.0
8929,ID00041,27.0,174,7373.0,7400.0
8930,ID00042,984.0,174,6880.0,7864.0
8931,ID00043,19.0,174,7867.0,7886.0
8932,ID00044,446.0,174,6880.0,7326.0
8933,ID00045,23.0,174,7329.0,7352.0
8934,ID00046,441.0,174,6880.0,7321.0
8935,ID00047,10.0,174,7324.0,7334.0
8936,ID00048,602.0,174,6880.0,7482.0
8937,ID00049,12.0,174,7485.0,7497.0
8938,finish,0.0,174,8694.0,8694.0
8939,entry,0.0,175,2700,2700.0
8940,ID00000,6.0,175,8687.0,8693.0
8941,ID00001,5.0,175,8658.0,8663.0
8942,ID00002,3417.0,175,4267.0,7684.0
8943,ID00003,542.0,175,7708.0,8250.0
8944,ID00004,27.0,175,8253.0,8280.0
8945,ID00005,627.0,175,7708.0,8335.0
8946,ID00006,22.0,175,8338.0,8360.0
8947,ID00007,382.0,175,7708.0,8090.0
8948,ID00008,20.0,175,8093.0,8113.0
8949,ID00009,449.0,175,7708.0,8157.0
8950,ID00010,27.0,175,8160.0,8187.0
8951,ID00011,453.0,175,7708.0,8161.0
8952,ID00012,27.0,175,8164.0,8191.0
8953,ID00013,757.0,175,7708.0,8465.0
8954,ID00014,28.0,175,8468.0,8496.0
8955,ID00015,598.0,175,7708.0,8306.0
8956,ID00016,12.0,175,8309.0,8321.0
8957,ID00017,445.0,175,7708.0,8153.0
8958,ID00018,10.0,175,8156.0,8166.0
8959,ID00019,947.0,175,7708.0,8655.0
8960,ID00020,26.0,175,8658.0,8684.0
8961,ID00021,688.0,175,7708.0,8396.0
8962,ID00022,25.0,175,8399.0,8424.0
8963,ID00023,2589.0,175,4275.0,6864.0
8964,ID00024,1086.0,175,6880.0,7966.0
8965,ID00025,15.0,175,7969.0,7984.0
8966,ID00026,669.0,175,6880.0,7549.0
8967,ID00027,21.0,175,7552.0,7573.0
8968,ID00028,784.0,175,6880.0,7664.0
8969,ID00029,21.0,175,7667.0,7688.0
8970,ID00030,937.0,175,6880.0,7817.0
8971,ID00031,11.0,175,7820.0,7831.0
8972,ID00032,541.0,175,6880.0,7421.0
8973,ID00033,22.0,175,7424.0,7446.0
8974,ID00034,518.0,175,6880.0,7398.0
8975,ID00035,20.0,175,7401.0,7421.0
8976,ID00036,1103.0,175,6880.0,7983.0
8977,ID00037,19.0,175,7986.0,8005.0
8978,ID00038,969.0,175,6880.0,7849.0
8979,ID00039,19.0,175,7852.0,7871.0
8980,ID00040,490.0,175,6880.0,7370.0
8981,ID00041,27.0,175,7373.0,7400.0
8982,ID00042,984.0,175,6880.0,7864.0
8983,ID00043,19.0,175,7867.0,7886.0
8984,ID00044,446.0,175,6880.0,7326.0
8985,ID00045,23.0,175,7329.0,7352.0
8986,ID00046,441.0,175,6880.0,7321.0
8987,ID00047,10.0,175,7324.0,7334.0
8988,ID00048,602.0,175,6880.0,7482.0
8989,ID00049,12.0,175,7485.0,7497.0
8990,finish,0.0,175,8694.0,8694.0
8991,entry,0.0,176,2700,2700.0
8992,ID00000,3.0,176,2774.0,2777.0
8993,ID00001,3.0,176,2727.0,2730.0
8994,ID00002,3.0,176,2853.0,2856.0
8995,ID00003,3.0,176,2853.0,2856.0
8996,ID00004,3.0,176,2853.0,2856.0
8997,ID00005,3.0,176,2853.0,2856.0
8998,ID00006,3.0,176,2853.0,2856.0
8999,ID00007,3.0,176,2760.0,2763.0
9000,ID00008,3.0,176,2760.0,2763.0
9001,ID00009,3.0,176,2760.0,2763.0
9002,ID00010,3.0,176,2760.0,2763.0
9003,ID00011,3.0,176,2760.0,2763.0
9004,ID00012,3.0,176,2872.0,2875.0
9005,ID00013,3.0,176,2870.0,2873.0
9006,ID00014,3.0,176,2872.0,2875.0
9007,ID00015,3.0,176,2872.0,2875.0
9008,ID00016,3.0,176,2872.0,2875.0
9009,ID00017,3.0,176,2769.0,2772.0
9010,ID00018,3.0,176,2769.0,2772.0
9011,ID00019,3.0,176,2769.0,2772.0
9012,ID00020,3.0,176,2769.0,2772.0
9013,ID00021,3.0,176,2769.0,2772.0
9014,ID00022,3.0,176,2881.0,2884.0
9015,ID00023,3.0,176,2878.0,2881.0
9016,ID00024,3.0,176,2880.0,2883.0
9017,ID00025,3.0,176,2885.0,2888.0
9018,ID00026,3.0,176,2881.0,2884.0
9019,ID00027,3.0,176,2774.0,2777.0
9020,ID00028,3.0,176,2774.0,2777.0
9021,ID00029,3.0,176,2774.0,2777.0
9022,ID00030,3.0,176,2774.0,2777.0
9023,ID00031,3.0,176,2775.0,2778.0
9024,ID00032,172.0,176,2886.0,3058.0
9025,ID00033,230.0,176,2883.0,3113.0
9026,ID00034,125.0,176,2885.0,3010.0
9027,ID00035,175.0,176,2891.0,3066.0
9028,ID00036,163.0,176,2886.0,3049.0
9029,ID00037,178.0,176,2778.0,2956.0
9030,ID00038,217.0,176,2778.0,2995.0
9031,ID00039,175.0,176,2778.0,2953.0
9032,ID00040,181.0,176,2778.0,2959.0
9033,ID00041,158.0,176,2779.0,2937.0
9034,ID00042,3.0,176,3115.0,3118.0
9035,ID00043,3.0,176,2996.0,2999.0
9036,ID00044,3.0,176,3126.0,3129.0
9037,ID00045,3.0,176,3140.0,3143.0
9038,ID00046,62.0,176,3144.0,3206.0
9039,finish,0.0,176,3207.0,3207.0
9040,entry,0.0,177,2700,2700.0
9041,ID00000,165.0,177,2723.0,2888.0
9042,ID00001,165.0,177,2723.0,2888.0
9043,ID00002,166.0,177,2723.0,2889.0
9044,ID00003,166.0,177,2723.0,2889.0
9045,ID00004,163.0,177,2723.0,2886.0
9046,ID00005,166.0,177,2723.0,2889.0
9047,ID00006,164.0,177,2723.0,2887.0
9048,ID00007,166.0,177,2723.0,2889.0
9049,ID00008,129.0,177,2930.0,3059.0
9050,ID00009,128.0,177,2931.0,3059.0
9051,ID00010,126.0,177,2930.0,3056.0
9052,ID00011,128.0,177,2931.0,3059.0
9053,ID00012,129.0,177,2930.0,3059.0
9054,ID00013,126.0,177,2931.0,3057.0
9055,ID00014,128.0,177,2931.0,3059.0
9056,ID00015,128.0,177,2931.0,3059.0
9057,ID00016,127.0,177,2931.0,3058.0
9058,ID00017,125.0,177,2931.0,3056.0
9059,ID00018,129.0,177,2931.0,3060.0
9060,ID00019,127.0,177,2931.0,3058.0
9061,ID00020,126.0,177,2931.0,3057.0
9062,ID00021,129.0,177,2931.0,3060.0
9063,ID00022,127.0,177,2931.0,3058.0
9064,ID00023,129.0,177,2931.0,3060.0
9065,ID00024,126.0,177,2928.0,3054.0
9066,ID00025,127.0,177,2931.0,3058.0
9067,ID00026,130.0,177,2931.0,3061.0
9068,ID00027,126.0,177,2931.0,3057.0
9069,ID00028,128.0,177,2931.0,3059.0
9070,ID00029,128.0,177,2930.0,3058.0
9071,ID00030,128.0,177,2931.0,3059.0
9072,ID00031,128.0,177,2931.0,3059.0
9073,ID00032,127.0,177,2931.0,3058.0
9074,ID00033,127.0,177,2931.0,3058.0
9075,ID00034,127.0,177,2931.0,3058.0
9076,ID00035,127.0,177,2931.0,3058.0
9077,ID00036,27.0,177,3067.0,3094.0
9078,ID00037,64.0,177,3097.0,3161.0
9079,ID00038,131.0,177,3164.0,3295.0
9080,ID00039,129.0,177,3164.0,3293.0
9081,ID00040,131.0,177,3164.0,3295.0
9082,ID00041,128.0,177,3164.0,3292.0
9083,ID00042,126.0,177,3164.0,3290.0
9084,ID00043,128.0,177,3164.0,3292.0
9085,ID00044,129.0,177,3164.0,3293.0
9086,ID00045,129.0,177,3164.0,3293.0
9087,ID00046,30.0,177,3337.0,3367.0
9088,ID00047,59.0,177,3370.0,3429.0
9089,ID00048,59.0,177,4081.0,4140.0
9090,ID00049,6.0,177,4154.0,4160.0
9091,finish,0.0,177,4162.0,4162.0
9092,entry,0.0,178,2700,2700.0
9093,ID00000,3.0,178,2708.0,2711.0
9094,ID00001,3.0,178,2704.0,2707.0
9095,ID00002,3.0,178,2704.0,2707.0
9096,ID00003,3.0,178,2704.0,2707.0
9097,ID00004,3.0,178,2704.0,2707.0
9098,ID00005,3.0,178,2704.0,2707.0
9099,ID00006,3.0,178,2704.0,2707.0
9100,ID00007,3.0,178,2704.0,2707.0
9101,ID00008,3.0,178,2704.0,2707.0
9102,ID00009,3.0,178,2704.0,2707.0
9103,ID00010,3.0,178,2704.0,2707.0
9104,ID00011,3.0,178,2704.0,2707.0
9105,ID00012,3.0,178,2704.0,2707.0
9106,ID00013,497.0,178,2702.0,3199.0
9107,ID00014,10.0,178,2702.0,2712.0
9108,ID00015,20.0,178,2703.0,2723.0
9109,ID00016,468.0,178,3604.0,4072.0
9110,ID00017,134.0,178,4075.0,4209.0
9111,ID00018,3.0,178,4223.0,4226.0
9112,ID00019,3.0,178,4223.0,4226.0
9113,ID00020,329.0,178,4223.0,4552.0
9114,ID00021,9.0,178,4227.0,4236.0
9115,ID00022,3.0,178,4223.0,4226.0
9116,ID00023,3.0,178,4560.0,4563.0
9117,ID00025,3.0,178,2708.0,2711.0
9118,ID00026,3.0,178,2704.0,2707.0
9119,ID00027,3.0,178,2704.0,2707.0
9120,ID00028,3.0,178,2704.0,2707.0
9121,ID00029,3.0,178,2704.0,2707.0
9122,ID00030,3.0,178,2704.0,2707.0
9123,ID00031,3.0,178,2704.0,2707.0
9124,ID00032,3.0,178,2704.0,2707.0
9125,ID00033,3.0,178,2704.0,2707.0
9126,ID00034,3.0,178,2704.0,2707.0
9127,ID00035,3.0,178,2704.0,2707.0
9128,ID00036,3.0,178,2704.0,2707.0
9129,ID00037,3.0,178,2704.0,2707.0
9130,ID00038,277.0,178,2702.0,2979.0
9131,ID00039,10.0,178,2702.0,2712.0
9132,ID00040,9.0,178,2703.0,2712.0
9133,ID00041,626.0,178,3608.0,4234.0
9134,ID00042,46.0,178,4237.0,4283.0
9135,ID00043,3.0,178,4297.0,4300.0
9136,ID00044,3.0,178,4297.0,4300.0
9137,ID00045,319.0,178,4297.0,4616.0
9138,ID00046,9.0,178,4301.0,4310.0
9139,ID00047,3.0,178,4297.0,4300.0
9140,ID00048,3.0,178,4624.0,4627.0
9141,finish,0.0,178,4635.0,4635.0
9142,entry,0.0,179,2700,2700.0
9143,ID00000,57.0,179,2986.0,3043.0
9144,ID00001,56.0,179,2986.0,3042.0
9145,ID00002,54.0,179,2986.0,3040.0
9146,ID00003,54.0,179,2986.0,3040.0
9147,ID00004,56.0,179,2985.0,3041.0
9148,ID00005,55.0,179,2986.0,3041.0
9149,ID00006,55.0,179,2986.0,3041.0
9150,ID00007,55.0,179,2986.0,3041.0
9151,ID00008,55.0,179,2986.0,3041.0
9152,ID00009,55.0,179,2986.0,3041.0
9153,ID00010,54.0,179,2986.0,3040.0
9154,ID00011,54.0,179,2986.0,3040.0
9155,ID00012,1768.0,179,3050.0,4818.0
9156,ID00013,1486.0,179,3050.0,4536.0
9157,ID00014,1667.0,179,3048.0,4715.0
9158,ID00015,1360.0,179,3047.0,4407.0
9159,ID00016,1286.0,179,3048.0,4334.0
9160,ID00017,1598.0,179,3048.0,4646.0
9161,ID00018,880.0,179,3048.0,3928.0
9162,ID00019,1746.0,179,3048.0,4794.0
9163,ID00020,988.0,179,3048.0,4036.0
9164,ID00021,1553.0,179,3048.0,4601.0
9165,ID00022,2027.0,179,3048.0,5075.0
9166,ID00023,1807.0,179,3047.0,4854.0
9167,ID00024,17.0,179,5078.0,5095.0
9168,ID00025,15.0,179,5098.0,5113.0
9169,ID00026,15.0,179,5098.0,5113.0
9170,ID00027,16.0,179,5098.0,5114.0
9171,ID00028,14.0,179,5098.0,5112.0
9172,ID00029,18.0,179,5098.0,5116.0
9173,ID00030,17.0,179,5098.0,5115.0
9174,ID00031,17.0,179,5098.0,5115.0
9175,ID00032,16.0,179,5098.0,5114.0
9176,ID00033,16.0,179,5098.0,5114.0
9177,ID00034,17.0,179,5098.0,5115.0
9178,ID00035,15.0,179,5098.0,5113.0
9179,ID00036,13.0,179,5098.0,5111.0
9180,ID00037,1607.0,179,5116.0,6723.0
9181,ID00038,1213.0,179,5116.0,6329.0
9182,ID00039,1186.0,179,5117.0,6303.0
9183,ID00040,1749.0,179,5115.0,6864.0
9184,ID00041,1473.0,179,5119.0,6592.0
9185,ID00042,1670.0,179,5118.0,6788.0
9186,ID00043,1139.0,179,5118.0,6257.0
9187,ID00044,1855.0,179,5117.0,6972.0
9188,ID00045,2015.0,179,5117.0,7132.0
9189,ID00046,2007.0,179,5118.0,7125.0
9190,ID00047,1767.0,179,5116.0,6883.0
9191,ID00048,911.0,179,5114.0,6025.0
9192,ID00049,16.0,179,7135.0,7151.0
9193,finish,0.0,179,7152.0,7152.0
9194,entry,0.0,180,2700,2700.0
9195,ID00000,57.0,180,2986.0,3043.0
9196,ID00001,56.0,180,2986.0,3042.0
9197,ID00002,54.0,180,2986.0,3040.0
9198,ID00003,54.0,180,2986.0,3040.0
9199,ID00004,56.0,180,2985.0,3041.0
9200,ID00005,55.0,180,2986.0,3041.0
9201,ID00006,55.0,180,2986.0,3041.0
9202,ID00007,55.0,180,2986.0,3041.0
9203,ID00008,55.0,180,2986.0,3041.0
9204,ID00009,55.0,180,2986.0,3041.0
9205,ID00010,54.0,180,2986.0,3040.0
9206,ID00011,54.0,180,2986.0,3040.0
9207,ID00012,1768.0,180,3050.0,4818.0
9208,ID00013,1486.0,180,3050.0,4536.0
9209,ID00014,1667.0,180,3048.0,4715.0
9210,ID00015,1360.0,180,3047.0,4407.0
9211,ID00016,1286.0,180,3048.0,4334.0
9212,ID00017,1598.0,180,3048.0,4646.0
9213,ID00018,880.0,180,3048.0,3928.0
9214,ID00019,1746.0,180,3048.0,4794.0
9215,ID00020,988.0,180,3048.0,4036.0
9216,ID00021,1553.0,180,3048.0,4601.0
9217,ID00022,2027.0,180,3048.0,5075.0
9218,ID00023,1807.0,180,3047.0,4854.0
9219,ID00024,17.0,180,5078.0,5095.0
9220,ID00025,15.0,180,5098.0,5113.0
9221,ID00026,15.0,180,5098.0,5113.0
9222,ID00027,16.0,180,5098.0,5114.0
9223,ID00028,14.0,180,5098.0,5112.0
9224,ID00029,18.0,180,5098.0,5116.0
9225,ID00030,17.0,180,5098.0,5115.0
9226,ID00031,17.0,180,5098.0,5115.0
9227,ID00032,16.0,180,5098.0,5114.0
9228,ID00033,16.0,180,5098.0,5114.0
9229,ID00034,17.0,180,5098.0,5115.0
9230,ID00035,15.0,180,5098.0,5113.0
9231,ID00036,13.0,180,5098.0,5111.0
9232,ID00037,1607.0,180,5116.0,6723.0
9233,ID00038,1213.0,180,5116.0,6329.0
9234,ID00039,1186.0,180,5117.0,6303.0
9235,ID00040,1749.0,180,5115.0,6864.0
9236,ID00041,1473.0,180,5119.0,6592.0
9237,ID00042,1670.0,180,5118.0,6788.0
9238,ID00043,1139.0,180,5118.0,6257.0
9239,ID00044,1855.0,180,5117.0,6972.0
9240,ID00045,2015.0,180,5117.0,7132.0
9241,ID00046,2007.0,180,5118.0,7125.0
9242,ID00047,1767.0,180,5116.0,6883.0
9243,ID00048,911.0,180,5114.0,6025.0
9244,ID00049,16.0,180,7135.0,7151.0
9245,finish,0.0,180,7152.0,7152.0
9246,entry,0.0,181,2700,2700.0
9247,ID00000,6.0,181,8687.0,8693.0
9248,ID00001,5.0,181,8658.0,8663.0
9249,ID00002,3417.0,181,4267.0,7684.0
9250,ID00003,542.0,181,7708.0,8250.0
9251,ID00004,27.0,181,8253.0,8280.0
9252,ID00005,627.0,181,7708.0,8335.0
9253,ID00006,22.0,181,8338.0,8360.0
9254,ID00007,382.0,181,7708.0,8090.0
9255,ID00008,20.0,181,8093.0,8113.0
9256,ID00009,449.0,181,7708.0,8157.0
9257,ID00010,27.0,181,8160.0,8187.0
9258,ID00011,453.0,181,7708.0,8161.0
9259,ID00012,27.0,181,8164.0,8191.0
9260,ID00013,757.0,181,7708.0,8465.0
9261,ID00014,28.0,181,8468.0,8496.0
9262,ID00015,598.0,181,7708.0,8306.0
9263,ID00016,12.0,181,8309.0,8321.0
9264,ID00017,445.0,181,7708.0,8153.0
9265,ID00018,10.0,181,8156.0,8166.0
9266,ID00019,947.0,181,7708.0,8655.0
9267,ID00020,26.0,181,8658.0,8684.0
9268,ID00021,688.0,181,7708.0,8396.0
9269,ID00022,25.0,181,8399.0,8424.0
9270,ID00023,2589.0,181,4275.0,6864.0
9271,ID00024,1086.0,181,6880.0,7966.0
9272,ID00025,15.0,181,7969.0,7984.0
9273,ID00026,669.0,181,6880.0,7549.0
9274,ID00027,21.0,181,7552.0,7573.0
9275,ID00028,784.0,181,6880.0,7664.0
9276,ID00029,21.0,181,7667.0,7688.0
9277,ID00030,937.0,181,6880.0,7817.0
9278,ID00031,11.0,181,7820.0,7831.0
9279,ID00032,541.0,181,6880.0,7421.0
9280,ID00033,22.0,181,7424.0,7446.0
9281,ID00034,518.0,181,6880.0,7398.0
9282,ID00035,20.0,181,7401.0,7421.0
9283,ID00036,1103.0,181,6880.0,7983.0
9284,ID00037,19.0,181,7986.0,8005.0
9285,ID00038,969.0,181,6880.0,7849.0
9286,ID00039,19.0,181,7852.0,7871.0
9287,ID00040,490.0,181,6880.0,7370.0
9288,ID00041,27.0,181,7373.0,7400.0
9289,ID00042,984.0,181,6880.0,7864.0
9290,ID00043,19.0,181,7867.0,7886.0
9291,ID00044,446.0,181,6880.0,7326.0
9292,ID00045,23.0,181,7329.0,7352.0
9293,ID00046,441.0,181,6880.0,7321.0
9294,ID00047,10.0,181,7324.0,7334.0
9295,ID00048,602.0,181,6880.0,7482.0
9296,ID00049,12.0,181,7485.0,7497.0
9297,finish,0.0,181,8694.0,8694.0
9298,entry,0.0,182,2700,2700.0
9299,ID00000,3.0,182,2774.0,2777.0
9300,ID00001,3.0,182,2727.0,2730.0
9301,ID00002,3.0,182,2853.0,2856.0
9302,ID00003,3.0,182,2853.0,2856.0
9303,ID00004,3.0,182,2853.0,2856.0
9304,ID00005,3.0,182,2853.0,2856.0
9305,ID00006,3.0,182,2853.0,2856.0
9306,ID00007,3.0,182,2760.0,2763.0
9307,ID00008,3.0,182,2760.0,2763.0
9308,ID00009,3.0,182,2760.0,2763.0
9309,ID00010,3.0,182,2760.0,2763.0
9310,ID00011,3.0,182,2760.0,2763.0
9311,ID00012,3.0,182,2872.0,2875.0
9312,ID00013,3.0,182,2870.0,2873.0
9313,ID00014,3.0,182,2872.0,2875.0
9314,ID00015,3.0,182,2872.0,2875.0
9315,ID00016,3.0,182,2872.0,2875.0
9316,ID00017,3.0,182,2769.0,2772.0
9317,ID00018,3.0,182,2769.0,2772.0
9318,ID00019,3.0,182,2769.0,2772.0
9319,ID00020,3.0,182,2769.0,2772.0
9320,ID00021,3.0,182,2769.0,2772.0
9321,ID00022,3.0,182,2881.0,2884.0
9322,ID00023,3.0,182,2878.0,2881.0
9323,ID00024,3.0,182,2880.0,2883.0
9324,ID00025,3.0,182,2885.0,2888.0
9325,ID00026,3.0,182,2881.0,2884.0
9326,ID00027,3.0,182,2774.0,2777.0
9327,ID00028,3.0,182,2774.0,2777.0
9328,ID00029,3.0,182,2774.0,2777.0
9329,ID00030,3.0,182,2774.0,2777.0
9330,ID00031,3.0,182,2775.0,2778.0
9331,ID00032,172.0,182,2886.0,3058.0
9332,ID00033,230.0,182,2883.0,3113.0
9333,ID00034,125.0,182,2885.0,3010.0
9334,ID00035,175.0,182,2891.0,3066.0
9335,ID00036,163.0,182,2886.0,3049.0
9336,ID00037,178.0,182,2778.0,2956.0
9337,ID00038,217.0,182,2778.0,2995.0
9338,ID00039,175.0,182,2778.0,2953.0
9339,ID00040,181.0,182,2778.0,2959.0
9340,ID00041,158.0,182,2779.0,2937.0
9341,ID00042,3.0,182,3115.0,3118.0
9342,ID00043,3.0,182,2996.0,2999.0
9343,ID00044,3.0,182,3126.0,3129.0
9344,ID00045,3.0,182,3140.0,3143.0
9345,ID00046,62.0,182,3144.0,3206.0
9346,finish,0.0,182,3207.0,3207.0
9347,entry,0.0,183,2700,2700.0
9348,ID00000,165.0,183,2723.0,2888.0
9349,ID00001,165.0,183,2723.0,2888.0
9350,ID00002,166.0,183,2723.0,2889.0
9351,ID00003,166.0,183,2723.0,2889.0
9352,ID00004,163.0,183,2723.0,2886.0
9353,ID00005,166.0,183,2723.0,2889.0
9354,ID00006,164.0,183,2723.0,2887.0
9355,ID00007,166.0,183,2723.0,2889.0
9356,ID00008,129.0,183,2930.0,3059.0
9357,ID00009,128.0,183,2931.0,3059.0
9358,ID00010,126.0,183,2930.0,3056.0
9359,ID00011,128.0,183,2931.0,3059.0
9360,ID00012,129.0,183,2930.0,3059.0
9361,ID00013,126.0,183,2931.0,3057.0
9362,ID00014,128.0,183,2931.0,3059.0
9363,ID00015,128.0,183,2931.0,3059.0
9364,ID00016,127.0,183,2931.0,3058.0
9365,ID00017,125.0,183,2931.0,3056.0
9366,ID00018,129.0,183,2931.0,3060.0
9367,ID00019,127.0,183,2931.0,3058.0
9368,ID00020,126.0,183,2931.0,3057.0
9369,ID00021,129.0,183,2931.0,3060.0
9370,ID00022,127.0,183,2931.0,3058.0
9371,ID00023,129.0,183,2931.0,3060.0
9372,ID00024,126.0,183,2928.0,3054.0
9373,ID00025,127.0,183,2931.0,3058.0
9374,ID00026,130.0,183,2931.0,3061.0
9375,ID00027,126.0,183,2931.0,3057.0
9376,ID00028,128.0,183,2931.0,3059.0
9377,ID00029,128.0,183,2930.0,3058.0
9378,ID00030,128.0,183,2931.0,3059.0
9379,ID00031,128.0,183,2931.0,3059.0
9380,ID00032,127.0,183,2931.0,3058.0
9381,ID00033,127.0,183,2931.0,3058.0
9382,ID00034,127.0,183,2931.0,3058.0
9383,ID00035,127.0,183,2931.0,3058.0
9384,ID00036,27.0,183,3067.0,3094.0
9385,ID00037,64.0,183,3097.0,3161.0
9386,ID00038,131.0,183,3164.0,3295.0
9387,ID00039,129.0,183,3164.0,3293.0
9388,ID00040,131.0,183,3164.0,3295.0
9389,ID00041,128.0,183,3164.0,3292.0
9390,ID00042,126.0,183,3164.0,3290.0
9391,ID00043,128.0,183,3164.0,3292.0
9392,ID00044,129.0,183,3164.0,3293.0
9393,ID00045,129.0,183,3164.0,3293.0
9394,ID00046,30.0,183,3337.0,3367.0
9395,ID00047,59.0,183,3370.0,3429.0
9396,ID00048,59.0,183,4081.0,4140.0
9397,ID00049,6.0,183,4154.0,4160.0
9398,finish,0.0,183,4162.0,4162.0
9399,entry,0.0,184,2700,2700.0
9400,ID00000,165.0,184,2723.0,2888.0
9401,ID00001,165.0,184,2723.0,2888.0
9402,ID00002,166.0,184,2723.0,2889.0
9403,ID00003,166.0,184,2723.0,2889.0
9404,ID00004,163.0,184,2723.0,2886.0
9405,ID00005,166.0,184,2723.0,2889.0
9406,ID00006,164.0,184,2723.0,2887.0
9407,ID00007,166.0,184,2723.0,2889.0
9408,ID00008,129.0,184,2930.0,3059.0
9409,ID00009,128.0,184,2931.0,3059.0
9410,ID00010,126.0,184,2930.0,3056.0
9411,ID00011,128.0,184,2931.0,3059.0
9412,ID00012,129.0,184,2930.0,3059.0
9413,ID00013,126.0,184,2931.0,3057.0
9414,ID00014,128.0,184,2931.0,3059.0
9415,ID00015,128.0,184,2931.0,3059.0
9416,ID00016,127.0,184,2931.0,3058.0
9417,ID00017,125.0,184,2931.0,3056.0
9418,ID00018,129.0,184,2931.0,3060.0
9419,ID00019,127.0,184,2931.0,3058.0
9420,ID00020,126.0,184,2931.0,3057.0
9421,ID00021,129.0,184,2931.0,3060.0
9422,ID00022,127.0,184,2931.0,3058.0
9423,ID00023,129.0,184,2931.0,3060.0
9424,ID00024,126.0,184,2928.0,3054.0
9425,ID00025,127.0,184,2931.0,3058.0
9426,ID00026,130.0,184,2931.0,3061.0
9427,ID00027,126.0,184,2931.0,3057.0
9428,ID00028,128.0,184,2931.0,3059.0
9429,ID00029,128.0,184,2930.0,3058.0
9430,ID00030,128.0,184,2931.0,3059.0
9431,ID00031,128.0,184,2931.0,3059.0
9432,ID00032,127.0,184,2931.0,3058.0
9433,ID00033,127.0,184,2931.0,3058.0
9434,ID00034,127.0,184,2931.0,3058.0
9435,ID00035,127.0,184,2931.0,3058.0
9436,ID00036,27.0,184,3067.0,3094.0
9437,ID00037,64.0,184,3097.0,3161.0
9438,ID00038,131.0,184,3164.0,3295.0
9439,ID00039,129.0,184,3164.0,3293.0
9440,ID00040,131.0,184,3164.0,3295.0
9441,ID00041,128.0,184,3164.0,3292.0
9442,ID00042,126.0,184,3164.0,3290.0
9443,ID00043,128.0,184,3164.0,3292.0
9444,ID00044,129.0,184,3164.0,3293.0
9445,ID00045,129.0,184,3164.0,3293.0
9446,ID00046,30.0,184,3337.0,3367.0
9447,ID00047,59.0,184,3370.0,3429.0
9448,ID00048,59.0,184,4081.0,4140.0
9449,ID00049,6.0,184,4154.0,4160.0
9450,finish,0.0,184,4162.0,4162.0
9451,entry,0.0,185,2700,2700.0
9452,ID00000,6.0,185,8687.0,8693.0
9453,ID00001,5.0,185,8658.0,8663.0
9454,ID00002,3417.0,185,4267.0,7684.0
9455,ID00003,542.0,185,7708.0,8250.0
9456,ID00004,27.0,185,8253.0,8280.0
9457,ID00005,627.0,185,7708.0,8335.0
9458,ID00006,22.0,185,8338.0,8360.0
9459,ID00007,382.0,185,7708.0,8090.0
9460,ID00008,20.0,185,8093.0,8113.0
9461,ID00009,449.0,185,7708.0,8157.0
9462,ID00010,27.0,185,8160.0,8187.0
9463,ID00011,453.0,185,7708.0,8161.0
9464,ID00012,27.0,185,8164.0,8191.0
9465,ID00013,757.0,185,7708.0,8465.0
9466,ID00014,28.0,185,8468.0,8496.0
9467,ID00015,598.0,185,7708.0,8306.0
9468,ID00016,12.0,185,8309.0,8321.0
9469,ID00017,445.0,185,7708.0,8153.0
9470,ID00018,10.0,185,8156.0,8166.0
9471,ID00019,947.0,185,7708.0,8655.0
9472,ID00020,26.0,185,8658.0,8684.0
9473,ID00021,688.0,185,7708.0,8396.0
9474,ID00022,25.0,185,8399.0,8424.0
9475,ID00023,2589.0,185,4275.0,6864.0
9476,ID00024,1086.0,185,6880.0,7966.0
9477,ID00025,15.0,185,7969.0,7984.0
9478,ID00026,669.0,185,6880.0,7549.0
9479,ID00027,21.0,185,7552.0,7573.0
9480,ID00028,784.0,185,6880.0,7664.0
9481,ID00029,21.0,185,7667.0,7688.0
9482,ID00030,937.0,185,6880.0,7817.0
9483,ID00031,11.0,185,7820.0,7831.0
9484,ID00032,541.0,185,6880.0,7421.0
9485,ID00033,22.0,185,7424.0,7446.0
9486,ID00034,518.0,185,6880.0,7398.0
9487,ID00035,20.0,185,7401.0,7421.0
9488,ID00036,1103.0,185,6880.0,7983.0
9489,ID00037,19.0,185,7986.0,8005.0
9490,ID00038,969.0,185,6880.0,7849.0
9491,ID00039,19.0,185,7852.0,7871.0
9492,ID00040,490.0,185,6880.0,7370.0
9493,ID00041,27.0,185,7373.0,7400.0
9494,ID00042,984.0,185,6880.0,7864.0
9495,ID00043,19.0,185,7867.0,7886.0
9496,ID00044,446.0,185,6880.0,7326.0
9497,ID00045,23.0,185,7329.0,7352.0
9498,ID00046,441.0,185,6880.0,7321.0
9499,ID00047,10.0,185,7324.0,7334.0
9500,ID00048,602.0,185,6880.0,7482.0
9501,ID00049,12.0,185,7485.0,7497.0
9502,finish,0.0,185,8694.0,8694.0
9503,entry,0.0,186,2700,2700.0
9504,ID00000,6.0,186,8687.0,8693.0
9505,ID00001,5.0,186,8658.0,8663.0
9506,ID00002,3417.0,186,4267.0,7684.0
9507,ID00003,542.0,186,7708.0,8250.0
9508,ID00004,27.0,186,8253.0,8280.0
9509,ID00005,627.0,186,7708.0,8335.0
9510,ID00006,22.0,186,8338.0,8360.0
9511,ID00007,382.0,186,7708.0,8090.0
9512,ID00008,20.0,186,8093.0,8113.0
9513,ID00009,449.0,186,7708.0,8157.0
9514,ID00010,27.0,186,8160.0,8187.0
9515,ID00011,453.0,186,7708.0,8161.0
9516,ID00012,27.0,186,8164.0,8191.0
9517,ID00013,757.0,186,7708.0,8465.0
9518,ID00014,28.0,186,8468.0,8496.0
9519,ID00015,598.0,186,7708.0,8306.0
9520,ID00016,12.0,186,8309.0,8321.0
9521,ID00017,445.0,186,7708.0,8153.0
9522,ID00018,10.0,186,8156.0,8166.0
9523,ID00019,947.0,186,7708.0,8655.0
9524,ID00020,26.0,186,8658.0,8684.0
9525,ID00021,688.0,186,7708.0,8396.0
9526,ID00022,25.0,186,8399.0,8424.0
9527,ID00023,2589.0,186,4275.0,6864.0
9528,ID00024,1086.0,186,6880.0,7966.0
9529,ID00025,15.0,186,7969.0,7984.0
9530,ID00026,669.0,186,6880.0,7549.0
9531,ID00027,21.0,186,7552.0,7573.0
9532,ID00028,784.0,186,6880.0,7664.0
9533,ID00029,21.0,186,7667.0,7688.0
9534,ID00030,937.0,186,6880.0,7817.0
9535,ID00031,11.0,186,7820.0,7831.0
9536,ID00032,541.0,186,6880.0,7421.0
9537,ID00033,22.0,186,7424.0,7446.0
9538,ID00034,518.0,186,6880.0,7398.0
9539,ID00035,20.0,186,7401.0,7421.0
9540,ID00036,1103.0,186,6880.0,7983.0
9541,ID00037,19.0,186,7986.0,8005.0
9542,ID00038,969.0,186,6880.0,7849.0
9543,ID00039,19.0,186,7852.0,7871.0
9544,ID00040,490.0,186,6880.0,7370.0
9545,ID00041,27.0,186,7373.0,7400.0
9546,ID00042,984.0,186,6880.0,7864.0
9547,ID00043,19.0,186,7867.0,7886.0
9548,ID00044,446.0,186,6880.0,7326.0
9549,ID00045,23.0,186,7329.0,7352.0
9550,ID00046,441.0,186,6880.0,7321.0
9551,ID00047,10.0,186,7324.0,7334.0
9552,ID00048,602.0,186,6880.0,7482.0
9553,ID00049,12.0,186,7485.0,7497.0
9554,finish,0.0,186,8694.0,8694.0
9555,entry,0.0,187,2700,2700.0
9556,ID00000,165.0,187,2723.0,2888.0
9557,ID00001,165.0,187,2723.0,2888.0
9558,ID00002,166.0,187,2723.0,2889.0
9559,ID00003,166.0,187,2723.0,2889.0
9560,ID00004,163.0,187,2723.0,2886.0
9561,ID00005,166.0,187,2723.0,2889.0
9562,ID00006,164.0,187,2723.0,2887.0
9563,ID00007,166.0,187,2723.0,2889.0
9564,ID00008,129.0,187,2930.0,3059.0
9565,ID00009,128.0,187,2931.0,3059.0
9566,ID00010,126.0,187,2930.0,3056.0
9567,ID00011,128.0,187,2931.0,3059.0
9568,ID00012,129.0,187,2930.0,3059.0
9569,ID00013,126.0,187,2931.0,3057.0
9570,ID00014,128.0,187,2931.0,3059.0
9571,ID00015,128.0,187,2931.0,3059.0
9572,ID00016,127.0,187,2931.0,3058.0
9573,ID00017,125.0,187,2931.0,3056.0
9574,ID00018,129.0,187,2931.0,3060.0
9575,ID00019,127.0,187,2931.0,3058.0
9576,ID00020,126.0,187,2931.0,3057.0
9577,ID00021,129.0,187,2931.0,3060.0
9578,ID00022,127.0,187,2931.0,3058.0
9579,ID00023,129.0,187,2931.0,3060.0
9580,ID00024,126.0,187,2928.0,3054.0
9581,ID00025,127.0,187,2931.0,3058.0
9582,ID00026,130.0,187,2931.0,3061.0
9583,ID00027,126.0,187,2931.0,3057.0
9584,ID00028,128.0,187,2931.0,3059.0
9585,ID00029,128.0,187,2930.0,3058.0
9586,ID00030,128.0,187,2931.0,3059.0
9587,ID00031,128.0,187,2931.0,3059.0
9588,ID00032,127.0,187,2931.0,3058.0
9589,ID00033,127.0,187,2931.0,3058.0
9590,ID00034,127.0,187,2931.0,3058.0
9591,ID00035,127.0,187,2931.0,3058.0
9592,ID00036,27.0,187,3067.0,3094.0
9593,ID00037,64.0,187,3097.0,3161.0
9594,ID00038,131.0,187,3164.0,3295.0
9595,ID00039,129.0,187,3164.0,3293.0
9596,ID00040,131.0,187,3164.0,3295.0
9597,ID00041,128.0,187,3164.0,3292.0
9598,ID00042,126.0,187,3164.0,3290.0
9599,ID00043,128.0,187,3164.0,3292.0
9600,ID00044,129.0,187,3164.0,3293.0
9601,ID00045,129.0,187,3164.0,3293.0
9602,ID00046,30.0,187,3337.0,3367.0
9603,ID00047,59.0,187,3370.0,3429.0
9604,ID00048,59.0,187,4081.0,4140.0
9605,ID00049,6.0,187,4154.0,4160.0
9606,finish,0.0,187,4162.0,4162.0
9607,entry,0.0,188,2700,2700.0
9608,ID00000,3.0,188,2774.0,2777.0
9609,ID00001,3.0,188,2727.0,2730.0
9610,ID00002,3.0,188,2853.0,2856.0
9611,ID00003,3.0,188,2853.0,2856.0
9612,ID00004,3.0,188,2853.0,2856.0
9613,ID00005,3.0,188,2853.0,2856.0
9614,ID00006,3.0,188,2853.0,2856.0
9615,ID00007,3.0,188,2760.0,2763.0
9616,ID00008,3.0,188,2760.0,2763.0
9617,ID00009,3.0,188,2760.0,2763.0
9618,ID00010,3.0,188,2760.0,2763.0
9619,ID00011,3.0,188,2760.0,2763.0
9620,ID00012,3.0,188,2872.0,2875.0
9621,ID00013,3.0,188,2870.0,2873.0
9622,ID00014,3.0,188,2872.0,2875.0
9623,ID00015,3.0,188,2872.0,2875.0
9624,ID00016,3.0,188,2872.0,2875.0
9625,ID00017,3.0,188,2769.0,2772.0
9626,ID00018,3.0,188,2769.0,2772.0
9627,ID00019,3.0,188,2769.0,2772.0
9628,ID00020,3.0,188,2769.0,2772.0
9629,ID00021,3.0,188,2769.0,2772.0
9630,ID00022,3.0,188,2881.0,2884.0
9631,ID00023,3.0,188,2878.0,2881.0
9632,ID00024,3.0,188,2880.0,2883.0
9633,ID00025,3.0,188,2885.0,2888.0
9634,ID00026,3.0,188,2881.0,2884.0
9635,ID00027,3.0,188,2774.0,2777.0
9636,ID00028,3.0,188,2774.0,2777.0
9637,ID00029,3.0,188,2774.0,2777.0
9638,ID00030,3.0,188,2774.0,2777.0
9639,ID00031,3.0,188,2775.0,2778.0
9640,ID00032,172.0,188,2886.0,3058.0
9641,ID00033,230.0,188,2883.0,3113.0
9642,ID00034,125.0,188,2885.0,3010.0
9643,ID00035,175.0,188,2891.0,3066.0
9644,ID00036,163.0,188,2886.0,3049.0
9645,ID00037,178.0,188,2778.0,2956.0
9646,ID00038,217.0,188,2778.0,2995.0
9647,ID00039,175.0,188,2778.0,2953.0
9648,ID00040,181.0,188,2778.0,2959.0
9649,ID00041,158.0,188,2779.0,2937.0
9650,ID00042,3.0,188,3115.0,3118.0
9651,ID00043,3.0,188,2996.0,2999.0
9652,ID00044,3.0,188,3126.0,3129.0
9653,ID00045,3.0,188,3140.0,3143.0
9654,ID00046,62.0,188,3144.0,3206.0
9655,finish,0.0,188,3207.0,3207.0
9656,entry,0.0,189,2700,2700.0
9657,ID00000,6.0,189,8687.0,8693.0
9658,ID00001,5.0,189,8658.0,8663.0
9659,ID00002,3417.0,189,4267.0,7684.0
9660,ID00003,542.0,189,7708.0,8250.0
9661,ID00004,27.0,189,8253.0,8280.0
9662,ID00005,627.0,189,7708.0,8335.0
9663,ID00006,22.0,189,8338.0,8360.0
9664,ID00007,382.0,189,7708.0,8090.0
9665,ID00008,20.0,189,8093.0,8113.0
9666,ID00009,449.0,189,7708.0,8157.0
9667,ID00010,27.0,189,8160.0,8187.0
9668,ID00011,453.0,189,7708.0,8161.0
9669,ID00012,27.0,189,8164.0,8191.0
9670,ID00013,757.0,189,7708.0,8465.0
9671,ID00014,28.0,189,8468.0,8496.0
9672,ID00015,598.0,189,7708.0,8306.0
9673,ID00016,12.0,189,8309.0,8321.0
9674,ID00017,445.0,189,7708.0,8153.0
9675,ID00018,10.0,189,8156.0,8166.0
9676,ID00019,947.0,189,7708.0,8655.0
9677,ID00020,26.0,189,8658.0,8684.0
9678,ID00021,688.0,189,7708.0,8396.0
9679,ID00022,25.0,189,8399.0,8424.0
9680,ID00023,2589.0,189,4275.0,6864.0
9681,ID00024,1086.0,189,6880.0,7966.0
9682,ID00025,15.0,189,7969.0,7984.0
9683,ID00026,669.0,189,6880.0,7549.0
9684,ID00027,21.0,189,7552.0,7573.0
9685,ID00028,784.0,189,6880.0,7664.0
9686,ID00029,21.0,189,7667.0,7688.0
9687,ID00030,937.0,189,6880.0,7817.0
9688,ID00031,11.0,189,7820.0,7831.0
9689,ID00032,541.0,189,6880.0,7421.0
9690,ID00033,22.0,189,7424.0,7446.0
9691,ID00034,518.0,189,6880.0,7398.0
9692,ID00035,20.0,189,7401.0,7421.0
9693,ID00036,1103.0,189,6880.0,7983.0
9694,ID00037,19.0,189,7986.0,8005.0
9695,ID00038,969.0,189,6880.0,7849.0
9696,ID00039,19.0,189,7852.0,7871.0
9697,ID00040,490.0,189,6880.0,7370.0
9698,ID00041,27.0,189,7373.0,7400.0
9699,ID00042,984.0,189,6880.0,7864.0
9700,ID00043,19.0,189,7867.0,7886.0
9701,ID00044,446.0,189,6880.0,7326.0
9702,ID00045,23.0,189,7329.0,7352.0
9703,ID00046,441.0,189,6880.0,7321.0
9704,ID00047,10.0,189,7324.0,7334.0
9705,ID00048,602.0,189,6880.0,7482.0
9706,ID00049,12.0,189,7485.0,7497.0
9707,finish,0.0,189,8694.0,8694.0
9708,entry,0.0,190,2700,2700.0
9709,ID00000,3.0,190,2774.0,2777.0
9710,ID00001,3.0,190,2727.0,2730.0
9711,ID00002,3.0,190,2853.0,2856.0
9712,ID00003,3.0,190,2853.0,2856.0
9713,ID00004,3.0,190,2853.0,2856.0
9714,ID00005,3.0,190,2853.0,2856.0
9715,ID00006,3.0,190,2853.0,2856.0
9716,ID00007,3.0,190,2760.0,2763.0
9717,ID00008,3.0,190,2760.0,2763.0
9718,ID00009,3.0,190,2760.0,2763.0
9719,ID00010,3.0,190,2760.0,2763.0
9720,ID00011,3.0,190,2760.0,2763.0
9721,ID00012,3.0,190,2872.0,2875.0
9722,ID00013,3.0,190,2870.0,2873.0
9723,ID00014,3.0,190,2872.0,2875.0
9724,ID00015,3.0,190,2872.0,2875.0
9725,ID00016,3.0,190,2872.0,2875.0
9726,ID00017,3.0,190,2769.0,2772.0
9727,ID00018,3.0,190,2769.0,2772.0
9728,ID00019,3.0,190,2769.0,2772.0
9729,ID00020,3.0,190,2769.0,2772.0
9730,ID00021,3.0,190,2769.0,2772.0
9731,ID00022,3.0,190,2881.0,2884.0
9732,ID00023,3.0,190,2878.0,2881.0
9733,ID00024,3.0,190,2880.0,2883.0
9734,ID00025,3.0,190,2885.0,2888.0
9735,ID00026,3.0,190,2881.0,2884.0
9736,ID00027,3.0,190,2774.0,2777.0
9737,ID00028,3.0,190,2774.0,2777.0
9738,ID00029,3.0,190,2774.0,2777.0
9739,ID00030,3.0,190,2774.0,2777.0
9740,ID00031,3.0,190,2775.0,2778.0
9741,ID00032,172.0,190,2886.0,3058.0
9742,ID00033,230.0,190,2883.0,3113.0
9743,ID00034,125.0,190,2885.0,3010.0
9744,ID00035,175.0,190,2891.0,3066.0
9745,ID00036,163.0,190,2886.0,3049.0
9746,ID00037,178.0,190,2778.0,2956.0
9747,ID00038,217.0,190,2778.0,2995.0
9748,ID00039,175.0,190,2778.0,2953.0
9749,ID00040,181.0,190,2778.0,2959.0
9750,ID00041,158.0,190,2779.0,2937.0
9751,ID00042,3.0,190,3115.0,3118.0
9752,ID00043,3.0,190,2996.0,2999.0
9753,ID00044,3.0,190,3126.0,3129.0
9754,ID00045,3.0,190,3140.0,3143.0
9755,ID00046,62.0,190,3144.0,3206.0
9756,finish,0.0,190,3207.0,3207.0
9757,entry,0.0,191,2700,2700.0
9758,ID00000,3.0,191,2708.0,2711.0
9759,ID00001,3.0,191,2704.0,2707.0
9760,ID00002,3.0,191,2704.0,2707.0
9761,ID00003,3.0,191,2704.0,2707.0
9762,ID00004,3.0,191,2704.0,2707.0
9763,ID00005,3.0,191,2704.0,2707.0
9764,ID00006,3.0,191,2704.0,2707.0
9765,ID00007,3.0,191,2704.0,2707.0
9766,ID00008,3.0,191,2704.0,2707.0
9767,ID00009,3.0,191,2704.0,2707.0
9768,ID00010,3.0,191,2704.0,2707.0
9769,ID00011,3.0,191,2704.0,2707.0
9770,ID00012,3.0,191,2704.0,2707.0
9771,ID00013,497.0,191,2702.0,3199.0
9772,ID00014,10.0,191,2702.0,2712.0
9773,ID00015,20.0,191,2703.0,2723.0
9774,ID00016,468.0,191,3604.0,4072.0
9775,ID00017,134.0,191,4075.0,4209.0
9776,ID00018,3.0,191,4223.0,4226.0
9777,ID00019,3.0,191,4223.0,4226.0
9778,ID00020,329.0,191,4223.0,4552.0
9779,ID00021,9.0,191,4227.0,4236.0
9780,ID00022,3.0,191,4223.0,4226.0
9781,ID00023,3.0,191,4560.0,4563.0
9782,ID00025,3.0,191,2708.0,2711.0
9783,ID00026,3.0,191,2704.0,2707.0
9784,ID00027,3.0,191,2704.0,2707.0
9785,ID00028,3.0,191,2704.0,2707.0
9786,ID00029,3.0,191,2704.0,2707.0
9787,ID00030,3.0,191,2704.0,2707.0
9788,ID00031,3.0,191,2704.0,2707.0
9789,ID00032,3.0,191,2704.0,2707.0
9790,ID00033,3.0,191,2704.0,2707.0
9791,ID00034,3.0,191,2704.0,2707.0
9792,ID00035,3.0,191,2704.0,2707.0
9793,ID00036,3.0,191,2704.0,2707.0
9794,ID00037,3.0,191,2704.0,2707.0
9795,ID00038,277.0,191,2702.0,2979.0
9796,ID00039,10.0,191,2702.0,2712.0
9797,ID00040,9.0,191,2703.0,2712.0
9798,ID00041,626.0,191,3608.0,4234.0
9799,ID00042,46.0,191,4237.0,4283.0
9800,ID00043,3.0,191,4297.0,4300.0
9801,ID00044,3.0,191,4297.0,4300.0
9802,ID00045,319.0,191,4297.0,4616.0
9803,ID00046,9.0,191,4301.0,4310.0
9804,ID00047,3.0,191,4297.0,4300.0
9805,ID00048,3.0,191,4624.0,4627.0
9806,finish,0.0,191,4635.0,4635.0
9807,entry,0.0,192,2700,2700.0
9808,ID00000,6.0,192,8687.0,8693.0
9809,ID00001,5.0,192,8658.0,8663.0
9810,ID00002,3417.0,192,4267.0,7684.0
9811,ID00003,542.0,192,7708.0,8250.0
9812,ID00004,27.0,192,8253.0,8280.0
9813,ID00005,627.0,192,7708.0,8335.0
9814,ID00006,22.0,192,8338.0,8360.0
9815,ID00007,382.0,192,7708.0,8090.0
9816,ID00008,20.0,192,8093.0,8113.0
9817,ID00009,449.0,192,7708.0,8157.0
9818,ID00010,27.0,192,8160.0,8187.0
9819,ID00011,453.0,192,7708.0,8161.0
9820,ID00012,27.0,192,8164.0,8191.0
9821,ID00013,757.0,192,7708.0,8465.0
9822,ID00014,28.0,192,8468.0,8496.0
9823,ID00015,598.0,192,7708.0,8306.0
9824,ID00016,12.0,192,8309.0,8321.0
9825,ID00017,445.0,192,7708.0,8153.0
9826,ID00018,10.0,192,8156.0,8166.0
9827,ID00019,947.0,192,7708.0,8655.0
9828,ID00020,26.0,192,8658.0,8684.0
9829,ID00021,688.0,192,7708.0,8396.0
9830,ID00022,25.0,192,8399.0,8424.0
9831,ID00023,2589.0,192,4275.0,6864.0
9832,ID00024,1086.0,192,6880.0,7966.0
9833,ID00025,15.0,192,7969.0,7984.0
9834,ID00026,669.0,192,6880.0,7549.0
9835,ID00027,21.0,192,7552.0,7573.0
9836,ID00028,784.0,192,6880.0,7664.0
9837,ID00029,21.0,192,7667.0,7688.0
9838,ID00030,937.0,192,6880.0,7817.0
9839,ID00031,11.0,192,7820.0,7831.0
9840,ID00032,541.0,192,6880.0,7421.0
9841,ID00033,22.0,192,7424.0,7446.0
9842,ID00034,518.0,192,6880.0,7398.0
9843,ID00035,20.0,192,7401.0,7421.0
9844,ID00036,1103.0,192,6880.0,7983.0
9845,ID00037,19.0,192,7986.0,8005.0
9846,ID00038,969.0,192,6880.0,7849.0
9847,ID00039,19.0,192,7852.0,7871.0
9848,ID00040,490.0,192,6880.0,7370.0
9849,ID00041,27.0,192,7373.0,7400.0
9850,ID00042,984.0,192,6880.0,7864.0
9851,ID00043,19.0,192,7867.0,7886.0
9852,ID00044,446.0,192,6880.0,7326.0
9853,ID00045,23.0,192,7329.0,7352.0
9854,ID00046,441.0,192,6880.0,7321.0
9855,ID00047,10.0,192,7324.0,7334.0
9856,ID00048,602.0,192,6880.0,7482.0
9857,ID00049,12.0,192,7485.0,7497.0
9858,finish,0.0,192,8694.0,8694.0
9859,entry,0.0,193,2700,2700.0
9860,ID00000,3.0,193,2774.0,2777.0
9861,ID00001,3.0,193,2727.0,2730.0
9862,ID00002,3.0,193,2853.0,2856.0
9863,ID00003,3.0,193,2853.0,2856.0
9864,ID00004,3.0,193,2853.0,2856.0
9865,ID00005,3.0,193,2853.0,2856.0
9866,ID00006,3.0,193,2853.0,2856.0
9867,ID00007,3.0,193,2760.0,2763.0
9868,ID00008,3.0,193,2760.0,2763.0
9869,ID00009,3.0,193,2760.0,2763.0
9870,ID00010,3.0,193,2760.0,2763.0
9871,ID00011,3.0,193,2760.0,2763.0
9872,ID00012,3.0,193,2872.0,2875.0
9873,ID00013,3.0,193,2870.0,2873.0
9874,ID00014,3.0,193,2872.0,2875.0
9875,ID00015,3.0,193,2872.0,2875.0
9876,ID00016,3.0,193,2872.0,2875.0
9877,ID00017,3.0,193,2769.0,2772.0
9878,ID00018,3.0,193,2769.0,2772.0
9879,ID00019,3.0,193,2769.0,2772.0
9880,ID00020,3.0,193,2769.0,2772.0
9881,ID00021,3.0,193,2769.0,2772.0
9882,ID00022,3.0,193,2881.0,2884.0
9883,ID00023,3.0,193,2878.0,2881.0
9884,ID00024,3.0,193,2880.0,2883.0
9885,ID00025,3.0,193,2885.0,2888.0
9886,ID00026,3.0,193,2881.0,2884.0
9887,ID00027,3.0,193,2774.0,2777.0
9888,ID00028,3.0,193,2774.0,2777.0
9889,ID00029,3.0,193,2774.0,2777.0
9890,ID00030,3.0,193,2774.0,2777.0
9891,ID00031,3.0,193,2775.0,2778.0
9892,ID00032,172.0,193,2886.0,3058.0
9893,ID00033,230.0,193,2883.0,3113.0
9894,ID00034,125.0,193,2885.0,3010.0
9895,ID00035,175.0,193,2891.0,3066.0
9896,ID00036,163.0,193,2886.0,3049.0
9897,ID00037,178.0,193,2778.0,2956.0
9898,ID00038,217.0,193,2778.0,2995.0
9899,ID00039,175.0,193,2778.0,2953.0
9900,ID00040,181.0,193,2778.0,2959.0
9901,ID00041,158.0,193,2779.0,2937.0
9902,ID00042,3.0,193,3115.0,3118.0
9903,ID00043,3.0,193,2996.0,2999.0
9904,ID00044,3.0,193,3126.0,3129.0
9905,ID00045,3.0,193,3140.0,3143.0
9906,ID00046,62.0,193,3144.0,3206.0
9907,finish,0.0,193,3207.0,3207.0
9908,entry,0.0,194,2700,2700.0
9909,ID00000,3.0,194,2708.0,2711.0
9910,ID00001,3.0,194,2704.0,2707.0
9911,ID00002,3.0,194,2704.0,2707.0
9912,ID00003,3.0,194,2704.0,2707.0
9913,ID00004,3.0,194,2704.0,2707.0
9914,ID00005,3.0,194,2704.0,2707.0
9915,ID00006,3.0,194,2704.0,2707.0
9916,ID00007,3.0,194,2704.0,2707.0
9917,ID00008,3.0,194,2704.0,2707.0
9918,ID00009,3.0,194,2704.0,2707.0
9919,ID00010,3.0,194,2704.0,2707.0
9920,ID00011,3.0,194,2704.0,2707.0
9921,ID00012,3.0,194,2704.0,2707.0
9922,ID00013,497.0,194,2702.0,3199.0
9923,ID00014,10.0,194,2702.0,2712.0
9924,ID00015,20.0,194,2703.0,2723.0
9925,ID00016,468.0,194,3604.0,4072.0
9926,ID00017,134.0,194,4075.0,4209.0
9927,ID00018,3.0,194,4223.0,4226.0
9928,ID00019,3.0,194,4223.0,4226.0
9929,ID00020,329.0,194,4223.0,4552.0
9930,ID00021,9.0,194,4227.0,4236.0
9931,ID00022,3.0,194,4223.0,4226.0
9932,ID00023,3.0,194,4560.0,4563.0
9933,ID00025,3.0,194,2708.0,2711.0
9934,ID00026,3.0,194,2704.0,2707.0
9935,ID00027,3.0,194,2704.0,2707.0
9936,ID00028,3.0,194,2704.0,2707.0
9937,ID00029,3.0,194,2704.0,2707.0
9938,ID00030,3.0,194,2704.0,2707.0
9939,ID00031,3.0,194,2704.0,2707.0
9940,ID00032,3.0,194,2704.0,2707.0
9941,ID00033,3.0,194,2704.0,2707.0
9942,ID00034,3.0,194,2704.0,2707.0
9943,ID00035,3.0,194,2704.0,2707.0
9944,ID00036,3.0,194,2704.0,2707.0
9945,ID00037,3.0,194,2704.0,2707.0
9946,ID00038,277.0,194,2702.0,2979.0
9947,ID00039,10.0,194,2702.0,2712.0
9948,ID00040,9.0,194,2703.0,2712.0
9949,ID00041,626.0,194,3608.0,4234.0
9950,ID00042,46.0,194,4237.0,4283.0
9951,ID00043,3.0,194,4297.0,4300.0
9952,ID00044,3.0,194,4297.0,4300.0
9953,ID00045,319.0,194,4297.0,4616.0
9954,ID00046,9.0,194,4301.0,4310.0
9955,ID00047,3.0,194,4297.0,4300.0
9956,ID00048,3.0,194,4624.0,4627.0
9957,finish,0.0,194,4635.0,4635.0
9958,entry,0.0,195,2700,2700.0
9959,ID00000,3.0,195,2774.0,2777.0
9960,ID00001,3.0,195,2727.0,2730.0
9961,ID00002,3.0,195,2853.0,2856.0
9962,ID00003,3.0,195,2853.0,2856.0
9963,ID00004,3.0,195,2853.0,2856.0
9964,ID00005,3.0,195,2853.0,2856.0
9965,ID00006,3.0,195,2853.0,2856.0
9966,ID00007,3.0,195,2760.0,2763.0
9967,ID00008,3.0,195,2760.0,2763.0
9968,ID00009,3.0,195,2760.0,2763.0
9969,ID00010,3.0,195,2760.0,2763.0
9970,ID00011,3.0,195,2760.0,2763.0
9971,ID00012,3.0,195,2872.0,2875.0
9972,ID00013,3.0,195,2870.0,2873.0
9973,ID00014,3.0,195,2872.0,2875.0
9974,ID00015,3.0,195,2872.0,2875.0
9975,ID00016,3.0,195,2872.0,2875.0
9976,ID00017,3.0,195,2769.0,2772.0
9977,ID00018,3.0,195,2769.0,2772.0
9978,ID00019,3.0,195,2769.0,2772.0
9979,ID00020,3.0,195,2769.0,2772.0
9980,ID00021,3.0,195,2769.0,2772.0
9981,ID00022,3.0,195,2881.0,2884.0
9982,ID00023,3.0,195,2878.0,2881.0
9983,ID00024,3.0,195,2880.0,2883.0
9984,ID00025,3.0,195,2885.0,2888.0
9985,ID00026,3.0,195,2881.0,2884.0
9986,ID00027,3.0,195,2774.0,2777.0
9987,ID00028,3.0,195,2774.0,2777.0
9988,ID00029,3.0,195,2774.0,2777.0
9989,ID00030,3.0,195,2774.0,2777.0
9990,ID00031,3.0,195,2775.0,2778.0
9991,ID00032,172.0,195,2886.0,3058.0
9992,ID00033,230.0,195,2883.0,3113.0
9993,ID00034,125.0,195,2885.0,3010.0
9994,ID00035,175.0,195,2891.0,3066.0
9995,ID00036,163.0,195,2886.0,3049.0
9996,ID00037,178.0,195,2778.0,2956.0
9997,ID00038,217.0,195,2778.0,2995.0
9998,ID00039,175.0,195,2778.0,2953.0
9999,ID00040,181.0,195,2778.0,2959.0
10000,ID00041,158.0,195,2779.0,2937.0
10001,ID00042,3.0,195,3115.0,3118.0
10002,ID00043,3.0,195,2996.0,2999.0
10003,ID00044,3.0,195,3126.0,3129.0
10004,ID00045,3.0,195,3140.0,3143.0
10005,ID00046,62.0,195,3144.0,3206.0
10006,finish,0.0,195,3207.0,3207.0
10007,entry,0.0,196,2700,2700.0
10008,ID00000,165.0,196,2723.0,2888.0
10009,ID00001,165.0,196,2723.0,2888.0
10010,ID00002,166.0,196,2723.0,2889.0
10011,ID00003,166.0,196,2723.0,2889.0
10012,ID00004,163.0,196,2723.0,2886.0
10013,ID00005,166.0,196,2723.0,2889.0
10014,ID00006,164.0,196,2723.0,2887.0
10015,ID00007,166.0,196,2723.0,2889.0
10016,ID00008,129.0,196,2930.0,3059.0
10017,ID00009,128.0,196,2931.0,3059.0
10018,ID00010,126.0,196,2930.0,3056.0
10019,ID00011,128.0,196,2931.0,3059.0
10020,ID00012,129.0,196,2930.0,3059.0
10021,ID00013,126.0,196,2931.0,3057.0
10022,ID00014,128.0,196,2931.0,3059.0
10023,ID00015,128.0,196,2931.0,3059.0
10024,ID00016,127.0,196,2931.0,3058.0
10025,ID00017,125.0,196,2931.0,3056.0
10026,ID00018,129.0,196,2931.0,3060.0
10027,ID00019,127.0,196,2931.0,3058.0
10028,ID00020,126.0,196,2931.0,3057.0
10029,ID00021,129.0,196,2931.0,3060.0
10030,ID00022,127.0,196,2931.0,3058.0
10031,ID00023,129.0,196,2931.0,3060.0
10032,ID00024,126.0,196,2928.0,3054.0
10033,ID00025,127.0,196,2931.0,3058.0
10034,ID00026,130.0,196,2931.0,3061.0
10035,ID00027,126.0,196,2931.0,3057.0
10036,ID00028,128.0,196,2931.0,3059.0
10037,ID00029,128.0,196,2930.0,3058.0
10038,ID00030,128.0,196,2931.0,3059.0
10039,ID00031,128.0,196,2931.0,3059.0
10040,ID00032,127.0,196,2931.0,3058.0
10041,ID00033,127.0,196,2931.0,3058.0
10042,ID00034,127.0,196,2931.0,3058.0
10043,ID00035,127.0,196,2931.0,3058.0
10044,ID00036,27.0,196,3067.0,3094.0
10045,ID00037,64.0,196,3097.0,3161.0
10046,ID00038,131.0,196,3164.0,3295.0
10047,ID00039,129.0,196,3164.0,3293.0
10048,ID00040,131.0,196,3164.0,3295.0
10049,ID00041,128.0,196,3164.0,3292.0
10050,ID00042,126.0,196,3164.0,3290.0
10051,ID00043,128.0,196,3164.0,3292.0
10052,ID00044,129.0,196,3164.0,3293.0
10053,ID00045,129.0,196,3164.0,3293.0
10054,ID00046,30.0,196,3337.0,3367.0
10055,ID00047,59.0,196,3370.0,3429.0
10056,ID00048,59.0,196,4081.0,4140.0
10057,ID00049,6.0,196,4154.0,4160.0
10058,finish,0.0,196,4162.0,4162.0
10059,entry,0.0,197,2700,2700.0
10060,ID00000,6.0,197,8687.0,8693.0
10061,ID00001,5.0,197,8658.0,8663.0
10062,ID00002,3417.0,197,4267.0,7684.0
10063,ID00003,542.0,197,7708.0,8250.0
10064,ID00004,27.0,197,8253.0,8280.0
10065,ID00005,627.0,197,7708.0,8335.0
10066,ID00006,22.0,197,8338.0,8360.0
10067,ID00007,382.0,197,7708.0,8090.0
10068,ID00008,20.0,197,8093.0,8113.0
10069,ID00009,449.0,197,7708.0,8157.0
10070,ID00010,27.0,197,8160.0,8187.0
10071,ID00011,453.0,197,7708.0,8161.0
10072,ID00012,27.0,197,8164.0,8191.0
10073,ID00013,757.0,197,7708.0,8465.0
10074,ID00014,28.0,197,8468.0,8496.0
10075,ID00015,598.0,197,7708.0,8306.0
10076,ID00016,12.0,197,8309.0,8321.0
10077,ID00017,445.0,197,7708.0,8153.0
10078,ID00018,10.0,197,8156.0,8166.0
10079,ID00019,947.0,197,7708.0,8655.0
10080,ID00020,26.0,197,8658.0,8684.0
10081,ID00021,688.0,197,7708.0,8396.0
10082,ID00022,25.0,197,8399.0,8424.0
10083,ID00023,2589.0,197,4275.0,6864.0
10084,ID00024,1086.0,197,6880.0,7966.0
10085,ID00025,15.0,197,7969.0,7984.0
10086,ID00026,669.0,197,6880.0,7549.0
10087,ID00027,21.0,197,7552.0,7573.0
10088,ID00028,784.0,197,6880.0,7664.0
10089,ID00029,21.0,197,7667.0,7688.0
10090,ID00030,937.0,197,6880.0,7817.0
10091,ID00031,11.0,197,7820.0,7831.0
10092,ID00032,541.0,197,6880.0,7421.0
10093,ID00033,22.0,197,7424.0,7446.0
10094,ID00034,518.0,197,6880.0,7398.0
10095,ID00035,20.0,197,7401.0,7421.0
10096,ID00036,1103.0,197,6880.0,7983.0
10097,ID00037,19.0,197,7986.0,8005.0
10098,ID00038,969.0,197,6880.0,7849.0
10099,ID00039,19.0,197,7852.0,7871.0
10100,ID00040,490.0,197,6880.0,7370.0
10101,ID00041,27.0,197,7373.0,7400.0
10102,ID00042,984.0,197,6880.0,7864.0
10103,ID00043,19.0,197,7867.0,7886.0
10104,ID00044,446.0,197,6880.0,7326.0
10105,ID00045,23.0,197,7329.0,7352.0
10106,ID00046,441.0,197,6880.0,7321.0
10107,ID00047,10.0,197,7324.0,7334.0
10108,ID00048,602.0,197,6880.0,7482.0
10109,ID00049,12.0,197,7485.0,7497.0
10110,finish,0.0,197,8694.0,8694.0
10111,entry,0.0,198,2700,2700.0
10112,ID00000,6.0,198,8687.0,8693.0
10113,ID00001,5.0,198,8658.0,8663.0
10114,ID00002,3417.0,198,4267.0,7684.0
10115,ID00003,542.0,198,7708.0,8250.0
10116,ID00004,27.0,198,8253.0,8280.0
10117,ID00005,627.0,198,7708.0,8335.0
10118,ID00006,22.0,198,8338.0,8360.0
10119,ID00007,382.0,198,7708.0,8090.0
10120,ID00008,20.0,198,8093.0,8113.0
10121,ID00009,449.0,198,7708.0,8157.0
10122,ID00010,27.0,198,8160.0,8187.0
10123,ID00011,453.0,198,7708.0,8161.0
10124,ID00012,27.0,198,8164.0,8191.0
10125,ID00013,757.0,198,7708.0,8465.0
10126,ID00014,28.0,198,8468.0,8496.0
10127,ID00015,598.0,198,7708.0,8306.0
10128,ID00016,12.0,198,8309.0,8321.0
10129,ID00017,445.0,198,7708.0,8153.0
10130,ID00018,10.0,198,8156.0,8166.0
10131,ID00019,947.0,198,7708.0,8655.0
10132,ID00020,26.0,198,8658.0,8684.0
10133,ID00021,688.0,198,7708.0,8396.0
10134,ID00022,25.0,198,8399.0,8424.0
10135,ID00023,2589.0,198,4275.0,6864.0
10136,ID00024,1086.0,198,6880.0,7966.0
10137,ID00025,15.0,198,7969.0,7984.0
10138,ID00026,669.0,198,6880.0,7549.0
10139,ID00027,21.0,198,7552.0,7573.0
10140,ID00028,784.0,198,6880.0,7664.0
10141,ID00029,21.0,198,7667.0,7688.0
10142,ID00030,937.0,198,6880.0,7817.0
10143,ID00031,11.0,198,7820.0,7831.0
10144,ID00032,541.0,198,6880.0,7421.0
10145,ID00033,22.0,198,7424.0,7446.0
10146,ID00034,518.0,198,6880.0,7398.0
10147,ID00035,20.0,198,7401.0,7421.0
10148,ID00036,1103.0,198,6880.0,7983.0
10149,ID00037,19.0,198,7986.0,8005.0
10150,ID00038,969.0,198,6880.0,7849.0
10151,ID00039,19.0,198,7852.0,7871.0
10152,ID00040,490.0,198,6880.0,7370.0
10153,ID00041,27.0,198,7373.0,7400.0
10154,ID00042,984.0,198,6880.0,7864.0
10155,ID00043,19.0,198,7867.0,7886.0
10156,ID00044,446.0,198,6880.0,7326.0
10157,ID00045,23.0,198,7329.0,7352.0
10158,ID00046,441.0,198,6880.0,7321.0
10159,ID00047,10.0,198,7324.0,7334.0
10160,ID00048,602.0,198,6880.0,7482.0
10161,ID00049,12.0,198,7485.0,7497.0
10162,finish,0.0,198,8694.0,8694.0
10163,entry,0.0,199,2700,2700.0
10164,ID00000,57.0,199,2986.0,3043.0
10165,ID00001,56.0,199,2986.0,3042.0
10166,ID00002,54.0,199,2986.0,3040.0
10167,ID00003,54.0,199,2986.0,3040.0
10168,ID00004,56.0,199,2985.0,3041.0
10169,ID00005,55.0,199,2986.0,3041.0
10170,ID00006,55.0,199,2986.0,3041.0
10171,ID00007,55.0,199,2986.0,3041.0
10172,ID00008,55.0,199,2986.0,3041.0
10173,ID00009,55.0,199,2986.0,3041.0
10174,ID00010,54.0,199,2986.0,3040.0
10175,ID00011,54.0,199,2986.0,3040.0
10176,ID00012,1768.0,199,3050.0,4818.0
10177,ID00013,1486.0,199,3050.0,4536.0
10178,ID00014,1667.0,199,3048.0,4715.0
10179,ID00015,1360.0,199,3047.0,4407.0
10180,ID00016,1286.0,199,3048.0,4334.0
10181,ID00017,1598.0,199,3048.0,4646.0
10182,ID00018,880.0,199,3048.0,3928.0
10183,ID00019,1746.0,199,3048.0,4794.0
10184,ID00020,988.0,199,3048.0,4036.0
10185,ID00021,1553.0,199,3048.0,4601.0
10186,ID00022,2027.0,199,3048.0,5075.0
10187,ID00023,1807.0,199,3047.0,4854.0
10188,ID00024,17.0,199,5078.0,5095.0
10189,ID00025,15.0,199,5098.0,5113.0
10190,ID00026,15.0,199,5098.0,5113.0
10191,ID00027,16.0,199,5098.0,5114.0
10192,ID00028,14.0,199,5098.0,5112.0
10193,ID00029,18.0,199,5098.0,5116.0
10194,ID00030,17.0,199,5098.0,5115.0
10195,ID00031,17.0,199,5098.0,5115.0
10196,ID00032,16.0,199,5098.0,5114.0
10197,ID00033,16.0,199,5098.0,5114.0
10198,ID00034,17.0,199,5098.0,5115.0
10199,ID00035,15.0,199,5098.0,5113.0
10200,ID00036,13.0,199,5098.0,5111.0
10201,ID00037,1607.0,199,5116.0,6723.0
10202,ID00038,1213.0,199,5116.0,6329.0
10203,ID00039,1186.0,199,5117.0,6303.0
10204,ID00040,1749.0,199,5115.0,6864.0
10205,ID00041,1473.0,199,5119.0,6592.0
10206,ID00042,1670.0,199,5118.0,6788.0
10207,ID00043,1139.0,199,5118.0,6257.0
10208,ID00044,1855.0,199,5117.0,6972.0
10209,ID00045,2015.0,199,5117.0,7132.0
10210,ID00046,2007.0,199,5118.0,7125.0
10211,ID00047,1767.0,199,5116.0,6883.0
10212,ID00048,911.0,199,5114.0,6025.0
10213,ID00049,16.0,199,7135.0,7151.0
10214,finish,0.0,199,7152.0,7152.0
10215,entry,0.0,200,3600,3600.0
10216,ID00000,3.0,200,3608.0,3611.0
10217,ID00001,3.0,200,3604.0,3607.0
10218,ID00002,3.0,200,3604.0,3607.0
10219,ID00003,3.0,200,3604.0,3607.0
10220,ID00004,3.0,200,3604.0,3607.0
10221,ID00005,3.0,200,3604.0,3607.0
10222,ID00006,3.0,200,3604.0,3607.0
10223,ID00007,3.0,200,3604.0,3607.0
10224,ID00008,3.0,200,3604.0,3607.0
10225,ID00009,3.0,200,3604.0,3607.0
10226,ID00010,3.0,200,3604.0,3607.0
10227,ID00011,3.0,200,3604.0,3607.0
10228,ID00012,3.0,200,3604.0,3607.0
10229,ID00013,497.0,200,3602.0,4099.0
10230,ID00014,10.0,200,3602.0,3612.0
10231,ID00015,20.0,200,3603.0,3623.0
10232,ID00016,468.0,200,4504.0,4972.0
10233,ID00017,134.0,200,4975.0,5109.0
10234,ID00018,3.0,200,5123.0,5126.0
10235,ID00019,3.0,200,5123.0,5126.0
10236,ID00020,329.0,200,5123.0,5452.0
10237,ID00021,9.0,200,5127.0,5136.0
10238,ID00022,3.0,200,5123.0,5126.0
10239,ID00023,3.0,200,5460.0,5463.0
10240,ID00025,3.0,200,3608.0,3611.0
10241,ID00026,3.0,200,3604.0,3607.0
10242,ID00027,3.0,200,3604.0,3607.0
10243,ID00028,3.0,200,3604.0,3607.0
10244,ID00029,3.0,200,3604.0,3607.0
10245,ID00030,3.0,200,3604.0,3607.0
10246,ID00031,3.0,200,3604.0,3607.0
10247,ID00032,3.0,200,3604.0,3607.0
10248,ID00033,3.0,200,3604.0,3607.0
10249,ID00034,3.0,200,3604.0,3607.0
10250,ID00035,3.0,200,3604.0,3607.0
10251,ID00036,3.0,200,3604.0,3607.0
10252,ID00037,3.0,200,3604.0,3607.0
10253,ID00038,277.0,200,3602.0,3879.0
10254,ID00039,10.0,200,3602.0,3612.0
10255,ID00040,9.0,200,3603.0,3612.0
10256,ID00041,626.0,200,4508.0,5134.0
10257,ID00042,46.0,200,5137.0,5183.0
10258,ID00043,3.0,200,5197.0,5200.0
10259,ID00044,3.0,200,5197.0,5200.0
10260,ID00045,319.0,200,5197.0,5516.0
10261,ID00046,9.0,200,5201.0,5210.0
10262,ID00047,3.0,200,5197.0,5200.0
10263,ID00048,3.0,200,5524.0,5527.0
10264,finish,0.0,200,5535.0,5535.0
10265,entry,0.0,201,3600,3600.0
10266,ID00000,165.0,201,3623.0,3788.0
10267,ID00001,165.0,201,3623.0,3788.0
10268,ID00002,166.0,201,3623.0,3789.0
10269,ID00003,166.0,201,3623.0,3789.0
10270,ID00004,163.0,201,3623.0,3786.0
10271,ID00005,166.0,201,3623.0,3789.0
10272,ID00006,164.0,201,3623.0,3787.0
10273,ID00007,166.0,201,3623.0,3789.0
10274,ID00008,129.0,201,3830.0,3959.0
10275,ID00009,128.0,201,3831.0,3959.0
10276,ID00010,126.0,201,3830.0,3956.0
10277,ID00011,128.0,201,3831.0,3959.0
10278,ID00012,129.0,201,3830.0,3959.0
10279,ID00013,126.0,201,3831.0,3957.0
10280,ID00014,128.0,201,3831.0,3959.0
10281,ID00015,128.0,201,3831.0,3959.0
10282,ID00016,127.0,201,3831.0,3958.0
10283,ID00017,125.0,201,3831.0,3956.0
10284,ID00018,129.0,201,3831.0,3960.0
10285,ID00019,127.0,201,3831.0,3958.0
10286,ID00020,126.0,201,3831.0,3957.0
10287,ID00021,129.0,201,3831.0,3960.0
10288,ID00022,127.0,201,3831.0,3958.0
10289,ID00023,129.0,201,3831.0,3960.0
10290,ID00024,126.0,201,3828.0,3954.0
10291,ID00025,127.0,201,3831.0,3958.0
10292,ID00026,130.0,201,3831.0,3961.0
10293,ID00027,126.0,201,3831.0,3957.0
10294,ID00028,128.0,201,3831.0,3959.0
10295,ID00029,128.0,201,3830.0,3958.0
10296,ID00030,128.0,201,3831.0,3959.0
10297,ID00031,128.0,201,3831.0,3959.0
10298,ID00032,127.0,201,3831.0,3958.0
10299,ID00033,127.0,201,3831.0,3958.0
10300,ID00034,127.0,201,3831.0,3958.0
10301,ID00035,127.0,201,3831.0,3958.0
10302,ID00036,27.0,201,3967.0,3994.0
10303,ID00037,64.0,201,3997.0,4061.0
10304,ID00038,131.0,201,4064.0,4195.0
10305,ID00039,129.0,201,4064.0,4193.0
10306,ID00040,131.0,201,4064.0,4195.0
10307,ID00041,128.0,201,4064.0,4192.0
10308,ID00042,126.0,201,4064.0,4190.0
10309,ID00043,128.0,201,4064.0,4192.0
10310,ID00044,129.0,201,4064.0,4193.0
10311,ID00045,129.0,201,4064.0,4193.0
10312,ID00046,30.0,201,4237.0,4267.0
10313,ID00047,59.0,201,4270.0,4329.0
10314,ID00048,59.0,201,4981.0,5040.0
10315,ID00049,6.0,201,5054.0,5060.0
10316,finish,0.0,201,5062.0,5062.0
10317,entry,0.0,202,3600,3600.0
10318,ID00000,3.0,202,3674.0,3677.0
10319,ID00001,3.0,202,3627.0,3630.0
10320,ID00002,3.0,202,3753.0,3756.0
10321,ID00003,3.0,202,3753.0,3756.0
10322,ID00004,3.0,202,3753.0,3756.0
10323,ID00005,3.0,202,3753.0,3756.0
10324,ID00006,3.0,202,3753.0,3756.0
10325,ID00007,3.0,202,3660.0,3663.0
10326,ID00008,3.0,202,3660.0,3663.0
10327,ID00009,3.0,202,3660.0,3663.0
10328,ID00010,3.0,202,3660.0,3663.0
10329,ID00011,3.0,202,3660.0,3663.0
10330,ID00012,3.0,202,3772.0,3775.0
10331,ID00013,3.0,202,3770.0,3773.0
10332,ID00014,3.0,202,3772.0,3775.0
10333,ID00015,3.0,202,3772.0,3775.0
10334,ID00016,3.0,202,3772.0,3775.0
10335,ID00017,3.0,202,3669.0,3672.0
10336,ID00018,3.0,202,3669.0,3672.0
10337,ID00019,3.0,202,3669.0,3672.0
10338,ID00020,3.0,202,3669.0,3672.0
10339,ID00021,3.0,202,3669.0,3672.0
10340,ID00022,3.0,202,3781.0,3784.0
10341,ID00023,3.0,202,3778.0,3781.0
10342,ID00024,3.0,202,3780.0,3783.0
10343,ID00025,3.0,202,3785.0,3788.0
10344,ID00026,3.0,202,3781.0,3784.0
10345,ID00027,3.0,202,3674.0,3677.0
10346,ID00028,3.0,202,3674.0,3677.0
10347,ID00029,3.0,202,3674.0,3677.0
10348,ID00030,3.0,202,3674.0,3677.0
10349,ID00031,3.0,202,3675.0,3678.0
10350,ID00032,172.0,202,3786.0,3958.0
10351,ID00033,230.0,202,3783.0,4013.0
10352,ID00034,125.0,202,3785.0,3910.0
10353,ID00035,175.0,202,3791.0,3966.0
10354,ID00036,163.0,202,3786.0,3949.0
10355,ID00037,178.0,202,3678.0,3856.0
10356,ID00038,217.0,202,3678.0,3895.0
10357,ID00039,175.0,202,3678.0,3853.0
10358,ID00040,181.0,202,3678.0,3859.0
10359,ID00041,158.0,202,3679.0,3837.0
10360,ID00042,3.0,202,4015.0,4018.0
10361,ID00043,3.0,202,3896.0,3899.0
10362,ID00044,3.0,202,4026.0,4029.0
10363,ID00045,3.0,202,4040.0,4043.0
10364,ID00046,62.0,202,4044.0,4106.0
10365,finish,0.0,202,4107.0,4107.0
10366,entry,0.0,203,3600,3600.0
10367,ID00000,165.0,203,3623.0,3788.0
10368,ID00001,165.0,203,3623.0,3788.0
10369,ID00002,166.0,203,3623.0,3789.0
10370,ID00003,166.0,203,3623.0,3789.0
10371,ID00004,163.0,203,3623.0,3786.0
10372,ID00005,166.0,203,3623.0,3789.0
10373,ID00006,164.0,203,3623.0,3787.0
10374,ID00007,166.0,203,3623.0,3789.0
10375,ID00008,129.0,203,3830.0,3959.0
10376,ID00009,128.0,203,3831.0,3959.0
10377,ID00010,126.0,203,3830.0,3956.0
10378,ID00011,128.0,203,3831.0,3959.0
10379,ID00012,129.0,203,3830.0,3959.0
10380,ID00013,126.0,203,3831.0,3957.0
10381,ID00014,128.0,203,3831.0,3959.0
10382,ID00015,128.0,203,3831.0,3959.0
10383,ID00016,127.0,203,3831.0,3958.0
10384,ID00017,125.0,203,3831.0,3956.0
10385,ID00018,129.0,203,3831.0,3960.0
10386,ID00019,127.0,203,3831.0,3958.0
10387,ID00020,126.0,203,3831.0,3957.0
10388,ID00021,129.0,203,3831.0,3960.0
10389,ID00022,127.0,203,3831.0,3958.0
10390,ID00023,129.0,203,3831.0,3960.0
10391,ID00024,126.0,203,3828.0,3954.0
10392,ID00025,127.0,203,3831.0,3958.0
10393,ID00026,130.0,203,3831.0,3961.0
10394,ID00027,126.0,203,3831.0,3957.0
10395,ID00028,128.0,203,3831.0,3959.0
10396,ID00029,128.0,203,3830.0,3958.0
10397,ID00030,128.0,203,3831.0,3959.0
10398,ID00031,128.0,203,3831.0,3959.0
10399,ID00032,127.0,203,3831.0,3958.0
10400,ID00033,127.0,203,3831.0,3958.0
10401,ID00034,127.0,203,3831.0,3958.0
10402,ID00035,127.0,203,3831.0,3958.0
10403,ID00036,27.0,203,3967.0,3994.0
10404,ID00037,64.0,203,3997.0,4061.0
10405,ID00038,131.0,203,4064.0,4195.0
10406,ID00039,129.0,203,4064.0,4193.0
10407,ID00040,131.0,203,4064.0,4195.0
10408,ID00041,128.0,203,4064.0,4192.0
10409,ID00042,126.0,203,4064.0,4190.0
10410,ID00043,128.0,203,4064.0,4192.0
10411,ID00044,129.0,203,4064.0,4193.0
10412,ID00045,129.0,203,4064.0,4193.0
10413,ID00046,30.0,203,4237.0,4267.0
10414,ID00047,59.0,203,4270.0,4329.0
10415,ID00048,59.0,203,4981.0,5040.0
10416,ID00049,6.0,203,5054.0,5060.0
10417,finish,0.0,203,5062.0,5062.0
10418,entry,0.0,204,3600,3600.0
10419,ID00000,3.0,204,3608.0,3611.0
10420,ID00001,3.0,204,3604.0,3607.0
10421,ID00002,3.0,204,3604.0,3607.0
10422,ID00003,3.0,204,3604.0,3607.0
10423,ID00004,3.0,204,3604.0,3607.0
10424,ID00005,3.0,204,3604.0,3607.0
10425,ID00006,3.0,204,3604.0,3607.0
10426,ID00007,3.0,204,3604.0,3607.0
10427,ID00008,3.0,204,3604.0,3607.0
10428,ID00009,3.0,204,3604.0,3607.0
10429,ID00010,3.0,204,3604.0,3607.0
10430,ID00011,3.0,204,3604.0,3607.0
10431,ID00012,3.0,204,3604.0,3607.0
10432,ID00013,497.0,204,3602.0,4099.0
10433,ID00014,10.0,204,3602.0,3612.0
10434,ID00015,20.0,204,3603.0,3623.0
10435,ID00016,468.0,204,4504.0,4972.0
10436,ID00017,134.0,204,4975.0,5109.0
10437,ID00018,3.0,204,5123.0,5126.0
10438,ID00019,3.0,204,5123.0,5126.0
10439,ID00020,329.0,204,5123.0,5452.0
10440,ID00021,9.0,204,5127.0,5136.0
10441,ID00022,3.0,204,5123.0,5126.0
10442,ID00023,3.0,204,5460.0,5463.0
10443,ID00025,3.0,204,3608.0,3611.0
10444,ID00026,3.0,204,3604.0,3607.0
10445,ID00027,3.0,204,3604.0,3607.0
10446,ID00028,3.0,204,3604.0,3607.0
10447,ID00029,3.0,204,3604.0,3607.0
10448,ID00030,3.0,204,3604.0,3607.0
10449,ID00031,3.0,204,3604.0,3607.0
10450,ID00032,3.0,204,3604.0,3607.0
10451,ID00033,3.0,204,3604.0,3607.0
10452,ID00034,3.0,204,3604.0,3607.0
10453,ID00035,3.0,204,3604.0,3607.0
10454,ID00036,3.0,204,3604.0,3607.0
10455,ID00037,3.0,204,3604.0,3607.0
10456,ID00038,277.0,204,3602.0,3879.0
10457,ID00039,10.0,204,3602.0,3612.0
10458,ID00040,9.0,204,3603.0,3612.0
10459,ID00041,626.0,204,4508.0,5134.0
10460,ID00042,46.0,204,5137.0,5183.0
10461,ID00043,3.0,204,5197.0,5200.0
10462,ID00044,3.0,204,5197.0,5200.0
10463,ID00045,319.0,204,5197.0,5516.0
10464,ID00046,9.0,204,5201.0,5210.0
10465,ID00047,3.0,204,5197.0,5200.0
10466,ID00048,3.0,204,5524.0,5527.0
10467,finish,0.0,204,5535.0,5535.0
10468,entry,0.0,205,3600,3600.0
10469,ID00000,57.0,205,3886.0,3943.0
10470,ID00001,56.0,205,3886.0,3942.0
10471,ID00002,54.0,205,3886.0,3940.0
10472,ID00003,54.0,205,3886.0,3940.0
10473,ID00004,56.0,205,3885.0,3941.0
10474,ID00005,55.0,205,3886.0,3941.0
10475,ID00006,55.0,205,3886.0,3941.0
10476,ID00007,55.0,205,3886.0,3941.0
10477,ID00008,55.0,205,3886.0,3941.0
10478,ID00009,55.0,205,3886.0,3941.0
10479,ID00010,54.0,205,3886.0,3940.0
10480,ID00011,54.0,205,3886.0,3940.0
10481,ID00012,1768.0,205,3950.0,5718.0
10482,ID00013,1486.0,205,3950.0,5436.0
10483,ID00014,1667.0,205,3948.0,5615.0
10484,ID00015,1360.0,205,3947.0,5307.0
10485,ID00016,1286.0,205,3948.0,5234.0
10486,ID00017,1598.0,205,3948.0,5546.0
10487,ID00018,880.0,205,3948.0,4828.0
10488,ID00019,1746.0,205,3948.0,5694.0
10489,ID00020,988.0,205,3948.0,4936.0
10490,ID00021,1553.0,205,3948.0,5501.0
10491,ID00022,2027.0,205,3948.0,5975.0
10492,ID00023,1807.0,205,3947.0,5754.0
10493,ID00024,17.0,205,5978.0,5995.0
10494,ID00025,15.0,205,5998.0,6013.0
10495,ID00026,15.0,205,5998.0,6013.0
10496,ID00027,16.0,205,5998.0,6014.0
10497,ID00028,14.0,205,5998.0,6012.0
10498,ID00029,18.0,205,5998.0,6016.0
10499,ID00030,17.0,205,5998.0,6015.0
10500,ID00031,17.0,205,5998.0,6015.0
10501,ID00032,16.0,205,5998.0,6014.0
10502,ID00033,16.0,205,5998.0,6014.0
10503,ID00034,17.0,205,5998.0,6015.0
10504,ID00035,15.0,205,5998.0,6013.0
10505,ID00036,13.0,205,5998.0,6011.0
10506,ID00037,1607.0,205,6016.0,7623.0
10507,ID00038,1213.0,205,6016.0,7229.0
10508,ID00039,1186.0,205,6017.0,7203.0
10509,ID00040,1749.0,205,6015.0,7764.0
10510,ID00041,1473.0,205,6019.0,7492.0
10511,ID00042,1670.0,205,6018.0,7688.0
10512,ID00043,1139.0,205,6018.0,7157.0
10513,ID00044,1855.0,205,6017.0,7872.0
10514,ID00045,2015.0,205,6017.0,8032.0
10515,ID00046,2007.0,205,6018.0,8025.0
10516,ID00047,1767.0,205,6016.0,7783.0
10517,ID00048,911.0,205,6014.0,6925.0
10518,ID00049,16.0,205,8035.0,8051.0
10519,finish,0.0,205,8052.0,8052.0
10520,entry,0.0,206,3600,3600.0
10521,ID00000,3.0,206,3674.0,3677.0
10522,ID00001,3.0,206,3627.0,3630.0
10523,ID00002,3.0,206,3753.0,3756.0
10524,ID00003,3.0,206,3753.0,3756.0
10525,ID00004,3.0,206,3753.0,3756.0
10526,ID00005,3.0,206,3753.0,3756.0
10527,ID00006,3.0,206,3753.0,3756.0
10528,ID00007,3.0,206,3660.0,3663.0
10529,ID00008,3.0,206,3660.0,3663.0
10530,ID00009,3.0,206,3660.0,3663.0
10531,ID00010,3.0,206,3660.0,3663.0
10532,ID00011,3.0,206,3660.0,3663.0
10533,ID00012,3.0,206,3772.0,3775.0
10534,ID00013,3.0,206,3770.0,3773.0
10535,ID00014,3.0,206,3772.0,3775.0
10536,ID00015,3.0,206,3772.0,3775.0
10537,ID00016,3.0,206,3772.0,3775.0
10538,ID00017,3.0,206,3669.0,3672.0
10539,ID00018,3.0,206,3669.0,3672.0
10540,ID00019,3.0,206,3669.0,3672.0
10541,ID00020,3.0,206,3669.0,3672.0
10542,ID00021,3.0,206,3669.0,3672.0
10543,ID00022,3.0,206,3781.0,3784.0
10544,ID00023,3.0,206,3778.0,3781.0
10545,ID00024,3.0,206,3780.0,3783.0
10546,ID00025,3.0,206,3785.0,3788.0
10547,ID00026,3.0,206,3781.0,3784.0
10548,ID00027,3.0,206,3674.0,3677.0
10549,ID00028,3.0,206,3674.0,3677.0
10550,ID00029,3.0,206,3674.0,3677.0
10551,ID00030,3.0,206,3674.0,3677.0
10552,ID00031,3.0,206,3675.0,3678.0
10553,ID00032,172.0,206,3786.0,3958.0
10554,ID00033,230.0,206,3783.0,4013.0
10555,ID00034,125.0,206,3785.0,3910.0
10556,ID00035,175.0,206,3791.0,3966.0
10557,ID00036,163.0,206,3786.0,3949.0
10558,ID00037,178.0,206,3678.0,3856.0
10559,ID00038,217.0,206,3678.0,3895.0
10560,ID00039,175.0,206,3678.0,3853.0
10561,ID00040,181.0,206,3678.0,3859.0
10562,ID00041,158.0,206,3679.0,3837.0
10563,ID00042,3.0,206,4015.0,4018.0
10564,ID00043,3.0,206,3896.0,3899.0
10565,ID00044,3.0,206,4026.0,4029.0
10566,ID00045,3.0,206,4040.0,4043.0
10567,ID00046,62.0,206,4044.0,4106.0
10568,finish,0.0,206,4107.0,4107.0
10569,entry,0.0,207,3600,3600.0
10570,ID00000,3.0,207,3608.0,3611.0
10571,ID00001,3.0,207,3604.0,3607.0
10572,ID00002,3.0,207,3604.0,3607.0
10573,ID00003,3.0,207,3604.0,3607.0
10574,ID00004,3.0,207,3604.0,3607.0
10575,ID00005,3.0,207,3604.0,3607.0
10576,ID00006,3.0,207,3604.0,3607.0
10577,ID00007,3.0,207,3604.0,3607.0
10578,ID00008,3.0,207,3604.0,3607.0
10579,ID00009,3.0,207,3604.0,3607.0
10580,ID00010,3.0,207,3604.0,3607.0
10581,ID00011,3.0,207,3604.0,3607.0
10582,ID00012,3.0,207,3604.0,3607.0
10583,ID00013,497.0,207,3602.0,4099.0
10584,ID00014,10.0,207,3602.0,3612.0
10585,ID00015,20.0,207,3603.0,3623.0
10586,ID00016,468.0,207,4504.0,4972.0
10587,ID00017,134.0,207,4975.0,5109.0
10588,ID00018,3.0,207,5123.0,5126.0
10589,ID00019,3.0,207,5123.0,5126.0
10590,ID00020,329.0,207,5123.0,5452.0
10591,ID00021,9.0,207,5127.0,5136.0
10592,ID00022,3.0,207,5123.0,5126.0
10593,ID00023,3.0,207,5460.0,5463.0
10594,ID00025,3.0,207,3608.0,3611.0
10595,ID00026,3.0,207,3604.0,3607.0
10596,ID00027,3.0,207,3604.0,3607.0
10597,ID00028,3.0,207,3604.0,3607.0
10598,ID00029,3.0,207,3604.0,3607.0
10599,ID00030,3.0,207,3604.0,3607.0
10600,ID00031,3.0,207,3604.0,3607.0
10601,ID00032,3.0,207,3604.0,3607.0
10602,ID00033,3.0,207,3604.0,3607.0
10603,ID00034,3.0,207,3604.0,3607.0
10604,ID00035,3.0,207,3604.0,3607.0
10605,ID00036,3.0,207,3604.0,3607.0
10606,ID00037,3.0,207,3604.0,3607.0
10607,ID00038,277.0,207,3602.0,3879.0
10608,ID00039,10.0,207,3602.0,3612.0
10609,ID00040,9.0,207,3603.0,3612.0
10610,ID00041,626.0,207,4508.0,5134.0
10611,ID00042,46.0,207,5137.0,5183.0
10612,ID00043,3.0,207,5197.0,5200.0
10613,ID00044,3.0,207,5197.0,5200.0
10614,ID00045,319.0,207,5197.0,5516.0
10615,ID00046,9.0,207,5201.0,5210.0
10616,ID00047,3.0,207,5197.0,5200.0
10617,ID00048,3.0,207,5524.0,5527.0
10618,finish,0.0,207,5535.0,5535.0
10619,entry,0.0,208,3600,3600.0
10620,ID00000,165.0,208,3623.0,3788.0
10621,ID00001,165.0,208,3623.0,3788.0
10622,ID00002,166.0,208,3623.0,3789.0
10623,ID00003,166.0,208,3623.0,3789.0
10624,ID00004,163.0,208,3623.0,3786.0
10625,ID00005,166.0,208,3623.0,3789.0
10626,ID00006,164.0,208,3623.0,3787.0
10627,ID00007,166.0,208,3623.0,3789.0
10628,ID00008,129.0,208,3830.0,3959.0
10629,ID00009,128.0,208,3831.0,3959.0
10630,ID00010,126.0,208,3830.0,3956.0
10631,ID00011,128.0,208,3831.0,3959.0
10632,ID00012,129.0,208,3830.0,3959.0
10633,ID00013,126.0,208,3831.0,3957.0
10634,ID00014,128.0,208,3831.0,3959.0
10635,ID00015,128.0,208,3831.0,3959.0
10636,ID00016,127.0,208,3831.0,3958.0
10637,ID00017,125.0,208,3831.0,3956.0
10638,ID00018,129.0,208,3831.0,3960.0
10639,ID00019,127.0,208,3831.0,3958.0
10640,ID00020,126.0,208,3831.0,3957.0
10641,ID00021,129.0,208,3831.0,3960.0
10642,ID00022,127.0,208,3831.0,3958.0
10643,ID00023,129.0,208,3831.0,3960.0
10644,ID00024,126.0,208,3828.0,3954.0
10645,ID00025,127.0,208,3831.0,3958.0
10646,ID00026,130.0,208,3831.0,3961.0
10647,ID00027,126.0,208,3831.0,3957.0
10648,ID00028,128.0,208,3831.0,3959.0
10649,ID00029,128.0,208,3830.0,3958.0
10650,ID00030,128.0,208,3831.0,3959.0
10651,ID00031,128.0,208,3831.0,3959.0
10652,ID00032,127.0,208,3831.0,3958.0
10653,ID00033,127.0,208,3831.0,3958.0
10654,ID00034,127.0,208,3831.0,3958.0
10655,ID00035,127.0,208,3831.0,3958.0
10656,ID00036,27.0,208,3967.0,3994.0
10657,ID00037,64.0,208,3997.0,4061.0
10658,ID00038,131.0,208,4064.0,4195.0
10659,ID00039,129.0,208,4064.0,4193.0
10660,ID00040,131.0,208,4064.0,4195.0
10661,ID00041,128.0,208,4064.0,4192.0
10662,ID00042,126.0,208,4064.0,4190.0
10663,ID00043,128.0,208,4064.0,4192.0
10664,ID00044,129.0,208,4064.0,4193.0
10665,ID00045,129.0,208,4064.0,4193.0
10666,ID00046,30.0,208,4237.0,4267.0
10667,ID00047,59.0,208,4270.0,4329.0
10668,ID00048,59.0,208,4981.0,5040.0
10669,ID00049,6.0,208,5054.0,5060.0
10670,finish,0.0,208,5062.0,5062.0
10671,entry,0.0,209,3600,3600.0
10672,ID00000,57.0,209,3886.0,3943.0
10673,ID00001,56.0,209,3886.0,3942.0
10674,ID00002,54.0,209,3886.0,3940.0
10675,ID00003,54.0,209,3886.0,3940.0
10676,ID00004,56.0,209,3885.0,3941.0
10677,ID00005,55.0,209,3886.0,3941.0
10678,ID00006,55.0,209,3886.0,3941.0
10679,ID00007,55.0,209,3886.0,3941.0
10680,ID00008,55.0,209,3886.0,3941.0
10681,ID00009,55.0,209,3886.0,3941.0
10682,ID00010,54.0,209,3886.0,3940.0
10683,ID00011,54.0,209,3886.0,3940.0
10684,ID00012,1768.0,209,3950.0,5718.0
10685,ID00013,1486.0,209,3950.0,5436.0
10686,ID00014,1667.0,209,3948.0,5615.0
10687,ID00015,1360.0,209,3947.0,5307.0
10688,ID00016,1286.0,209,3948.0,5234.0
10689,ID00017,1598.0,209,3948.0,5546.0
10690,ID00018,880.0,209,3948.0,4828.0
10691,ID00019,1746.0,209,3948.0,5694.0
10692,ID00020,988.0,209,3948.0,4936.0
10693,ID00021,1553.0,209,3948.0,5501.0
10694,ID00022,2027.0,209,3948.0,5975.0
10695,ID00023,1807.0,209,3947.0,5754.0
10696,ID00024,17.0,209,5978.0,5995.0
10697,ID00025,15.0,209,5998.0,6013.0
10698,ID00026,15.0,209,5998.0,6013.0
10699,ID00027,16.0,209,5998.0,6014.0
10700,ID00028,14.0,209,5998.0,6012.0
10701,ID00029,18.0,209,5998.0,6016.0
10702,ID00030,17.0,209,5998.0,6015.0
10703,ID00031,17.0,209,5998.0,6015.0
10704,ID00032,16.0,209,5998.0,6014.0
10705,ID00033,16.0,209,5998.0,6014.0
10706,ID00034,17.0,209,5998.0,6015.0
10707,ID00035,15.0,209,5998.0,6013.0
10708,ID00036,13.0,209,5998.0,6011.0
10709,ID00037,1607.0,209,6016.0,7623.0
10710,ID00038,1213.0,209,6016.0,7229.0
10711,ID00039,1186.0,209,6017.0,7203.0
10712,ID00040,1749.0,209,6015.0,7764.0
10713,ID00041,1473.0,209,6019.0,7492.0
10714,ID00042,1670.0,209,6018.0,7688.0
10715,ID00043,1139.0,209,6018.0,7157.0
10716,ID00044,1855.0,209,6017.0,7872.0
10717,ID00045,2015.0,209,6017.0,8032.0
10718,ID00046,2007.0,209,6018.0,8025.0
10719,ID00047,1767.0,209,6016.0,7783.0
10720,ID00048,911.0,209,6014.0,6925.0
10721,ID00049,16.0,209,8035.0,8051.0
10722,finish,0.0,209,8052.0,8052.0
10723,entry,0.0,210,3600,3600.0
10724,ID00000,57.0,210,3886.0,3943.0
10725,ID00001,56.0,210,3886.0,3942.0
10726,ID00002,54.0,210,3886.0,3940.0
10727,ID00003,54.0,210,3886.0,3940.0
10728,ID00004,56.0,210,3885.0,3941.0
10729,ID00005,55.0,210,3886.0,3941.0
10730,ID00006,55.0,210,3886.0,3941.0
10731,ID00007,55.0,210,3886.0,3941.0
10732,ID00008,55.0,210,3886.0,3941.0
10733,ID00009,55.0,210,3886.0,3941.0
10734,ID00010,54.0,210,3886.0,3940.0
10735,ID00011,54.0,210,3886.0,3940.0
10736,ID00012,1768.0,210,3950.0,5718.0
10737,ID00013,1486.0,210,3950.0,5436.0
10738,ID00014,1667.0,210,3948.0,5615.0
10739,ID00015,1360.0,210,3947.0,5307.0
10740,ID00016,1286.0,210,3948.0,5234.0
10741,ID00017,1598.0,210,3948.0,5546.0
10742,ID00018,880.0,210,3948.0,4828.0
10743,ID00019,1746.0,210,3948.0,5694.0
10744,ID00020,988.0,210,3948.0,4936.0
10745,ID00021,1553.0,210,3948.0,5501.0
10746,ID00022,2027.0,210,3948.0,5975.0
10747,ID00023,1807.0,210,3947.0,5754.0
10748,ID00024,17.0,210,5978.0,5995.0
10749,ID00025,15.0,210,5998.0,6013.0
10750,ID00026,15.0,210,5998.0,6013.0
10751,ID00027,16.0,210,5998.0,6014.0
10752,ID00028,14.0,210,5998.0,6012.0
10753,ID00029,18.0,210,5998.0,6016.0
10754,ID00030,17.0,210,5998.0,6015.0
10755,ID00031,17.0,210,5998.0,6015.0
10756,ID00032,16.0,210,5998.0,6014.0
10757,ID00033,16.0,210,5998.0,6014.0
10758,ID00034,17.0,210,5998.0,6015.0
10759,ID00035,15.0,210,5998.0,6013.0
10760,ID00036,13.0,210,5998.0,6011.0
10761,ID00037,1607.0,210,6016.0,7623.0
10762,ID00038,1213.0,210,6016.0,7229.0
10763,ID00039,1186.0,210,6017.0,7203.0
10764,ID00040,1749.0,210,6015.0,7764.0
10765,ID00041,1473.0,210,6019.0,7492.0
10766,ID00042,1670.0,210,6018.0,7688.0
10767,ID00043,1139.0,210,6018.0,7157.0
10768,ID00044,1855.0,210,6017.0,7872.0
10769,ID00045,2015.0,210,6017.0,8032.0
10770,ID00046,2007.0,210,6018.0,8025.0
10771,ID00047,1767.0,210,6016.0,7783.0
10772,ID00048,911.0,210,6014.0,6925.0
10773,ID00049,16.0,210,8035.0,8051.0
10774,finish,0.0,210,8052.0,8052.0
10775,entry,0.0,211,3600,3600.0
10776,ID00000,6.0,211,9587.0,9593.0
10777,ID00001,5.0,211,9558.0,9563.0
10778,ID00002,3417.0,211,5167.0,8584.0
10779,ID00003,542.0,211,8608.0,9150.0
10780,ID00004,27.0,211,9153.0,9180.0
10781,ID00005,627.0,211,8608.0,9235.0
10782,ID00006,22.0,211,9238.0,9260.0
10783,ID00007,382.0,211,8608.0,8990.0
10784,ID00008,20.0,211,8993.0,9013.0
10785,ID00009,449.0,211,8608.0,9057.0
10786,ID00010,27.0,211,9060.0,9087.0
10787,ID00011,453.0,211,8608.0,9061.0
10788,ID00012,27.0,211,9064.0,9091.0
10789,ID00013,757.0,211,8608.0,9365.0
10790,ID00014,28.0,211,9368.0,9396.0
10791,ID00015,598.0,211,8608.0,9206.0
10792,ID00016,12.0,211,9209.0,9221.0
10793,ID00017,445.0,211,8608.0,9053.0
10794,ID00018,10.0,211,9056.0,9066.0
10795,ID00019,947.0,211,8608.0,9555.0
10796,ID00020,26.0,211,9558.0,9584.0
10797,ID00021,688.0,211,8608.0,9296.0
10798,ID00022,25.0,211,9299.0,9324.0
10799,ID00023,2589.0,211,5175.0,7764.0
10800,ID00024,1086.0,211,7780.0,8866.0
10801,ID00025,15.0,211,8869.0,8884.0
10802,ID00026,669.0,211,7780.0,8449.0
10803,ID00027,21.0,211,8452.0,8473.0
10804,ID00028,784.0,211,7780.0,8564.0
10805,ID00029,21.0,211,8567.0,8588.0
10806,ID00030,937.0,211,7780.0,8717.0
10807,ID00031,11.0,211,8720.0,8731.0
10808,ID00032,541.0,211,7780.0,8321.0
10809,ID00033,22.0,211,8324.0,8346.0
10810,ID00034,518.0,211,7780.0,8298.0
10811,ID00035,20.0,211,8301.0,8321.0
10812,ID00036,1103.0,211,7780.0,8883.0
10813,ID00037,19.0,211,8886.0,8905.0
10814,ID00038,969.0,211,7780.0,8749.0
10815,ID00039,19.0,211,8752.0,8771.0
10816,ID00040,490.0,211,7780.0,8270.0
10817,ID00041,27.0,211,8273.0,8300.0
10818,ID00042,984.0,211,7780.0,8764.0
10819,ID00043,19.0,211,8767.0,8786.0
10820,ID00044,446.0,211,7780.0,8226.0
10821,ID00045,23.0,211,8229.0,8252.0
10822,ID00046,441.0,211,7780.0,8221.0
10823,ID00047,10.0,211,8224.0,8234.0
10824,ID00048,602.0,211,7780.0,8382.0
10825,ID00049,12.0,211,8385.0,8397.0
10826,finish,0.0,211,9594.0,9594.0
10827,entry,0.0,212,3600,3600.0
10828,ID00000,3.0,212,3608.0,3611.0
10829,ID00001,3.0,212,3604.0,3607.0
10830,ID00002,3.0,212,3604.0,3607.0
10831,ID00003,3.0,212,3604.0,3607.0
10832,ID00004,3.0,212,3604.0,3607.0
10833,ID00005,3.0,212,3604.0,3607.0
10834,ID00006,3.0,212,3604.0,3607.0
10835,ID00007,3.0,212,3604.0,3607.0
10836,ID00008,3.0,212,3604.0,3607.0
10837,ID00009,3.0,212,3604.0,3607.0
10838,ID00010,3.0,212,3604.0,3607.0
10839,ID00011,3.0,212,3604.0,3607.0
10840,ID00012,3.0,212,3604.0,3607.0
10841,ID00013,497.0,212,3602.0,4099.0
10842,ID00014,10.0,212,3602.0,3612.0
10843,ID00015,20.0,212,3603.0,3623.0
10844,ID00016,468.0,212,4504.0,4972.0
10845,ID00017,134.0,212,4975.0,5109.0
10846,ID00018,3.0,212,5123.0,5126.0
10847,ID00019,3.0,212,5123.0,5126.0
10848,ID00020,329.0,212,5123.0,5452.0
10849,ID00021,9.0,212,5127.0,5136.0
10850,ID00022,3.0,212,5123.0,5126.0
10851,ID00023,3.0,212,5460.0,5463.0
10852,ID00025,3.0,212,3608.0,3611.0
10853,ID00026,3.0,212,3604.0,3607.0
10854,ID00027,3.0,212,3604.0,3607.0
10855,ID00028,3.0,212,3604.0,3607.0
10856,ID00029,3.0,212,3604.0,3607.0
10857,ID00030,3.0,212,3604.0,3607.0
10858,ID00031,3.0,212,3604.0,3607.0
10859,ID00032,3.0,212,3604.0,3607.0
10860,ID00033,3.0,212,3604.0,3607.0
10861,ID00034,3.0,212,3604.0,3607.0
10862,ID00035,3.0,212,3604.0,3607.0
10863,ID00036,3.0,212,3604.0,3607.0
10864,ID00037,3.0,212,3604.0,3607.0
10865,ID00038,277.0,212,3602.0,3879.0
10866,ID00039,10.0,212,3602.0,3612.0
10867,ID00040,9.0,212,3603.0,3612.0
10868,ID00041,626.0,212,4508.0,5134.0
10869,ID00042,46.0,212,5137.0,5183.0
10870,ID00043,3.0,212,5197.0,5200.0
10871,ID00044,3.0,212,5197.0,5200.0
10872,ID00045,319.0,212,5197.0,5516.0
10873,ID00046,9.0,212,5201.0,5210.0
10874,ID00047,3.0,212,5197.0,5200.0
10875,ID00048,3.0,212,5524.0,5527.0
10876,finish,0.0,212,5535.0,5535.0
10877,entry,0.0,213,3600,3600.0
10878,ID00000,3.0,213,3674.0,3677.0
10879,ID00001,3.0,213,3627.0,3630.0
10880,ID00002,3.0,213,3753.0,3756.0
10881,ID00003,3.0,213,3753.0,3756.0
10882,ID00004,3.0,213,3753.0,3756.0
10883,ID00005,3.0,213,3753.0,3756.0
10884,ID00006,3.0,213,3753.0,3756.0
10885,ID00007,3.0,213,3660.0,3663.0
10886,ID00008,3.0,213,3660.0,3663.0
10887,ID00009,3.0,213,3660.0,3663.0
10888,ID00010,3.0,213,3660.0,3663.0
10889,ID00011,3.0,213,3660.0,3663.0
10890,ID00012,3.0,213,3772.0,3775.0
10891,ID00013,3.0,213,3770.0,3773.0
10892,ID00014,3.0,213,3772.0,3775.0
10893,ID00015,3.0,213,3772.0,3775.0
10894,ID00016,3.0,213,3772.0,3775.0
10895,ID00017,3.0,213,3669.0,3672.0
10896,ID00018,3.0,213,3669.0,3672.0
10897,ID00019,3.0,213,3669.0,3672.0
10898,ID00020,3.0,213,3669.0,3672.0
10899,ID00021,3.0,213,3669.0,3672.0
10900,ID00022,3.0,213,3781.0,3784.0
10901,ID00023,3.0,213,3778.0,3781.0
10902,ID00024,3.0,213,3780.0,3783.0
10903,ID00025,3.0,213,3785.0,3788.0
10904,ID00026,3.0,213,3781.0,3784.0
10905,ID00027,3.0,213,3674.0,3677.0
10906,ID00028,3.0,213,3674.0,3677.0
10907,ID00029,3.0,213,3674.0,3677.0
10908,ID00030,3.0,213,3674.0,3677.0
10909,ID00031,3.0,213,3675.0,3678.0
10910,ID00032,172.0,213,3786.0,3958.0
10911,ID00033,230.0,213,3783.0,4013.0
10912,ID00034,125.0,213,3785.0,3910.0
10913,ID00035,175.0,213,3791.0,3966.0
10914,ID00036,163.0,213,3786.0,3949.0
10915,ID00037,178.0,213,3678.0,3856.0
10916,ID00038,217.0,213,3678.0,3895.0
10917,ID00039,175.0,213,3678.0,3853.0
10918,ID00040,181.0,213,3678.0,3859.0
10919,ID00041,158.0,213,3679.0,3837.0
10920,ID00042,3.0,213,4015.0,4018.0
10921,ID00043,3.0,213,3896.0,3899.0
10922,ID00044,3.0,213,4026.0,4029.0
10923,ID00045,3.0,213,4040.0,4043.0
10924,ID00046,62.0,213,4044.0,4106.0
10925,finish,0.0,213,4107.0,4107.0
10926,entry,0.0,214,3600,3600.0
10927,ID00000,57.0,214,3886.0,3943.0
10928,ID00001,56.0,214,3886.0,3942.0
10929,ID00002,54.0,214,3886.0,3940.0
10930,ID00003,54.0,214,3886.0,3940.0
10931,ID00004,56.0,214,3885.0,3941.0
10932,ID00005,55.0,214,3886.0,3941.0
10933,ID00006,55.0,214,3886.0,3941.0
10934,ID00007,55.0,214,3886.0,3941.0
10935,ID00008,55.0,214,3886.0,3941.0
10936,ID00009,55.0,214,3886.0,3941.0
10937,ID00010,54.0,214,3886.0,3940.0
10938,ID00011,54.0,214,3886.0,3940.0
10939,ID00012,1768.0,214,3950.0,5718.0
10940,ID00013,1486.0,214,3950.0,5436.0
10941,ID00014,1667.0,214,3948.0,5615.0
10942,ID00015,1360.0,214,3947.0,5307.0
10943,ID00016,1286.0,214,3948.0,5234.0
10944,ID00017,1598.0,214,3948.0,5546.0
10945,ID00018,880.0,214,3948.0,4828.0
10946,ID00019,1746.0,214,3948.0,5694.0
10947,ID00020,988.0,214,3948.0,4936.0
10948,ID00021,1553.0,214,3948.0,5501.0
10949,ID00022,2027.0,214,3948.0,5975.0
10950,ID00023,1807.0,214,3947.0,5754.0
10951,ID00024,17.0,214,5978.0,5995.0
10952,ID00025,15.0,214,5998.0,6013.0
10953,ID00026,15.0,214,5998.0,6013.0
10954,ID00027,16.0,214,5998.0,6014.0
10955,ID00028,14.0,214,5998.0,6012.0
10956,ID00029,18.0,214,5998.0,6016.0
10957,ID00030,17.0,214,5998.0,6015.0
10958,ID00031,17.0,214,5998.0,6015.0
10959,ID00032,16.0,214,5998.0,6014.0
10960,ID00033,16.0,214,5998.0,6014.0
10961,ID00034,17.0,214,5998.0,6015.0
10962,ID00035,15.0,214,5998.0,6013.0
10963,ID00036,13.0,214,5998.0,6011.0
10964,ID00037,1607.0,214,6016.0,7623.0
10965,ID00038,1213.0,214,6016.0,7229.0
10966,ID00039,1186.0,214,6017.0,7203.0
10967,ID00040,1749.0,214,6015.0,7764.0
10968,ID00041,1473.0,214,6019.0,7492.0
10969,ID00042,1670.0,214,6018.0,7688.0
10970,ID00043,1139.0,214,6018.0,7157.0
10971,ID00044,1855.0,214,6017.0,7872.0
10972,ID00045,2015.0,214,6017.0,8032.0
10973,ID00046,2007.0,214,6018.0,8025.0
10974,ID00047,1767.0,214,6016.0,7783.0
10975,ID00048,911.0,214,6014.0,6925.0
10976,ID00049,16.0,214,8035.0,8051.0
10977,finish,0.0,214,8052.0,8052.0
10978,entry,0.0,215,3600,3600.0
10979,ID00000,6.0,215,9587.0,9593.0
10980,ID00001,5.0,215,9558.0,9563.0
10981,ID00002,3417.0,215,5167.0,8584.0
10982,ID00003,542.0,215,8608.0,9150.0
10983,ID00004,27.0,215,9153.0,9180.0
10984,ID00005,627.0,215,8608.0,9235.0
10985,ID00006,22.0,215,9238.0,9260.0
10986,ID00007,382.0,215,8608.0,8990.0
10987,ID00008,20.0,215,8993.0,9013.0
10988,ID00009,449.0,215,8608.0,9057.0
10989,ID00010,27.0,215,9060.0,9087.0
10990,ID00011,453.0,215,8608.0,9061.0
10991,ID00012,27.0,215,9064.0,9091.0
10992,ID00013,757.0,215,8608.0,9365.0
10993,ID00014,28.0,215,9368.0,9396.0
10994,ID00015,598.0,215,8608.0,9206.0
10995,ID00016,12.0,215,9209.0,9221.0
10996,ID00017,445.0,215,8608.0,9053.0
10997,ID00018,10.0,215,9056.0,9066.0
10998,ID00019,947.0,215,8608.0,9555.0
10999,ID00020,26.0,215,9558.0,9584.0
11000,ID00021,688.0,215,8608.0,9296.0
11001,ID00022,25.0,215,9299.0,9324.0
11002,ID00023,2589.0,215,5175.0,7764.0
11003,ID00024,1086.0,215,7780.0,8866.0
11004,ID00025,15.0,215,8869.0,8884.0
11005,ID00026,669.0,215,7780.0,8449.0
11006,ID00027,21.0,215,8452.0,8473.0
11007,ID00028,784.0,215,7780.0,8564.0
11008,ID00029,21.0,215,8567.0,8588.0
11009,ID00030,937.0,215,7780.0,8717.0
11010,ID00031,11.0,215,8720.0,8731.0
11011,ID00032,541.0,215,7780.0,8321.0
11012,ID00033,22.0,215,8324.0,8346.0
11013,ID00034,518.0,215,7780.0,8298.0
11014,ID00035,20.0,215,8301.0,8321.0
11015,ID00036,1103.0,215,7780.0,8883.0
11016,ID00037,19.0,215,8886.0,8905.0
11017,ID00038,969.0,215,7780.0,8749.0
11018,ID00039,19.0,215,8752.0,8771.0
11019,ID00040,490.0,215,7780.0,8270.0
11020,ID00041,27.0,215,8273.0,8300.0
11021,ID00042,984.0,215,7780.0,8764.0
11022,ID00043,19.0,215,8767.0,8786.0
11023,ID00044,446.0,215,7780.0,8226.0
11024,ID00045,23.0,215,8229.0,8252.0
11025,ID00046,441.0,215,7780.0,8221.0
11026,ID00047,10.0,215,8224.0,8234.0
11027,ID00048,602.0,215,7780.0,8382.0
11028,ID00049,12.0,215,8385.0,8397.0
11029,finish,0.0,215,9594.0,9594.0
11030,entry,0.0,216,3600,3600.0
11031,ID00000,57.0,216,3886.0,3943.0
11032,ID00001,56.0,216,3886.0,3942.0
11033,ID00002,54.0,216,3886.0,3940.0
11034,ID00003,54.0,216,3886.0,3940.0
11035,ID00004,56.0,216,3885.0,3941.0
11036,ID00005,55.0,216,3886.0,3941.0
11037,ID00006,55.0,216,3886.0,3941.0
11038,ID00007,55.0,216,3886.0,3941.0
11039,ID00008,55.0,216,3886.0,3941.0
11040,ID00009,55.0,216,3886.0,3941.0
11041,ID00010,54.0,216,3886.0,3940.0
11042,ID00011,54.0,216,3886.0,3940.0
11043,ID00012,1768.0,216,3950.0,5718.0
11044,ID00013,1486.0,216,3950.0,5436.0
11045,ID00014,1667.0,216,3948.0,5615.0
11046,ID00015,1360.0,216,3947.0,5307.0
11047,ID00016,1286.0,216,3948.0,5234.0
11048,ID00017,1598.0,216,3948.0,5546.0
11049,ID00018,880.0,216,3948.0,4828.0
11050,ID00019,1746.0,216,3948.0,5694.0
11051,ID00020,988.0,216,3948.0,4936.0
11052,ID00021,1553.0,216,3948.0,5501.0
11053,ID00022,2027.0,216,3948.0,5975.0
11054,ID00023,1807.0,216,3947.0,5754.0
11055,ID00024,17.0,216,5978.0,5995.0
11056,ID00025,15.0,216,5998.0,6013.0
11057,ID00026,15.0,216,5998.0,6013.0
11058,ID00027,16.0,216,5998.0,6014.0
11059,ID00028,14.0,216,5998.0,6012.0
11060,ID00029,18.0,216,5998.0,6016.0
11061,ID00030,17.0,216,5998.0,6015.0
11062,ID00031,17.0,216,5998.0,6015.0
11063,ID00032,16.0,216,5998.0,6014.0
11064,ID00033,16.0,216,5998.0,6014.0
11065,ID00034,17.0,216,5998.0,6015.0
11066,ID00035,15.0,216,5998.0,6013.0
11067,ID00036,13.0,216,5998.0,6011.0
11068,ID00037,1607.0,216,6016.0,7623.0
11069,ID00038,1213.0,216,6016.0,7229.0
11070,ID00039,1186.0,216,6017.0,7203.0
11071,ID00040,1749.0,216,6015.0,7764.0
11072,ID00041,1473.0,216,6019.0,7492.0
11073,ID00042,1670.0,216,6018.0,7688.0
11074,ID00043,1139.0,216,6018.0,7157.0
11075,ID00044,1855.0,216,6017.0,7872.0
11076,ID00045,2015.0,216,6017.0,8032.0
11077,ID00046,2007.0,216,6018.0,8025.0
11078,ID00047,1767.0,216,6016.0,7783.0
11079,ID00048,911.0,216,6014.0,6925.0
11080,ID00049,16.0,216,8035.0,8051.0
11081,finish,0.0,216,8052.0,8052.0
11082,entry,0.0,217,3600,3600.0
11083,ID00000,6.0,217,9587.0,9593.0
11084,ID00001,5.0,217,9558.0,9563.0
11085,ID00002,3417.0,217,5167.0,8584.0
11086,ID00003,542.0,217,8608.0,9150.0
11087,ID00004,27.0,217,9153.0,9180.0
11088,ID00005,627.0,217,8608.0,9235.0
11089,ID00006,22.0,217,9238.0,9260.0
11090,ID00007,382.0,217,8608.0,8990.0
11091,ID00008,20.0,217,8993.0,9013.0
11092,ID00009,449.0,217,8608.0,9057.0
11093,ID00010,27.0,217,9060.0,9087.0
11094,ID00011,453.0,217,8608.0,9061.0
11095,ID00012,27.0,217,9064.0,9091.0
11096,ID00013,757.0,217,8608.0,9365.0
11097,ID00014,28.0,217,9368.0,9396.0
11098,ID00015,598.0,217,8608.0,9206.0
11099,ID00016,12.0,217,9209.0,9221.0
11100,ID00017,445.0,217,8608.0,9053.0
11101,ID00018,10.0,217,9056.0,9066.0
11102,ID00019,947.0,217,8608.0,9555.0
11103,ID00020,26.0,217,9558.0,9584.0
11104,ID00021,688.0,217,8608.0,9296.0
11105,ID00022,25.0,217,9299.0,9324.0
11106,ID00023,2589.0,217,5175.0,7764.0
11107,ID00024,1086.0,217,7780.0,8866.0
11108,ID00025,15.0,217,8869.0,8884.0
11109,ID00026,669.0,217,7780.0,8449.0
11110,ID00027,21.0,217,8452.0,8473.0
11111,ID00028,784.0,217,7780.0,8564.0
11112,ID00029,21.0,217,8567.0,8588.0
11113,ID00030,937.0,217,7780.0,8717.0
11114,ID00031,11.0,217,8720.0,8731.0
11115,ID00032,541.0,217,7780.0,8321.0
11116,ID00033,22.0,217,8324.0,8346.0
11117,ID00034,518.0,217,7780.0,8298.0
11118,ID00035,20.0,217,8301.0,8321.0
11119,ID00036,1103.0,217,7780.0,8883.0
11120,ID00037,19.0,217,8886.0,8905.0
11121,ID00038,969.0,217,7780.0,8749.0
11122,ID00039,19.0,217,8752.0,8771.0
11123,ID00040,490.0,217,7780.0,8270.0
11124,ID00041,27.0,217,8273.0,8300.0
11125,ID00042,984.0,217,7780.0,8764.0
11126,ID00043,19.0,217,8767.0,8786.0
11127,ID00044,446.0,217,7780.0,8226.0
11128,ID00045,23.0,217,8229.0,8252.0
11129,ID00046,441.0,217,7780.0,8221.0
11130,ID00047,10.0,217,8224.0,8234.0
11131,ID00048,602.0,217,7780.0,8382.0
11132,ID00049,12.0,217,8385.0,8397.0
11133,finish,0.0,217,9594.0,9594.0
11134,entry,0.0,218,3600,3600.0
11135,ID00000,3.0,218,3674.0,3677.0
11136,ID00001,3.0,218,3627.0,3630.0
11137,ID00002,3.0,218,3753.0,3756.0
11138,ID00003,3.0,218,3753.0,3756.0
11139,ID00004,3.0,218,3753.0,3756.0
11140,ID00005,3.0,218,3753.0,3756.0
11141,ID00006,3.0,218,3753.0,3756.0
11142,ID00007,3.0,218,3660.0,3663.0
11143,ID00008,3.0,218,3660.0,3663.0
11144,ID00009,3.0,218,3660.0,3663.0
11145,ID00010,3.0,218,3660.0,3663.0
11146,ID00011,3.0,218,3660.0,3663.0
11147,ID00012,3.0,218,3772.0,3775.0
11148,ID00013,3.0,218,3770.0,3773.0
11149,ID00014,3.0,218,3772.0,3775.0
11150,ID00015,3.0,218,3772.0,3775.0
11151,ID00016,3.0,218,3772.0,3775.0
11152,ID00017,3.0,218,3669.0,3672.0
11153,ID00018,3.0,218,3669.0,3672.0
11154,ID00019,3.0,218,3669.0,3672.0
11155,ID00020,3.0,218,3669.0,3672.0
11156,ID00021,3.0,218,3669.0,3672.0
11157,ID00022,3.0,218,3781.0,3784.0
11158,ID00023,3.0,218,3778.0,3781.0
11159,ID00024,3.0,218,3780.0,3783.0
11160,ID00025,3.0,218,3785.0,3788.0
11161,ID00026,3.0,218,3781.0,3784.0
11162,ID00027,3.0,218,3674.0,3677.0
11163,ID00028,3.0,218,3674.0,3677.0
11164,ID00029,3.0,218,3674.0,3677.0
11165,ID00030,3.0,218,3674.0,3677.0
11166,ID00031,3.0,218,3675.0,3678.0
11167,ID00032,172.0,218,3786.0,3958.0
11168,ID00033,230.0,218,3783.0,4013.0
11169,ID00034,125.0,218,3785.0,3910.0
11170,ID00035,175.0,218,3791.0,3966.0
11171,ID00036,163.0,218,3786.0,3949.0
11172,ID00037,178.0,218,3678.0,3856.0
11173,ID00038,217.0,218,3678.0,3895.0
11174,ID00039,175.0,218,3678.0,3853.0
11175,ID00040,181.0,218,3678.0,3859.0
11176,ID00041,158.0,218,3679.0,3837.0
11177,ID00042,3.0,218,4015.0,4018.0
11178,ID00043,3.0,218,3896.0,3899.0
11179,ID00044,3.0,218,4026.0,4029.0
11180,ID00045,3.0,218,4040.0,4043.0
11181,ID00046,62.0,218,4044.0,4106.0
11182,finish,0.0,218,4107.0,4107.0
11183,entry,0.0,219,3600,3600.0
11184,ID00000,3.0,219,3674.0,3677.0
11185,ID00001,3.0,219,3627.0,3630.0
11186,ID00002,3.0,219,3753.0,3756.0
11187,ID00003,3.0,219,3753.0,3756.0
11188,ID00004,3.0,219,3753.0,3756.0
11189,ID00005,3.0,219,3753.0,3756.0
11190,ID00006,3.0,219,3753.0,3756.0
11191,ID00007,3.0,219,3660.0,3663.0
11192,ID00008,3.0,219,3660.0,3663.0
11193,ID00009,3.0,219,3660.0,3663.0
11194,ID00010,3.0,219,3660.0,3663.0
11195,ID00011,3.0,219,3660.0,3663.0
11196,ID00012,3.0,219,3772.0,3775.0
11197,ID00013,3.0,219,3770.0,3773.0
11198,ID00014,3.0,219,3772.0,3775.0
11199,ID00015,3.0,219,3772.0,3775.0
11200,ID00016,3.0,219,3772.0,3775.0
11201,ID00017,3.0,219,3669.0,3672.0
11202,ID00018,3.0,219,3669.0,3672.0
11203,ID00019,3.0,219,3669.0,3672.0
11204,ID00020,3.0,219,3669.0,3672.0
11205,ID00021,3.0,219,3669.0,3672.0
11206,ID00022,3.0,219,3781.0,3784.0
11207,ID00023,3.0,219,3778.0,3781.0
11208,ID00024,3.0,219,3780.0,3783.0
11209,ID00025,3.0,219,3785.0,3788.0
11210,ID00026,3.0,219,3781.0,3784.0
11211,ID00027,3.0,219,3674.0,3677.0
11212,ID00028,3.0,219,3674.0,3677.0
11213,ID00029,3.0,219,3674.0,3677.0
11214,ID00030,3.0,219,3674.0,3677.0
11215,ID00031,3.0,219,3675.0,3678.0
11216,ID00032,172.0,219,3786.0,3958.0
11217,ID00033,230.0,219,3783.0,4013.0
11218,ID00034,125.0,219,3785.0,3910.0
11219,ID00035,175.0,219,3791.0,3966.0
11220,ID00036,163.0,219,3786.0,3949.0
11221,ID00037,178.0,219,3678.0,3856.0
11222,ID00038,217.0,219,3678.0,3895.0
11223,ID00039,175.0,219,3678.0,3853.0
11224,ID00040,181.0,219,3678.0,3859.0
11225,ID00041,158.0,219,3679.0,3837.0
11226,ID00042,3.0,219,4015.0,4018.0
11227,ID00043,3.0,219,3896.0,3899.0
11228,ID00044,3.0,219,4026.0,4029.0
11229,ID00045,3.0,219,4040.0,4043.0
11230,ID00046,62.0,219,4044.0,4106.0
11231,finish,0.0,219,4107.0,4107.0
11232,entry,0.0,220,3600,3600.0
11233,ID00000,6.0,220,9587.0,9593.0
11234,ID00001,5.0,220,9558.0,9563.0
11235,ID00002,3417.0,220,5167.0,8584.0
11236,ID00003,542.0,220,8608.0,9150.0
11237,ID00004,27.0,220,9153.0,9180.0
11238,ID00005,627.0,220,8608.0,9235.0
11239,ID00006,22.0,220,9238.0,9260.0
11240,ID00007,382.0,220,8608.0,8990.0
11241,ID00008,20.0,220,8993.0,9013.0
11242,ID00009,449.0,220,8608.0,9057.0
11243,ID00010,27.0,220,9060.0,9087.0
11244,ID00011,453.0,220,8608.0,9061.0
11245,ID00012,27.0,220,9064.0,9091.0
11246,ID00013,757.0,220,8608.0,9365.0
11247,ID00014,28.0,220,9368.0,9396.0
11248,ID00015,598.0,220,8608.0,9206.0
11249,ID00016,12.0,220,9209.0,9221.0
11250,ID00017,445.0,220,8608.0,9053.0
11251,ID00018,10.0,220,9056.0,9066.0
11252,ID00019,947.0,220,8608.0,9555.0
11253,ID00020,26.0,220,9558.0,9584.0
11254,ID00021,688.0,220,8608.0,9296.0
11255,ID00022,25.0,220,9299.0,9324.0
11256,ID00023,2589.0,220,5175.0,7764.0
11257,ID00024,1086.0,220,7780.0,8866.0
11258,ID00025,15.0,220,8869.0,8884.0
11259,ID00026,669.0,220,7780.0,8449.0
11260,ID00027,21.0,220,8452.0,8473.0
11261,ID00028,784.0,220,7780.0,8564.0
11262,ID00029,21.0,220,8567.0,8588.0
11263,ID00030,937.0,220,7780.0,8717.0
11264,ID00031,11.0,220,8720.0,8731.0
11265,ID00032,541.0,220,7780.0,8321.0
11266,ID00033,22.0,220,8324.0,8346.0
11267,ID00034,518.0,220,7780.0,8298.0
11268,ID00035,20.0,220,8301.0,8321.0
11269,ID00036,1103.0,220,7780.0,8883.0
11270,ID00037,19.0,220,8886.0,8905.0
11271,ID00038,969.0,220,7780.0,8749.0
11272,ID00039,19.0,220,8752.0,8771.0
11273,ID00040,490.0,220,7780.0,8270.0
11274,ID00041,27.0,220,8273.0,8300.0
11275,ID00042,984.0,220,7780.0,8764.0
11276,ID00043,19.0,220,8767.0,8786.0
11277,ID00044,446.0,220,7780.0,8226.0
11278,ID00045,23.0,220,8229.0,8252.0
11279,ID00046,441.0,220,7780.0,8221.0
11280,ID00047,10.0,220,8224.0,8234.0
11281,ID00048,602.0,220,7780.0,8382.0
11282,ID00049,12.0,220,8385.0,8397.0
11283,finish,0.0,220,9594.0,9594.0
11284,entry,0.0,221,3600,3600.0
11285,ID00000,3.0,221,3674.0,3677.0
11286,ID00001,3.0,221,3627.0,3630.0
11287,ID00002,3.0,221,3753.0,3756.0
11288,ID00003,3.0,221,3753.0,3756.0
11289,ID00004,3.0,221,3753.0,3756.0
11290,ID00005,3.0,221,3753.0,3756.0
11291,ID00006,3.0,221,3753.0,3756.0
11292,ID00007,3.0,221,3660.0,3663.0
11293,ID00008,3.0,221,3660.0,3663.0
11294,ID00009,3.0,221,3660.0,3663.0
11295,ID00010,3.0,221,3660.0,3663.0
11296,ID00011,3.0,221,3660.0,3663.0
11297,ID00012,3.0,221,3772.0,3775.0
11298,ID00013,3.0,221,3770.0,3773.0
11299,ID00014,3.0,221,3772.0,3775.0
11300,ID00015,3.0,221,3772.0,3775.0
11301,ID00016,3.0,221,3772.0,3775.0
11302,ID00017,3.0,221,3669.0,3672.0
11303,ID00018,3.0,221,3669.0,3672.0
11304,ID00019,3.0,221,3669.0,3672.0
11305,ID00020,3.0,221,3669.0,3672.0
11306,ID00021,3.0,221,3669.0,3672.0
11307,ID00022,3.0,221,3781.0,3784.0
11308,ID00023,3.0,221,3778.0,3781.0
11309,ID00024,3.0,221,3780.0,3783.0
11310,ID00025,3.0,221,3785.0,3788.0
11311,ID00026,3.0,221,3781.0,3784.0
11312,ID00027,3.0,221,3674.0,3677.0
11313,ID00028,3.0,221,3674.0,3677.0
11314,ID00029,3.0,221,3674.0,3677.0
11315,ID00030,3.0,221,3674.0,3677.0
11316,ID00031,3.0,221,3675.0,3678.0
11317,ID00032,172.0,221,3786.0,3958.0
11318,ID00033,230.0,221,3783.0,4013.0
11319,ID00034,125.0,221,3785.0,3910.0
11320,ID00035,175.0,221,3791.0,3966.0
11321,ID00036,163.0,221,3786.0,3949.0
11322,ID00037,178.0,221,3678.0,3856.0
11323,ID00038,217.0,221,3678.0,3895.0
11324,ID00039,175.0,221,3678.0,3853.0
11325,ID00040,181.0,221,3678.0,3859.0
11326,ID00041,158.0,221,3679.0,3837.0
11327,ID00042,3.0,221,4015.0,4018.0
11328,ID00043,3.0,221,3896.0,3899.0
11329,ID00044,3.0,221,4026.0,4029.0
11330,ID00045,3.0,221,4040.0,4043.0
11331,ID00046,62.0,221,4044.0,4106.0
11332,finish,0.0,221,4107.0,4107.0
11333,entry,0.0,222,3600,3600.0
11334,ID00000,3.0,222,3608.0,3611.0
11335,ID00001,3.0,222,3604.0,3607.0
11336,ID00002,3.0,222,3604.0,3607.0
11337,ID00003,3.0,222,3604.0,3607.0
11338,ID00004,3.0,222,3604.0,3607.0
11339,ID00005,3.0,222,3604.0,3607.0
11340,ID00006,3.0,222,3604.0,3607.0
11341,ID00007,3.0,222,3604.0,3607.0
11342,ID00008,3.0,222,3604.0,3607.0
11343,ID00009,3.0,222,3604.0,3607.0
11344,ID00010,3.0,222,3604.0,3607.0
11345,ID00011,3.0,222,3604.0,3607.0
11346,ID00012,3.0,222,3604.0,3607.0
11347,ID00013,497.0,222,3602.0,4099.0
11348,ID00014,10.0,222,3602.0,3612.0
11349,ID00015,20.0,222,3603.0,3623.0
11350,ID00016,468.0,222,4504.0,4972.0
11351,ID00017,134.0,222,4975.0,5109.0
11352,ID00018,3.0,222,5123.0,5126.0
11353,ID00019,3.0,222,5123.0,5126.0
11354,ID00020,329.0,222,5123.0,5452.0
11355,ID00021,9.0,222,5127.0,5136.0
11356,ID00022,3.0,222,5123.0,5126.0
11357,ID00023,3.0,222,5460.0,5463.0
11358,ID00025,3.0,222,3608.0,3611.0
11359,ID00026,3.0,222,3604.0,3607.0
11360,ID00027,3.0,222,3604.0,3607.0
11361,ID00028,3.0,222,3604.0,3607.0
11362,ID00029,3.0,222,3604.0,3607.0
11363,ID00030,3.0,222,3604.0,3607.0
11364,ID00031,3.0,222,3604.0,3607.0
11365,ID00032,3.0,222,3604.0,3607.0
11366,ID00033,3.0,222,3604.0,3607.0
11367,ID00034,3.0,222,3604.0,3607.0
11368,ID00035,3.0,222,3604.0,3607.0
11369,ID00036,3.0,222,3604.0,3607.0
11370,ID00037,3.0,222,3604.0,3607.0
11371,ID00038,277.0,222,3602.0,3879.0
11372,ID00039,10.0,222,3602.0,3612.0
11373,ID00040,9.0,222,3603.0,3612.0
11374,ID00041,626.0,222,4508.0,5134.0
11375,ID00042,46.0,222,5137.0,5183.0
11376,ID00043,3.0,222,5197.0,5200.0
11377,ID00044,3.0,222,5197.0,5200.0
11378,ID00045,319.0,222,5197.0,5516.0
11379,ID00046,9.0,222,5201.0,5210.0
11380,ID00047,3.0,222,5197.0,5200.0
11381,ID00048,3.0,222,5524.0,5527.0
11382,finish,0.0,222,5535.0,5535.0
11383,entry,0.0,223,3600,3600.0
11384,ID00000,57.0,223,3886.0,3943.0
11385,ID00001,56.0,223,3886.0,3942.0
11386,ID00002,54.0,223,3886.0,3940.0
11387,ID00003,54.0,223,3886.0,3940.0
11388,ID00004,56.0,223,3885.0,3941.0
11389,ID00005,55.0,223,3886.0,3941.0
11390,ID00006,55.0,223,3886.0,3941.0
11391,ID00007,55.0,223,3886.0,3941.0
11392,ID00008,55.0,223,3886.0,3941.0
11393,ID00009,55.0,223,3886.0,3941.0
11394,ID00010,54.0,223,3886.0,3940.0
11395,ID00011,54.0,223,3886.0,3940.0
11396,ID00012,1768.0,223,3950.0,5718.0
11397,ID00013,1486.0,223,3950.0,5436.0
11398,ID00014,1667.0,223,3948.0,5615.0
11399,ID00015,1360.0,223,3947.0,5307.0
11400,ID00016,1286.0,223,3948.0,5234.0
11401,ID00017,1598.0,223,3948.0,5546.0
11402,ID00018,880.0,223,3948.0,4828.0
11403,ID00019,1746.0,223,3948.0,5694.0
11404,ID00020,988.0,223,3948.0,4936.0
11405,ID00021,1553.0,223,3948.0,5501.0
11406,ID00022,2027.0,223,3948.0,5975.0
11407,ID00023,1807.0,223,3947.0,5754.0
11408,ID00024,17.0,223,5978.0,5995.0
11409,ID00025,15.0,223,5998.0,6013.0
11410,ID00026,15.0,223,5998.0,6013.0
11411,ID00027,16.0,223,5998.0,6014.0
11412,ID00028,14.0,223,5998.0,6012.0
11413,ID00029,18.0,223,5998.0,6016.0
11414,ID00030,17.0,223,5998.0,6015.0
11415,ID00031,17.0,223,5998.0,6015.0
11416,ID00032,16.0,223,5998.0,6014.0
11417,ID00033,16.0,223,5998.0,6014.0
11418,ID00034,17.0,223,5998.0,6015.0
11419,ID00035,15.0,223,5998.0,6013.0
11420,ID00036,13.0,223,5998.0,6011.0
11421,ID00037,1607.0,223,6016.0,7623.0
11422,ID00038,1213.0,223,6016.0,7229.0
11423,ID00039,1186.0,223,6017.0,7203.0
11424,ID00040,1749.0,223,6015.0,7764.0
11425,ID00041,1473.0,223,6019.0,7492.0
11426,ID00042,1670.0,223,6018.0,7688.0
11427,ID00043,1139.0,223,6018.0,7157.0
11428,ID00044,1855.0,223,6017.0,7872.0
11429,ID00045,2015.0,223,6017.0,8032.0
11430,ID00046,2007.0,223,6018.0,8025.0
11431,ID00047,1767.0,223,6016.0,7783.0
11432,ID00048,911.0,223,6014.0,6925.0
11433,ID00049,16.0,223,8035.0,8051.0
11434,finish,0.0,223,8052.0,8052.0
11435,entry,0.0,224,3600,3600.0
11436,ID00000,57.0,224,3886.0,3943.0
11437,ID00001,56.0,224,3886.0,3942.0
11438,ID00002,54.0,224,3886.0,3940.0
11439,ID00003,54.0,224,3886.0,3940.0
11440,ID00004,56.0,224,3885.0,3941.0
11441,ID00005,55.0,224,3886.0,3941.0
11442,ID00006,55.0,224,3886.0,3941.0
11443,ID00007,55.0,224,3886.0,3941.0
11444,ID00008,55.0,224,3886.0,3941.0
11445,ID00009,55.0,224,3886.0,3941.0
11446,ID00010,54.0,224,3886.0,3940.0
11447,ID00011,54.0,224,3886.0,3940.0
11448,ID00012,1768.0,224,3950.0,5718.0
11449,ID00013,1486.0,224,3950.0,5436.0
11450,ID00014,1667.0,224,3948.0,5615.0
11451,ID00015,1360.0,224,3947.0,5307.0
11452,ID00016,1286.0,224,3948.0,5234.0
11453,ID00017,1598.0,224,3948.0,5546.0
11454,ID00018,880.0,224,3948.0,4828.0
11455,ID00019,1746.0,224,3948.0,5694.0
11456,ID00020,988.0,224,3948.0,4936.0
11457,ID00021,1553.0,224,3948.0,5501.0
11458,ID00022,2027.0,224,3948.0,5975.0
11459,ID00023,1807.0,224,3947.0,5754.0
11460,ID00024,17.0,224,5978.0,5995.0
11461,ID00025,15.0,224,5998.0,6013.0
11462,ID00026,15.0,224,5998.0,6013.0
11463,ID00027,16.0,224,5998.0,6014.0
11464,ID00028,14.0,224,5998.0,6012.0
11465,ID00029,18.0,224,5998.0,6016.0
11466,ID00030,17.0,224,5998.0,6015.0
11467,ID00031,17.0,224,5998.0,6015.0
11468,ID00032,16.0,224,5998.0,6014.0
11469,ID00033,16.0,224,5998.0,6014.0
11470,ID00034,17.0,224,5998.0,6015.0
11471,ID00035,15.0,224,5998.0,6013.0
11472,ID00036,13.0,224,5998.0,6011.0
11473,ID00037,1607.0,224,6016.0,7623.0
11474,ID00038,1213.0,224,6016.0,7229.0
11475,ID00039,1186.0,224,6017.0,7203.0
11476,ID00040,1749.0,224,6015.0,7764.0
11477,ID00041,1473.0,224,6019.0,7492.0
11478,ID00042,1670.0,224,6018.0,7688.0
11479,ID00043,1139.0,224,6018.0,7157.0
11480,ID00044,1855.0,224,6017.0,7872.0
11481,ID00045,2015.0,224,6017.0,8032.0
11482,ID00046,2007.0,224,6018.0,8025.0
11483,ID00047,1767.0,224,6016.0,7783.0
11484,ID00048,911.0,224,6014.0,6925.0
11485,ID00049,16.0,224,8035.0,8051.0
11486,finish,0.0,224,8052.0,8052.0
11487,entry,0.0,225,3600,3600.0
11488,ID00000,3.0,225,3608.0,3611.0
11489,ID00001,3.0,225,3604.0,3607.0
11490,ID00002,3.0,225,3604.0,3607.0
11491,ID00003,3.0,225,3604.0,3607.0
11492,ID00004,3.0,225,3604.0,3607.0
11493,ID00005,3.0,225,3604.0,3607.0
11494,ID00006,3.0,225,3604.0,3607.0
11495,ID00007,3.0,225,3604.0,3607.0
11496,ID00008,3.0,225,3604.0,3607.0
11497,ID00009,3.0,225,3604.0,3607.0
11498,ID00010,3.0,225,3604.0,3607.0
11499,ID00011,3.0,225,3604.0,3607.0
11500,ID00012,3.0,225,3604.0,3607.0
11501,ID00013,497.0,225,3602.0,4099.0
11502,ID00014,10.0,225,3602.0,3612.0
11503,ID00015,20.0,225,3603.0,3623.0
11504,ID00016,468.0,225,4504.0,4972.0
11505,ID00017,134.0,225,4975.0,5109.0
11506,ID00018,3.0,225,5123.0,5126.0
11507,ID00019,3.0,225,5123.0,5126.0
11508,ID00020,329.0,225,5123.0,5452.0
11509,ID00021,9.0,225,5127.0,5136.0
11510,ID00022,3.0,225,5123.0,5126.0
11511,ID00023,3.0,225,5460.0,5463.0
11512,ID00025,3.0,225,3608.0,3611.0
11513,ID00026,3.0,225,3604.0,3607.0
11514,ID00027,3.0,225,3604.0,3607.0
11515,ID00028,3.0,225,3604.0,3607.0
11516,ID00029,3.0,225,3604.0,3607.0
11517,ID00030,3.0,225,3604.0,3607.0
11518,ID00031,3.0,225,3604.0,3607.0
11519,ID00032,3.0,225,3604.0,3607.0
11520,ID00033,3.0,225,3604.0,3607.0
11521,ID00034,3.0,225,3604.0,3607.0
11522,ID00035,3.0,225,3604.0,3607.0
11523,ID00036,3.0,225,3604.0,3607.0
11524,ID00037,3.0,225,3604.0,3607.0
11525,ID00038,277.0,225,3602.0,3879.0
11526,ID00039,10.0,225,3602.0,3612.0
11527,ID00040,9.0,225,3603.0,3612.0
11528,ID00041,626.0,225,4508.0,5134.0
11529,ID00042,46.0,225,5137.0,5183.0
11530,ID00043,3.0,225,5197.0,5200.0
11531,ID00044,3.0,225,5197.0,5200.0
11532,ID00045,319.0,225,5197.0,5516.0
11533,ID00046,9.0,225,5201.0,5210.0
11534,ID00047,3.0,225,5197.0,5200.0
11535,ID00048,3.0,225,5524.0,5527.0
11536,finish,0.0,225,5535.0,5535.0
11537,entry,0.0,226,3600,3600.0
11538,ID00000,3.0,226,3674.0,3677.0
11539,ID00001,3.0,226,3627.0,3630.0
11540,ID00002,3.0,226,3753.0,3756.0
11541,ID00003,3.0,226,3753.0,3756.0
11542,ID00004,3.0,226,3753.0,3756.0
11543,ID00005,3.0,226,3753.0,3756.0
11544,ID00006,3.0,226,3753.0,3756.0
11545,ID00007,3.0,226,3660.0,3663.0
11546,ID00008,3.0,226,3660.0,3663.0
11547,ID00009,3.0,226,3660.0,3663.0
11548,ID00010,3.0,226,3660.0,3663.0
11549,ID00011,3.0,226,3660.0,3663.0
11550,ID00012,3.0,226,3772.0,3775.0
11551,ID00013,3.0,226,3770.0,3773.0
11552,ID00014,3.0,226,3772.0,3775.0
11553,ID00015,3.0,226,3772.0,3775.0
11554,ID00016,3.0,226,3772.0,3775.0
11555,ID00017,3.0,226,3669.0,3672.0
11556,ID00018,3.0,226,3669.0,3672.0
11557,ID00019,3.0,226,3669.0,3672.0
11558,ID00020,3.0,226,3669.0,3672.0
11559,ID00021,3.0,226,3669.0,3672.0
11560,ID00022,3.0,226,3781.0,3784.0
11561,ID00023,3.0,226,3778.0,3781.0
11562,ID00024,3.0,226,3780.0,3783.0
11563,ID00025,3.0,226,3785.0,3788.0
11564,ID00026,3.0,226,3781.0,3784.0
11565,ID00027,3.0,226,3674.0,3677.0
11566,ID00028,3.0,226,3674.0,3677.0
11567,ID00029,3.0,226,3674.0,3677.0
11568,ID00030,3.0,226,3674.0,3677.0
11569,ID00031,3.0,226,3675.0,3678.0
11570,ID00032,172.0,226,3786.0,3958.0
11571,ID00033,230.0,226,3783.0,4013.0
11572,ID00034,125.0,226,3785.0,3910.0
11573,ID00035,175.0,226,3791.0,3966.0
11574,ID00036,163.0,226,3786.0,3949.0
11575,ID00037,178.0,226,3678.0,3856.0
11576,ID00038,217.0,226,3678.0,3895.0
11577,ID00039,175.0,226,3678.0,3853.0
11578,ID00040,181.0,226,3678.0,3859.0
11579,ID00041,158.0,226,3679.0,3837.0
11580,ID00042,3.0,226,4015.0,4018.0
11581,ID00043,3.0,226,3896.0,3899.0
11582,ID00044,3.0,226,4026.0,4029.0
11583,ID00045,3.0,226,4040.0,4043.0
11584,ID00046,62.0,226,4044.0,4106.0
11585,finish,0.0,226,4107.0,4107.0
11586,entry,0.0,227,3600,3600.0
11587,ID00000,3.0,227,3674.0,3677.0
11588,ID00001,3.0,227,3627.0,3630.0
11589,ID00002,3.0,227,3753.0,3756.0
11590,ID00003,3.0,227,3753.0,3756.0
11591,ID00004,3.0,227,3753.0,3756.0
11592,ID00005,3.0,227,3753.0,3756.0
11593,ID00006,3.0,227,3753.0,3756.0
11594,ID00007,3.0,227,3660.0,3663.0
11595,ID00008,3.0,227,3660.0,3663.0
11596,ID00009,3.0,227,3660.0,3663.0
11597,ID00010,3.0,227,3660.0,3663.0
11598,ID00011,3.0,227,3660.0,3663.0
11599,ID00012,3.0,227,3772.0,3775.0
11600,ID00013,3.0,227,3770.0,3773.0
11601,ID00014,3.0,227,3772.0,3775.0
11602,ID00015,3.0,227,3772.0,3775.0
11603,ID00016,3.0,227,3772.0,3775.0
11604,ID00017,3.0,227,3669.0,3672.0
11605,ID00018,3.0,227,3669.0,3672.0
11606,ID00019,3.0,227,3669.0,3672.0
11607,ID00020,3.0,227,3669.0,3672.0
11608,ID00021,3.0,227,3669.0,3672.0
11609,ID00022,3.0,227,3781.0,3784.0
11610,ID00023,3.0,227,3778.0,3781.0
11611,ID00024,3.0,227,3780.0,3783.0
11612,ID00025,3.0,227,3785.0,3788.0
11613,ID00026,3.0,227,3781.0,3784.0
11614,ID00027,3.0,227,3674.0,3677.0
11615,ID00028,3.0,227,3674.0,3677.0
11616,ID00029,3.0,227,3674.0,3677.0
11617,ID00030,3.0,227,3674.0,3677.0
11618,ID00031,3.0,227,3675.0,3678.0
11619,ID00032,172.0,227,3786.0,3958.0
11620,ID00033,230.0,227,3783.0,4013.0
11621,ID00034,125.0,227,3785.0,3910.0
11622,ID00035,175.0,227,3791.0,3966.0
11623,ID00036,163.0,227,3786.0,3949.0
11624,ID00037,178.0,227,3678.0,3856.0
11625,ID00038,217.0,227,3678.0,3895.0
11626,ID00039,175.0,227,3678.0,3853.0
11627,ID00040,181.0,227,3678.0,3859.0
11628,ID00041,158.0,227,3679.0,3837.0
11629,ID00042,3.0,227,4015.0,4018.0
11630,ID00043,3.0,227,3896.0,3899.0
11631,ID00044,3.0,227,4026.0,4029.0
11632,ID00045,3.0,227,4040.0,4043.0
11633,ID00046,62.0,227,4044.0,4106.0
11634,finish,0.0,227,4107.0,4107.0
11635,entry,0.0,228,3600,3600.0
11636,ID00000,57.0,228,3886.0,3943.0
11637,ID00001,56.0,228,3886.0,3942.0
11638,ID00002,54.0,228,3886.0,3940.0
11639,ID00003,54.0,228,3886.0,3940.0
11640,ID00004,56.0,228,3885.0,3941.0
11641,ID00005,55.0,228,3886.0,3941.0
11642,ID00006,55.0,228,3886.0,3941.0
11643,ID00007,55.0,228,3886.0,3941.0
11644,ID00008,55.0,228,3886.0,3941.0
11645,ID00009,55.0,228,3886.0,3941.0
11646,ID00010,54.0,228,3886.0,3940.0
11647,ID00011,54.0,228,3886.0,3940.0
11648,ID00012,1768.0,228,3950.0,5718.0
11649,ID00013,1486.0,228,3950.0,5436.0
11650,ID00014,1667.0,228,3948.0,5615.0
11651,ID00015,1360.0,228,3947.0,5307.0
11652,ID00016,1286.0,228,3948.0,5234.0
11653,ID00017,1598.0,228,3948.0,5546.0
11654,ID00018,880.0,228,3948.0,4828.0
11655,ID00019,1746.0,228,3948.0,5694.0
11656,ID00020,988.0,228,3948.0,4936.0
11657,ID00021,1553.0,228,3948.0,5501.0
11658,ID00022,2027.0,228,3948.0,5975.0
11659,ID00023,1807.0,228,3947.0,5754.0
11660,ID00024,17.0,228,5978.0,5995.0
11661,ID00025,15.0,228,5998.0,6013.0
11662,ID00026,15.0,228,5998.0,6013.0
11663,ID00027,16.0,228,5998.0,6014.0
11664,ID00028,14.0,228,5998.0,6012.0
11665,ID00029,18.0,228,5998.0,6016.0
11666,ID00030,17.0,228,5998.0,6015.0
11667,ID00031,17.0,228,5998.0,6015.0
11668,ID00032,16.0,228,5998.0,6014.0
11669,ID00033,16.0,228,5998.0,6014.0
11670,ID00034,17.0,228,5998.0,6015.0
11671,ID00035,15.0,228,5998.0,6013.0
11672,ID00036,13.0,228,5998.0,6011.0
11673,ID00037,1607.0,228,6016.0,7623.0
11674,ID00038,1213.0,228,6016.0,7229.0
11675,ID00039,1186.0,228,6017.0,7203.0
11676,ID00040,1749.0,228,6015.0,7764.0
11677,ID00041,1473.0,228,6019.0,7492.0
11678,ID00042,1670.0,228,6018.0,7688.0
11679,ID00043,1139.0,228,6018.0,7157.0
11680,ID00044,1855.0,228,6017.0,7872.0
11681,ID00045,2015.0,228,6017.0,8032.0
11682,ID00046,2007.0,228,6018.0,8025.0
11683,ID00047,1767.0,228,6016.0,7783.0
11684,ID00048,911.0,228,6014.0,6925.0
11685,ID00049,16.0,228,8035.0,8051.0
11686,finish,0.0,228,8052.0,8052.0
11687,entry,0.0,229,3600,3600.0
11688,ID00000,57.0,229,3886.0,3943.0
11689,ID00001,56.0,229,3886.0,3942.0
11690,ID00002,54.0,229,3886.0,3940.0
11691,ID00003,54.0,229,3886.0,3940.0
11692,ID00004,56.0,229,3885.0,3941.0
11693,ID00005,55.0,229,3886.0,3941.0
11694,ID00006,55.0,229,3886.0,3941.0
11695,ID00007,55.0,229,3886.0,3941.0
11696,ID00008,55.0,229,3886.0,3941.0
11697,ID00009,55.0,229,3886.0,3941.0
11698,ID00010,54.0,229,3886.0,3940.0
11699,ID00011,54.0,229,3886.0,3940.0
11700,ID00012,1768.0,229,3950.0,5718.0
11701,ID00013,1486.0,229,3950.0,5436.0
11702,ID00014,1667.0,229,3948.0,5615.0
11703,ID00015,1360.0,229,3947.0,5307.0
11704,ID00016,1286.0,229,3948.0,5234.0
11705,ID00017,1598.0,229,3948.0,5546.0
11706,ID00018,880.0,229,3948.0,4828.0
11707,ID00019,1746.0,229,3948.0,5694.0
11708,ID00020,988.0,229,3948.0,4936.0
11709,ID00021,1553.0,229,3948.0,5501.0
11710,ID00022,2027.0,229,3948.0,5975.0
11711,ID00023,1807.0,229,3947.0,5754.0
11712,ID00024,17.0,229,5978.0,5995.0
11713,ID00025,15.0,229,5998.0,6013.0
11714,ID00026,15.0,229,5998.0,6013.0
11715,ID00027,16.0,229,5998.0,6014.0
11716,ID00028,14.0,229,5998.0,6012.0
11717,ID00029,18.0,229,5998.0,6016.0
11718,ID00030,17.0,229,5998.0,6015.0
11719,ID00031,17.0,229,5998.0,6015.0
11720,ID00032,16.0,229,5998.0,6014.0
11721,ID00033,16.0,229,5998.0,6014.0
11722,ID00034,17.0,229,5998.0,6015.0
11723,ID00035,15.0,229,5998.0,6013.0
11724,ID00036,13.0,229,5998.0,6011.0
11725,ID00037,1607.0,229,6016.0,7623.0
11726,ID00038,1213.0,229,6016.0,7229.0
11727,ID00039,1186.0,229,6017.0,7203.0
11728,ID00040,1749.0,229,6015.0,7764.0
11729,ID00041,1473.0,229,6019.0,7492.0
11730,ID00042,1670.0,229,6018.0,7688.0
11731,ID00043,1139.0,229,6018.0,7157.0
11732,ID00044,1855.0,229,6017.0,7872.0
11733,ID00045,2015.0,229,6017.0,8032.0
11734,ID00046,2007.0,229,6018.0,8025.0
11735,ID00047,1767.0,229,6016.0,7783.0
11736,ID00048,911.0,229,6014.0,6925.0
11737,ID00049,16.0,229,8035.0,8051.0
11738,finish,0.0,229,8052.0,8052.0
11739,entry,0.0,230,3600,3600.0
11740,ID00000,6.0,230,9587.0,9593.0
11741,ID00001,5.0,230,9558.0,9563.0
11742,ID00002,3417.0,230,5167.0,8584.0
11743,ID00003,542.0,230,8608.0,9150.0
11744,ID00004,27.0,230,9153.0,9180.0
11745,ID00005,627.0,230,8608.0,9235.0
11746,ID00006,22.0,230,9238.0,9260.0
11747,ID00007,382.0,230,8608.0,8990.0
11748,ID00008,20.0,230,8993.0,9013.0
11749,ID00009,449.0,230,8608.0,9057.0
11750,ID00010,27.0,230,9060.0,9087.0
11751,ID00011,453.0,230,8608.0,9061.0
11752,ID00012,27.0,230,9064.0,9091.0
11753,ID00013,757.0,230,8608.0,9365.0
11754,ID00014,28.0,230,9368.0,9396.0
11755,ID00015,598.0,230,8608.0,9206.0
11756,ID00016,12.0,230,9209.0,9221.0
11757,ID00017,445.0,230,8608.0,9053.0
11758,ID00018,10.0,230,9056.0,9066.0
11759,ID00019,947.0,230,8608.0,9555.0
11760,ID00020,26.0,230,9558.0,9584.0
11761,ID00021,688.0,230,8608.0,9296.0
11762,ID00022,25.0,230,9299.0,9324.0
11763,ID00023,2589.0,230,5175.0,7764.0
11764,ID00024,1086.0,230,7780.0,8866.0
11765,ID00025,15.0,230,8869.0,8884.0
11766,ID00026,669.0,230,7780.0,8449.0
11767,ID00027,21.0,230,8452.0,8473.0
11768,ID00028,784.0,230,7780.0,8564.0
11769,ID00029,21.0,230,8567.0,8588.0
11770,ID00030,937.0,230,7780.0,8717.0
11771,ID00031,11.0,230,8720.0,8731.0
11772,ID00032,541.0,230,7780.0,8321.0
11773,ID00033,22.0,230,8324.0,8346.0
11774,ID00034,518.0,230,7780.0,8298.0
11775,ID00035,20.0,230,8301.0,8321.0
11776,ID00036,1103.0,230,7780.0,8883.0
11777,ID00037,19.0,230,8886.0,8905.0
11778,ID00038,969.0,230,7780.0,8749.0
11779,ID00039,19.0,230,8752.0,8771.0
11780,ID00040,490.0,230,7780.0,8270.0
11781,ID00041,27.0,230,8273.0,8300.0
11782,ID00042,984.0,230,7780.0,8764.0
11783,ID00043,19.0,230,8767.0,8786.0
11784,ID00044,446.0,230,7780.0,8226.0
11785,ID00045,23.0,230,8229.0,8252.0
11786,ID00046,441.0,230,7780.0,8221.0
11787,ID00047,10.0,230,8224.0,8234.0
11788,ID00048,602.0,230,7780.0,8382.0
11789,ID00049,12.0,230,8385.0,8397.0
11790,finish,0.0,230,9594.0,9594.0
11791,entry,0.0,231,3600,3600.0
11792,ID00000,6.0,231,9587.0,9593.0
11793,ID00001,5.0,231,9558.0,9563.0
11794,ID00002,3417.0,231,5167.0,8584.0
11795,ID00003,542.0,231,8608.0,9150.0
11796,ID00004,27.0,231,9153.0,9180.0
11797,ID00005,627.0,231,8608.0,9235.0
11798,ID00006,22.0,231,9238.0,9260.0
11799,ID00007,382.0,231,8608.0,8990.0
11800,ID00008,20.0,231,8993.0,9013.0
11801,ID00009,449.0,231,8608.0,9057.0
11802,ID00010,27.0,231,9060.0,9087.0
11803,ID00011,453.0,231,8608.0,9061.0
11804,ID00012,27.0,231,9064.0,9091.0
11805,ID00013,757.0,231,8608.0,9365.0
11806,ID00014,28.0,231,9368.0,9396.0
11807,ID00015,598.0,231,8608.0,9206.0
11808,ID00016,12.0,231,9209.0,9221.0
11809,ID00017,445.0,231,8608.0,9053.0
11810,ID00018,10.0,231,9056.0,9066.0
11811,ID00019,947.0,231,8608.0,9555.0
11812,ID00020,26.0,231,9558.0,9584.0
11813,ID00021,688.0,231,8608.0,9296.0
11814,ID00022,25.0,231,9299.0,9324.0
11815,ID00023,2589.0,231,5175.0,7764.0
11816,ID00024,1086.0,231,7780.0,8866.0
11817,ID00025,15.0,231,8869.0,8884.0
11818,ID00026,669.0,231,7780.0,8449.0
11819,ID00027,21.0,231,8452.0,8473.0
11820,ID00028,784.0,231,7780.0,8564.0
11821,ID00029,21.0,231,8567.0,8588.0
11822,ID00030,937.0,231,7780.0,8717.0
11823,ID00031,11.0,231,8720.0,8731.0
11824,ID00032,541.0,231,7780.0,8321.0
11825,ID00033,22.0,231,8324.0,8346.0
11826,ID00034,518.0,231,7780.0,8298.0
11827,ID00035,20.0,231,8301.0,8321.0
11828,ID00036,1103.0,231,7780.0,8883.0
11829,ID00037,19.0,231,8886.0,8905.0
11830,ID00038,969.0,231,7780.0,8749.0
11831,ID00039,19.0,231,8752.0,8771.0
11832,ID00040,490.0,231,7780.0,8270.0
11833,ID00041,27.0,231,8273.0,8300.0
11834,ID00042,984.0,231,7780.0,8764.0
11835,ID00043,19.0,231,8767.0,8786.0
11836,ID00044,446.0,231,7780.0,8226.0
11837,ID00045,23.0,231,8229.0,8252.0
11838,ID00046,441.0,231,7780.0,8221.0
11839,ID00047,10.0,231,8224.0,8234.0
11840,ID00048,602.0,231,7780.0,8382.0
11841,ID00049,12.0,231,8385.0,8397.0
11842,finish,0.0,231,9594.0,9594.0
11843,entry,0.0,232,3600,3600.0
11844,ID00000,165.0,232,3623.0,3788.0
11845,ID00001,165.0,232,3623.0,3788.0
11846,ID00002,166.0,232,3623.0,3789.0
11847,ID00003,166.0,232,3623.0,3789.0
11848,ID00004,163.0,232,3623.0,3786.0
11849,ID00005,166.0,232,3623.0,3789.0
11850,ID00006,164.0,232,3623.0,3787.0
11851,ID00007,166.0,232,3623.0,3789.0
11852,ID00008,129.0,232,3830.0,3959.0
11853,ID00009,128.0,232,3831.0,3959.0
11854,ID00010,126.0,232,3830.0,3956.0
11855,ID00011,128.0,232,3831.0,3959.0
11856,ID00012,129.0,232,3830.0,3959.0
11857,ID00013,126.0,232,3831.0,3957.0
11858,ID00014,128.0,232,3831.0,3959.0
11859,ID00015,128.0,232,3831.0,3959.0
11860,ID00016,127.0,232,3831.0,3958.0
11861,ID00017,125.0,232,3831.0,3956.0
11862,ID00018,129.0,232,3831.0,3960.0
11863,ID00019,127.0,232,3831.0,3958.0
11864,ID00020,126.0,232,3831.0,3957.0
11865,ID00021,129.0,232,3831.0,3960.0
11866,ID00022,127.0,232,3831.0,3958.0
11867,ID00023,129.0,232,3831.0,3960.0
11868,ID00024,126.0,232,3828.0,3954.0
11869,ID00025,127.0,232,3831.0,3958.0
11870,ID00026,130.0,232,3831.0,3961.0
11871,ID00027,126.0,232,3831.0,3957.0
11872,ID00028,128.0,232,3831.0,3959.0
11873,ID00029,128.0,232,3830.0,3958.0
11874,ID00030,128.0,232,3831.0,3959.0
11875,ID00031,128.0,232,3831.0,3959.0
11876,ID00032,127.0,232,3831.0,3958.0
11877,ID00033,127.0,232,3831.0,3958.0
11878,ID00034,127.0,232,3831.0,3958.0
11879,ID00035,127.0,232,3831.0,3958.0
11880,ID00036,27.0,232,3967.0,3994.0
11881,ID00037,64.0,232,3997.0,4061.0
11882,ID00038,131.0,232,4064.0,4195.0
11883,ID00039,129.0,232,4064.0,4193.0
11884,ID00040,131.0,232,4064.0,4195.0
11885,ID00041,128.0,232,4064.0,4192.0
11886,ID00042,126.0,232,4064.0,4190.0
11887,ID00043,128.0,232,4064.0,4192.0
11888,ID00044,129.0,232,4064.0,4193.0
11889,ID00045,129.0,232,4064.0,4193.0
11890,ID00046,30.0,232,4237.0,4267.0
11891,ID00047,59.0,232,4270.0,4329.0
11892,ID00048,59.0,232,4981.0,5040.0
11893,ID00049,6.0,232,5054.0,5060.0
11894,finish,0.0,232,5062.0,5062.0
11895,entry,0.0,233,3600,3600.0
11896,ID00000,6.0,233,9587.0,9593.0
11897,ID00001,5.0,233,9558.0,9563.0
11898,ID00002,3417.0,233,5167.0,8584.0
11899,ID00003,542.0,233,8608.0,9150.0
11900,ID00004,27.0,233,9153.0,9180.0
11901,ID00005,627.0,233,8608.0,9235.0
11902,ID00006,22.0,233,9238.0,9260.0
11903,ID00007,382.0,233,8608.0,8990.0
11904,ID00008,20.0,233,8993.0,9013.0
11905,ID00009,449.0,233,8608.0,9057.0
11906,ID00010,27.0,233,9060.0,9087.0
11907,ID00011,453.0,233,8608.0,9061.0
11908,ID00012,27.0,233,9064.0,9091.0
11909,ID00013,757.0,233,8608.0,9365.0
11910,ID00014,28.0,233,9368.0,9396.0
11911,ID00015,598.0,233,8608.0,9206.0
11912,ID00016,12.0,233,9209.0,9221.0
11913,ID00017,445.0,233,8608.0,9053.0
11914,ID00018,10.0,233,9056.0,9066.0
11915,ID00019,947.0,233,8608.0,9555.0
11916,ID00020,26.0,233,9558.0,9584.0
11917,ID00021,688.0,233,8608.0,9296.0
11918,ID00022,25.0,233,9299.0,9324.0
11919,ID00023,2589.0,233,5175.0,7764.0
11920,ID00024,1086.0,233,7780.0,8866.0
11921,ID00025,15.0,233,8869.0,8884.0
11922,ID00026,669.0,233,7780.0,8449.0
11923,ID00027,21.0,233,8452.0,8473.0
11924,ID00028,784.0,233,7780.0,8564.0
11925,ID00029,21.0,233,8567.0,8588.0
11926,ID00030,937.0,233,7780.0,8717.0
11927,ID00031,11.0,233,8720.0,8731.0
11928,ID00032,541.0,233,7780.0,8321.0
11929,ID00033,22.0,233,8324.0,8346.0
11930,ID00034,518.0,233,7780.0,8298.0
11931,ID00035,20.0,233,8301.0,8321.0
11932,ID00036,1103.0,233,7780.0,8883.0
11933,ID00037,19.0,233,8886.0,8905.0
11934,ID00038,969.0,233,7780.0,8749.0
11935,ID00039,19.0,233,8752.0,8771.0
11936,ID00040,490.0,233,7780.0,8270.0
11937,ID00041,27.0,233,8273.0,8300.0
11938,ID00042,984.0,233,7780.0,8764.0
11939,ID00043,19.0,233,8767.0,8786.0
11940,ID00044,446.0,233,7780.0,8226.0
11941,ID00045,23.0,233,8229.0,8252.0
11942,ID00046,441.0,233,7780.0,8221.0
11943,ID00047,10.0,233,8224.0,8234.0
11944,ID00048,602.0,233,7780.0,8382.0
11945,ID00049,12.0,233,8385.0,8397.0
11946,finish,0.0,233,9594.0,9594.0
11947,entry,0.0,234,3600,3600.0
11948,ID00000,165.0,234,3623.0,3788.0
11949,ID00001,165.0,234,3623.0,3788.0
11950,ID00002,166.0,234,3623.0,3789.0
11951,ID00003,166.0,234,3623.0,3789.0
11952,ID00004,163.0,234,3623.0,3786.0
11953,ID00005,166.0,234,3623.0,3789.0
11954,ID00006,164.0,234,3623.0,3787.0
11955,ID00007,166.0,234,3623.0,3789.0
11956,ID00008,129.0,234,3830.0,3959.0
11957,ID00009,128.0,234,3831.0,3959.0
11958,ID00010,126.0,234,3830.0,3956.0
11959,ID00011,128.0,234,3831.0,3959.0
11960,ID00012,129.0,234,3830.0,3959.0
11961,ID00013,126.0,234,3831.0,3957.0
11962,ID00014,128.0,234,3831.0,3959.0
11963,ID00015,128.0,234,3831.0,3959.0
11964,ID00016,127.0,234,3831.0,3958.0
11965,ID00017,125.0,234,3831.0,3956.0
11966,ID00018,129.0,234,3831.0,3960.0
11967,ID00019,127.0,234,3831.0,3958.0
11968,ID00020,126.0,234,3831.0,3957.0
11969,ID00021,129.0,234,3831.0,3960.0
11970,ID00022,127.0,234,3831.0,3958.0
11971,ID00023,129.0,234,3831.0,3960.0
11972,ID00024,126.0,234,3828.0,3954.0
11973,ID00025,127.0,234,3831.0,3958.0
11974,ID00026,130.0,234,3831.0,3961.0
11975,ID00027,126.0,234,3831.0,3957.0
11976,ID00028,128.0,234,3831.0,3959.0
11977,ID00029,128.0,234,3830.0,3958.0
11978,ID00030,128.0,234,3831.0,3959.0
11979,ID00031,128.0,234,3831.0,3959.0
11980,ID00032,127.0,234,3831.0,3958.0
11981,ID00033,127.0,234,3831.0,3958.0
11982,ID00034,127.0,234,3831.0,3958.0
11983,ID00035,127.0,234,3831.0,3958.0
11984,ID00036,27.0,234,3967.0,3994.0
11985,ID00037,64.0,234,3997.0,4061.0
11986,ID00038,131.0,234,4064.0,4195.0
11987,ID00039,129.0,234,4064.0,4193.0
11988,ID00040,131.0,234,4064.0,4195.0
11989,ID00041,128.0,234,4064.0,4192.0
11990,ID00042,126.0,234,4064.0,4190.0
11991,ID00043,128.0,234,4064.0,4192.0
11992,ID00044,129.0,234,4064.0,4193.0
11993,ID00045,129.0,234,4064.0,4193.0
11994,ID00046,30.0,234,4237.0,4267.0
11995,ID00047,59.0,234,4270.0,4329.0
11996,ID00048,59.0,234,4981.0,5040.0
11997,ID00049,6.0,234,5054.0,5060.0
11998,finish,0.0,234,5062.0,5062.0
11999,entry,0.0,235,3600,3600.0
12000,ID00000,3.0,235,3674.0,3677.0
12001,ID00001,3.0,235,3627.0,3630.0
12002,ID00002,3.0,235,3753.0,3756.0
12003,ID00003,3.0,235,3753.0,3756.0
12004,ID00004,3.0,235,3753.0,3756.0
12005,ID00005,3.0,235,3753.0,3756.0
12006,ID00006,3.0,235,3753.0,3756.0
12007,ID00007,3.0,235,3660.0,3663.0
12008,ID00008,3.0,235,3660.0,3663.0
12009,ID00009,3.0,235,3660.0,3663.0
12010,ID00010,3.0,235,3660.0,3663.0
12011,ID00011,3.0,235,3660.0,3663.0
12012,ID00012,3.0,235,3772.0,3775.0
12013,ID00013,3.0,235,3770.0,3773.0
12014,ID00014,3.0,235,3772.0,3775.0
12015,ID00015,3.0,235,3772.0,3775.0
12016,ID00016,3.0,235,3772.0,3775.0
12017,ID00017,3.0,235,3669.0,3672.0
12018,ID00018,3.0,235,3669.0,3672.0
12019,ID00019,3.0,235,3669.0,3672.0
12020,ID00020,3.0,235,3669.0,3672.0
12021,ID00021,3.0,235,3669.0,3672.0
12022,ID00022,3.0,235,3781.0,3784.0
12023,ID00023,3.0,235,3778.0,3781.0
12024,ID00024,3.0,235,3780.0,3783.0
12025,ID00025,3.0,235,3785.0,3788.0
12026,ID00026,3.0,235,3781.0,3784.0
12027,ID00027,3.0,235,3674.0,3677.0
12028,ID00028,3.0,235,3674.0,3677.0
12029,ID00029,3.0,235,3674.0,3677.0
12030,ID00030,3.0,235,3674.0,3677.0
12031,ID00031,3.0,235,3675.0,3678.0
12032,ID00032,172.0,235,3786.0,3958.0
12033,ID00033,230.0,235,3783.0,4013.0
12034,ID00034,125.0,235,3785.0,3910.0
12035,ID00035,175.0,235,3791.0,3966.0
12036,ID00036,163.0,235,3786.0,3949.0
12037,ID00037,178.0,235,3678.0,3856.0
12038,ID00038,217.0,235,3678.0,3895.0
12039,ID00039,175.0,235,3678.0,3853.0
12040,ID00040,181.0,235,3678.0,3859.0
12041,ID00041,158.0,235,3679.0,3837.0
12042,ID00042,3.0,235,4015.0,4018.0
12043,ID00043,3.0,235,3896.0,3899.0
12044,ID00044,3.0,235,4026.0,4029.0
12045,ID00045,3.0,235,4040.0,4043.0
12046,ID00046,62.0,235,4044.0,4106.0
12047,finish,0.0,235,4107.0,4107.0
12048,entry,0.0,236,3600,3600.0
12049,ID00000,3.0,236,3674.0,3677.0
12050,ID00001,3.0,236,3627.0,3630.0
12051,ID00002,3.0,236,3753.0,3756.0
12052,ID00003,3.0,236,3753.0,3756.0
12053,ID00004,3.0,236,3753.0,3756.0
12054,ID00005,3.0,236,3753.0,3756.0
12055,ID00006,3.0,236,3753.0,3756.0
12056,ID00007,3.0,236,3660.0,3663.0
12057,ID00008,3.0,236,3660.0,3663.0
12058,ID00009,3.0,236,3660.0,3663.0
12059,ID00010,3.0,236,3660.0,3663.0
12060,ID00011,3.0,236,3660.0,3663.0
12061,ID00012,3.0,236,3772.0,3775.0
12062,ID00013,3.0,236,3770.0,3773.0
12063,ID00014,3.0,236,3772.0,3775.0
12064,ID00015,3.0,236,3772.0,3775.0
12065,ID00016,3.0,236,3772.0,3775.0
12066,ID00017,3.0,236,3669.0,3672.0
12067,ID00018,3.0,236,3669.0,3672.0
12068,ID00019,3.0,236,3669.0,3672.0
12069,ID00020,3.0,236,3669.0,3672.0
12070,ID00021,3.0,236,3669.0,3672.0
12071,ID00022,3.0,236,3781.0,3784.0
12072,ID00023,3.0,236,3778.0,3781.0
12073,ID00024,3.0,236,3780.0,3783.0
12074,ID00025,3.0,236,3785.0,3788.0
12075,ID00026,3.0,236,3781.0,3784.0
12076,ID00027,3.0,236,3674.0,3677.0
12077,ID00028,3.0,236,3674.0,3677.0
12078,ID00029,3.0,236,3674.0,3677.0
12079,ID00030,3.0,236,3674.0,3677.0
12080,ID00031,3.0,236,3675.0,3678.0
12081,ID00032,172.0,236,3786.0,3958.0
12082,ID00033,230.0,236,3783.0,4013.0
12083,ID00034,125.0,236,3785.0,3910.0
12084,ID00035,175.0,236,3791.0,3966.0
12085,ID00036,163.0,236,3786.0,3949.0
12086,ID00037,178.0,236,3678.0,3856.0
12087,ID00038,217.0,236,3678.0,3895.0
12088,ID00039,175.0,236,3678.0,3853.0
12089,ID00040,181.0,236,3678.0,3859.0
12090,ID00041,158.0,236,3679.0,3837.0
12091,ID00042,3.0,236,4015.0,4018.0
12092,ID00043,3.0,236,3896.0,3899.0
12093,ID00044,3.0,236,4026.0,4029.0
12094,ID00045,3.0,236,4040.0,4043.0
12095,ID00046,62.0,236,4044.0,4106.0
12096,finish,0.0,236,4107.0,4107.0
12097,entry,0.0,237,3600,3600.0
12098,ID00000,57.0,237,3886.0,3943.0
12099,ID00001,56.0,237,3886.0,3942.0
12100,ID00002,54.0,237,3886.0,3940.0
12101,ID00003,54.0,237,3886.0,3940.0
12102,ID00004,56.0,237,3885.0,3941.0
12103,ID00005,55.0,237,3886.0,3941.0
12104,ID00006,55.0,237,3886.0,3941.0
12105,ID00007,55.0,237,3886.0,3941.0
12106,ID00008,55.0,237,3886.0,3941.0
12107,ID00009,55.0,237,3886.0,3941.0
12108,ID00010,54.0,237,3886.0,3940.0
12109,ID00011,54.0,237,3886.0,3940.0
12110,ID00012,1768.0,237,3950.0,5718.0
12111,ID00013,1486.0,237,3950.0,5436.0
12112,ID00014,1667.0,237,3948.0,5615.0
12113,ID00015,1360.0,237,3947.0,5307.0
12114,ID00016,1286.0,237,3948.0,5234.0
12115,ID00017,1598.0,237,3948.0,5546.0
12116,ID00018,880.0,237,3948.0,4828.0
12117,ID00019,1746.0,237,3948.0,5694.0
12118,ID00020,988.0,237,3948.0,4936.0
12119,ID00021,1553.0,237,3948.0,5501.0
12120,ID00022,2027.0,237,3948.0,5975.0
12121,ID00023,1807.0,237,3947.0,5754.0
12122,ID00024,17.0,237,5978.0,5995.0
12123,ID00025,15.0,237,5998.0,6013.0
12124,ID00026,15.0,237,5998.0,6013.0
12125,ID00027,16.0,237,5998.0,6014.0
12126,ID00028,14.0,237,5998.0,6012.0
12127,ID00029,18.0,237,5998.0,6016.0
12128,ID00030,17.0,237,5998.0,6015.0
12129,ID00031,17.0,237,5998.0,6015.0
12130,ID00032,16.0,237,5998.0,6014.0
12131,ID00033,16.0,237,5998.0,6014.0
12132,ID00034,17.0,237,5998.0,6015.0
12133,ID00035,15.0,237,5998.0,6013.0
12134,ID00036,13.0,237,5998.0,6011.0
12135,ID00037,1607.0,237,6016.0,7623.0
12136,ID00038,1213.0,237,6016.0,7229.0
12137,ID00039,1186.0,237,6017.0,7203.0
12138,ID00040,1749.0,237,6015.0,7764.0
12139,ID00041,1473.0,237,6019.0,7492.0
12140,ID00042,1670.0,237,6018.0,7688.0
12141,ID00043,1139.0,237,6018.0,7157.0
12142,ID00044,1855.0,237,6017.0,7872.0
12143,ID00045,2015.0,237,6017.0,8032.0
12144,ID00046,2007.0,237,6018.0,8025.0
12145,ID00047,1767.0,237,6016.0,7783.0
12146,ID00048,911.0,237,6014.0,6925.0
12147,ID00049,16.0,237,8035.0,8051.0
12148,finish,0.0,237,8052.0,8052.0
12149,entry,0.0,238,3600,3600.0
12150,ID00000,3.0,238,3674.0,3677.0
12151,ID00001,3.0,238,3627.0,3630.0
12152,ID00002,3.0,238,3753.0,3756.0
12153,ID00003,3.0,238,3753.0,3756.0
12154,ID00004,3.0,238,3753.0,3756.0
12155,ID00005,3.0,238,3753.0,3756.0
12156,ID00006,3.0,238,3753.0,3756.0
12157,ID00007,3.0,238,3660.0,3663.0
12158,ID00008,3.0,238,3660.0,3663.0
12159,ID00009,3.0,238,3660.0,3663.0
12160,ID00010,3.0,238,3660.0,3663.0
12161,ID00011,3.0,238,3660.0,3663.0
12162,ID00012,3.0,238,3772.0,3775.0
12163,ID00013,3.0,238,3770.0,3773.0
12164,ID00014,3.0,238,3772.0,3775.0
12165,ID00015,3.0,238,3772.0,3775.0
12166,ID00016,3.0,238,3772.0,3775.0
12167,ID00017,3.0,238,3669.0,3672.0
12168,ID00018,3.0,238,3669.0,3672.0
12169,ID00019,3.0,238,3669.0,3672.0
12170,ID00020,3.0,238,3669.0,3672.0
12171,ID00021,3.0,238,3669.0,3672.0
12172,ID00022,3.0,238,3781.0,3784.0
12173,ID00023,3.0,238,3778.0,3781.0
12174,ID00024,3.0,238,3780.0,3783.0
12175,ID00025,3.0,238,3785.0,3788.0
12176,ID00026,3.0,238,3781.0,3784.0
12177,ID00027,3.0,238,3674.0,3677.0
12178,ID00028,3.0,238,3674.0,3677.0
12179,ID00029,3.0,238,3674.0,3677.0
12180,ID00030,3.0,238,3674.0,3677.0
12181,ID00031,3.0,238,3675.0,3678.0
12182,ID00032,172.0,238,3786.0,3958.0
12183,ID00033,230.0,238,3783.0,4013.0
12184,ID00034,125.0,238,3785.0,3910.0
12185,ID00035,175.0,238,3791.0,3966.0
12186,ID00036,163.0,238,3786.0,3949.0
12187,ID00037,178.0,238,3678.0,3856.0
12188,ID00038,217.0,238,3678.0,3895.0
12189,ID00039,175.0,238,3678.0,3853.0
12190,ID00040,181.0,238,3678.0,3859.0
12191,ID00041,158.0,238,3679.0,3837.0
12192,ID00042,3.0,238,4015.0,4018.0
12193,ID00043,3.0,238,3896.0,3899.0
12194,ID00044,3.0,238,4026.0,4029.0
12195,ID00045,3.0,238,4040.0,4043.0
12196,ID00046,62.0,238,4044.0,4106.0
12197,finish,0.0,238,4107.0,4107.0
12198,entry,0.0,239,3600,3600.0
12199,ID00000,3.0,239,3608.0,3611.0
12200,ID00001,3.0,239,3604.0,3607.0
12201,ID00002,3.0,239,3604.0,3607.0
12202,ID00003,3.0,239,3604.0,3607.0
12203,ID00004,3.0,239,3604.0,3607.0
12204,ID00005,3.0,239,3604.0,3607.0
12205,ID00006,3.0,239,3604.0,3607.0
12206,ID00007,3.0,239,3604.0,3607.0
12207,ID00008,3.0,239,3604.0,3607.0
12208,ID00009,3.0,239,3604.0,3607.0
12209,ID00010,3.0,239,3604.0,3607.0
12210,ID00011,3.0,239,3604.0,3607.0
12211,ID00012,3.0,239,3604.0,3607.0
12212,ID00013,497.0,239,3602.0,4099.0
12213,ID00014,10.0,239,3602.0,3612.0
12214,ID00015,20.0,239,3603.0,3623.0
12215,ID00016,468.0,239,4504.0,4972.0
12216,ID00017,134.0,239,4975.0,5109.0
12217,ID00018,3.0,239,5123.0,5126.0
12218,ID00019,3.0,239,5123.0,5126.0
12219,ID00020,329.0,239,5123.0,5452.0
12220,ID00021,9.0,239,5127.0,5136.0
12221,ID00022,3.0,239,5123.0,5126.0
12222,ID00023,3.0,239,5460.0,5463.0
12223,ID00025,3.0,239,3608.0,3611.0
12224,ID00026,3.0,239,3604.0,3607.0
12225,ID00027,3.0,239,3604.0,3607.0
12226,ID00028,3.0,239,3604.0,3607.0
12227,ID00029,3.0,239,3604.0,3607.0
12228,ID00030,3.0,239,3604.0,3607.0
12229,ID00031,3.0,239,3604.0,3607.0
12230,ID00032,3.0,239,3604.0,3607.0
12231,ID00033,3.0,239,3604.0,3607.0
12232,ID00034,3.0,239,3604.0,3607.0
12233,ID00035,3.0,239,3604.0,3607.0
12234,ID00036,3.0,239,3604.0,3607.0
12235,ID00037,3.0,239,3604.0,3607.0
12236,ID00038,277.0,239,3602.0,3879.0
12237,ID00039,10.0,239,3602.0,3612.0
12238,ID00040,9.0,239,3603.0,3612.0
12239,ID00041,626.0,239,4508.0,5134.0
12240,ID00042,46.0,239,5137.0,5183.0
12241,ID00043,3.0,239,5197.0,5200.0
12242,ID00044,3.0,239,5197.0,5200.0
12243,ID00045,319.0,239,5197.0,5516.0
12244,ID00046,9.0,239,5201.0,5210.0
12245,ID00047,3.0,239,5197.0,5200.0
12246,ID00048,3.0,239,5524.0,5527.0
12247,finish,0.0,239,5535.0,5535.0
12248,entry,0.0,240,3600,3600.0
12249,ID00000,3.0,240,3674.0,3677.0
12250,ID00001,3.0,240,3627.0,3630.0
12251,ID00002,3.0,240,3753.0,3756.0
12252,ID00003,3.0,240,3753.0,3756.0
12253,ID00004,3.0,240,3753.0,3756.0
12254,ID00005,3.0,240,3753.0,3756.0
12255,ID00006,3.0,240,3753.0,3756.0
12256,ID00007,3.0,240,3660.0,3663.0
12257,ID00008,3.0,240,3660.0,3663.0
12258,ID00009,3.0,240,3660.0,3663.0
12259,ID00010,3.0,240,3660.0,3663.0
12260,ID00011,3.0,240,3660.0,3663.0
12261,ID00012,3.0,240,3772.0,3775.0
12262,ID00013,3.0,240,3770.0,3773.0
12263,ID00014,3.0,240,3772.0,3775.0
12264,ID00015,3.0,240,3772.0,3775.0
12265,ID00016,3.0,240,3772.0,3775.0
12266,ID00017,3.0,240,3669.0,3672.0
12267,ID00018,3.0,240,3669.0,3672.0
12268,ID00019,3.0,240,3669.0,3672.0
12269,ID00020,3.0,240,3669.0,3672.0
12270,ID00021,3.0,240,3669.0,3672.0
12271,ID00022,3.0,240,3781.0,3784.0
12272,ID00023,3.0,240,3778.0,3781.0
12273,ID00024,3.0,240,3780.0,3783.0
12274,ID00025,3.0,240,3785.0,3788.0
12275,ID00026,3.0,240,3781.0,3784.0
12276,ID00027,3.0,240,3674.0,3677.0
12277,ID00028,3.0,240,3674.0,3677.0
12278,ID00029,3.0,240,3674.0,3677.0
12279,ID00030,3.0,240,3674.0,3677.0
12280,ID00031,3.0,240,3675.0,3678.0
12281,ID00032,172.0,240,3786.0,3958.0
12282,ID00033,230.0,240,3783.0,4013.0
12283,ID00034,125.0,240,3785.0,3910.0
12284,ID00035,175.0,240,3791.0,3966.0
12285,ID00036,163.0,240,3786.0,3949.0
12286,ID00037,178.0,240,3678.0,3856.0
12287,ID00038,217.0,240,3678.0,3895.0
12288,ID00039,175.0,240,3678.0,3853.0
12289,ID00040,181.0,240,3678.0,3859.0
12290,ID00041,158.0,240,3679.0,3837.0
12291,ID00042,3.0,240,4015.0,4018.0
12292,ID00043,3.0,240,3896.0,3899.0
12293,ID00044,3.0,240,4026.0,4029.0
12294,ID00045,3.0,240,4040.0,4043.0
12295,ID00046,62.0,240,4044.0,4106.0
12296,finish,0.0,240,4107.0,4107.0
12297,entry,0.0,241,3600,3600.0
12298,ID00000,165.0,241,3623.0,3788.0
12299,ID00001,165.0,241,3623.0,3788.0
12300,ID00002,166.0,241,3623.0,3789.0
12301,ID00003,166.0,241,3623.0,3789.0
12302,ID00004,163.0,241,3623.0,3786.0
12303,ID00005,166.0,241,3623.0,3789.0
12304,ID00006,164.0,241,3623.0,3787.0
12305,ID00007,166.0,241,3623.0,3789.0
12306,ID00008,129.0,241,3830.0,3959.0
12307,ID00009,128.0,241,3831.0,3959.0
12308,ID00010,126.0,241,3830.0,3956.0
12309,ID00011,128.0,241,3831.0,3959.0
12310,ID00012,129.0,241,3830.0,3959.0
12311,ID00013,126.0,241,3831.0,3957.0
12312,ID00014,128.0,241,3831.0,3959.0
12313,ID00015,128.0,241,3831.0,3959.0
12314,ID00016,127.0,241,3831.0,3958.0
12315,ID00017,125.0,241,3831.0,3956.0
12316,ID00018,129.0,241,3831.0,3960.0
12317,ID00019,127.0,241,3831.0,3958.0
12318,ID00020,126.0,241,3831.0,3957.0
12319,ID00021,129.0,241,3831.0,3960.0
12320,ID00022,127.0,241,3831.0,3958.0
12321,ID00023,129.0,241,3831.0,3960.0
12322,ID00024,126.0,241,3828.0,3954.0
12323,ID00025,127.0,241,3831.0,3958.0
12324,ID00026,130.0,241,3831.0,3961.0
12325,ID00027,126.0,241,3831.0,3957.0
12326,ID00028,128.0,241,3831.0,3959.0
12327,ID00029,128.0,241,3830.0,3958.0
12328,ID00030,128.0,241,3831.0,3959.0
12329,ID00031,128.0,241,3831.0,3959.0
12330,ID00032,127.0,241,3831.0,3958.0
12331,ID00033,127.0,241,3831.0,3958.0
12332,ID00034,127.0,241,3831.0,3958.0
12333,ID00035,127.0,241,3831.0,3958.0
12334,ID00036,27.0,241,3967.0,3994.0
12335,ID00037,64.0,241,3997.0,4061.0
12336,ID00038,131.0,241,4064.0,4195.0
12337,ID00039,129.0,241,4064.0,4193.0
12338,ID00040,131.0,241,4064.0,4195.0
12339,ID00041,128.0,241,4064.0,4192.0
12340,ID00042,126.0,241,4064.0,4190.0
12341,ID00043,128.0,241,4064.0,4192.0
12342,ID00044,129.0,241,4064.0,4193.0
12343,ID00045,129.0,241,4064.0,4193.0
12344,ID00046,30.0,241,4237.0,4267.0
12345,ID00047,59.0,241,4270.0,4329.0
12346,ID00048,59.0,241,4981.0,5040.0
12347,ID00049,6.0,241,5054.0,5060.0
12348,finish,0.0,241,5062.0,5062.0
12349,entry,0.0,242,3600,3600.0
12350,ID00000,6.0,242,9587.0,9593.0
12351,ID00001,5.0,242,9558.0,9563.0
12352,ID00002,3417.0,242,5167.0,8584.0
12353,ID00003,542.0,242,8608.0,9150.0
12354,ID00004,27.0,242,9153.0,9180.0
12355,ID00005,627.0,242,8608.0,9235.0
12356,ID00006,22.0,242,9238.0,9260.0
12357,ID00007,382.0,242,8608.0,8990.0
12358,ID00008,20.0,242,8993.0,9013.0
12359,ID00009,449.0,242,8608.0,9057.0
12360,ID00010,27.0,242,9060.0,9087.0
12361,ID00011,453.0,242,8608.0,9061.0
12362,ID00012,27.0,242,9064.0,9091.0
12363,ID00013,757.0,242,8608.0,9365.0
12364,ID00014,28.0,242,9368.0,9396.0
12365,ID00015,598.0,242,8608.0,9206.0
12366,ID00016,12.0,242,9209.0,9221.0
12367,ID00017,445.0,242,8608.0,9053.0
12368,ID00018,10.0,242,9056.0,9066.0
12369,ID00019,947.0,242,8608.0,9555.0
12370,ID00020,26.0,242,9558.0,9584.0
12371,ID00021,688.0,242,8608.0,9296.0
12372,ID00022,25.0,242,9299.0,9324.0
12373,ID00023,2589.0,242,5175.0,7764.0
12374,ID00024,1086.0,242,7780.0,8866.0
12375,ID00025,15.0,242,8869.0,8884.0
12376,ID00026,669.0,242,7780.0,8449.0
12377,ID00027,21.0,242,8452.0,8473.0
12378,ID00028,784.0,242,7780.0,8564.0
12379,ID00029,21.0,242,8567.0,8588.0
12380,ID00030,937.0,242,7780.0,8717.0
12381,ID00031,11.0,242,8720.0,8731.0
12382,ID00032,541.0,242,7780.0,8321.0
12383,ID00033,22.0,242,8324.0,8346.0
12384,ID00034,518.0,242,7780.0,8298.0
12385,ID00035,20.0,242,8301.0,8321.0
12386,ID00036,1103.0,242,7780.0,8883.0
12387,ID00037,19.0,242,8886.0,8905.0
12388,ID00038,969.0,242,7780.0,8749.0
12389,ID00039,19.0,242,8752.0,8771.0
12390,ID00040,490.0,242,7780.0,8270.0
12391,ID00041,27.0,242,8273.0,8300.0
12392,ID00042,984.0,242,7780.0,8764.0
12393,ID00043,19.0,242,8767.0,8786.0
12394,ID00044,446.0,242,7780.0,8226.0
12395,ID00045,23.0,242,8229.0,8252.0
12396,ID00046,441.0,242,7780.0,8221.0
12397,ID00047,10.0,242,8224.0,8234.0
12398,ID00048,602.0,242,7780.0,8382.0
12399,ID00049,12.0,242,8385.0,8397.0
12400,finish,0.0,242,9594.0,9594.0
12401,entry,0.0,243,3600,3600.0
12402,ID00000,3.0,243,3608.0,3611.0
12403,ID00001,3.0,243,3604.0,3607.0
12404,ID00002,3.0,243,3604.0,3607.0
12405,ID00003,3.0,243,3604.0,3607.0
12406,ID00004,3.0,243,3604.0,3607.0
12407,ID00005,3.0,243,3604.0,3607.0
12408,ID00006,3.0,243,3604.0,3607.0
12409,ID00007,3.0,243,3604.0,3607.0
12410,ID00008,3.0,243,3604.0,3607.0
12411,ID00009,3.0,243,3604.0,3607.0
12412,ID00010,3.0,243,3604.0,3607.0
12413,ID00011,3.0,243,3604.0,3607.0
12414,ID00012,3.0,243,3604.0,3607.0
12415,ID00013,497.0,243,3602.0,4099.0
12416,ID00014,10.0,243,3602.0,3612.0
12417,ID00015,20.0,243,3603.0,3623.0
12418,ID00016,468.0,243,4504.0,4972.0
12419,ID00017,134.0,243,4975.0,5109.0
12420,ID00018,3.0,243,5123.0,5126.0
12421,ID00019,3.0,243,5123.0,5126.0
12422,ID00020,329.0,243,5123.0,5452.0
12423,ID00021,9.0,243,5127.0,5136.0
12424,ID00022,3.0,243,5123.0,5126.0
12425,ID00023,3.0,243,5460.0,5463.0
12426,ID00025,3.0,243,3608.0,3611.0
12427,ID00026,3.0,243,3604.0,3607.0
12428,ID00027,3.0,243,3604.0,3607.0
12429,ID00028,3.0,243,3604.0,3607.0
12430,ID00029,3.0,243,3604.0,3607.0
12431,ID00030,3.0,243,3604.0,3607.0
12432,ID00031,3.0,243,3604.0,3607.0
12433,ID00032,3.0,243,3604.0,3607.0
12434,ID00033,3.0,243,3604.0,3607.0
12435,ID00034,3.0,243,3604.0,3607.0
12436,ID00035,3.0,243,3604.0,3607.0
12437,ID00036,3.0,243,3604.0,3607.0
12438,ID00037,3.0,243,3604.0,3607.0
12439,ID00038,277.0,243,3602.0,3879.0
12440,ID00039,10.0,243,3602.0,3612.0
12441,ID00040,9.0,243,3603.0,3612.0
12442,ID00041,626.0,243,4508.0,5134.0
12443,ID00042,46.0,243,5137.0,5183.0
12444,ID00043,3.0,243,5197.0,5200.0
12445,ID00044,3.0,243,5197.0,5200.0
12446,ID00045,319.0,243,5197.0,5516.0
12447,ID00046,9.0,243,5201.0,5210.0
12448,ID00047,3.0,243,5197.0,5200.0
12449,ID00048,3.0,243,5524.0,5527.0
12450,finish,0.0,243,5535.0,5535.0
12451,entry,0.0,244,3600,3600.0
12452,ID00000,6.0,244,9587.0,9593.0
12453,ID00001,5.0,244,9558.0,9563.0
12454,ID00002,3417.0,244,5167.0,8584.0
12455,ID00003,542.0,244,8608.0,9150.0
12456,ID00004,27.0,244,9153.0,9180.0
12457,ID00005,627.0,244,8608.0,9235.0
12458,ID00006,22.0,244,9238.0,9260.0
12459,ID00007,382.0,244,8608.0,8990.0
12460,ID00008,20.0,244,8993.0,9013.0
12461,ID00009,449.0,244,8608.0,9057.0
12462,ID00010,27.0,244,9060.0,9087.0
12463,ID00011,453.0,244,8608.0,9061.0
12464,ID00012,27.0,244,9064.0,9091.0
12465,ID00013,757.0,244,8608.0,9365.0
12466,ID00014,28.0,244,9368.0,9396.0
12467,ID00015,598.0,244,8608.0,9206.0
12468,ID00016,12.0,244,9209.0,9221.0
12469,ID00017,445.0,244,8608.0,9053.0
12470,ID00018,10.0,244,9056.0,9066.0
12471,ID00019,947.0,244,8608.0,9555.0
12472,ID00020,26.0,244,9558.0,9584.0
12473,ID00021,688.0,244,8608.0,9296.0
12474,ID00022,25.0,244,9299.0,9324.0
12475,ID00023,2589.0,244,5175.0,7764.0
12476,ID00024,1086.0,244,7780.0,8866.0
12477,ID00025,15.0,244,8869.0,8884.0
12478,ID00026,669.0,244,7780.0,8449.0
12479,ID00027,21.0,244,8452.0,8473.0
12480,ID00028,784.0,244,7780.0,8564.0
12481,ID00029,21.0,244,8567.0,8588.0
12482,ID00030,937.0,244,7780.0,8717.0
12483,ID00031,11.0,244,8720.0,8731.0
12484,ID00032,541.0,244,7780.0,8321.0
12485,ID00033,22.0,244,8324.0,8346.0
12486,ID00034,518.0,244,7780.0,8298.0
12487,ID00035,20.0,244,8301.0,8321.0
12488,ID00036,1103.0,244,7780.0,8883.0
12489,ID00037,19.0,244,8886.0,8905.0
12490,ID00038,969.0,244,7780.0,8749.0
12491,ID00039,19.0,244,8752.0,8771.0
12492,ID00040,490.0,244,7780.0,8270.0
12493,ID00041,27.0,244,8273.0,8300.0
12494,ID00042,984.0,244,7780.0,8764.0
12495,ID00043,19.0,244,8767.0,8786.0
12496,ID00044,446.0,244,7780.0,8226.0
12497,ID00045,23.0,244,8229.0,8252.0
12498,ID00046,441.0,244,7780.0,8221.0
12499,ID00047,10.0,244,8224.0,8234.0
12500,ID00048,602.0,244,7780.0,8382.0
12501,ID00049,12.0,244,8385.0,8397.0
12502,finish,0.0,244,9594.0,9594.0
12503,entry,0.0,245,3600,3600.0
12504,ID00000,57.0,245,3886.0,3943.0
12505,ID00001,56.0,245,3886.0,3942.0
12506,ID00002,54.0,245,3886.0,3940.0
12507,ID00003,54.0,245,3886.0,3940.0
12508,ID00004,56.0,245,3885.0,3941.0
12509,ID00005,55.0,245,3886.0,3941.0
12510,ID00006,55.0,245,3886.0,3941.0
12511,ID00007,55.0,245,3886.0,3941.0
12512,ID00008,55.0,245,3886.0,3941.0
12513,ID00009,55.0,245,3886.0,3941.0
12514,ID00010,54.0,245,3886.0,3940.0
12515,ID00011,54.0,245,3886.0,3940.0
12516,ID00012,1768.0,245,3950.0,5718.0
12517,ID00013,1486.0,245,3950.0,5436.0
12518,ID00014,1667.0,245,3948.0,5615.0
12519,ID00015,1360.0,245,3947.0,5307.0
12520,ID00016,1286.0,245,3948.0,5234.0
12521,ID00017,1598.0,245,3948.0,5546.0
12522,ID00018,880.0,245,3948.0,4828.0
12523,ID00019,1746.0,245,3948.0,5694.0
12524,ID00020,988.0,245,3948.0,4936.0
12525,ID00021,1553.0,245,3948.0,5501.0
12526,ID00022,2027.0,245,3948.0,5975.0
12527,ID00023,1807.0,245,3947.0,5754.0
12528,ID00024,17.0,245,5978.0,5995.0
12529,ID00025,15.0,245,5998.0,6013.0
12530,ID00026,15.0,245,5998.0,6013.0
12531,ID00027,16.0,245,5998.0,6014.0
12532,ID00028,14.0,245,5998.0,6012.0
12533,ID00029,18.0,245,5998.0,6016.0
12534,ID00030,17.0,245,5998.0,6015.0
12535,ID00031,17.0,245,5998.0,6015.0
12536,ID00032,16.0,245,5998.0,6014.0
12537,ID00033,16.0,245,5998.0,6014.0
12538,ID00034,17.0,245,5998.0,6015.0
12539,ID00035,15.0,245,5998.0,6013.0
12540,ID00036,13.0,245,5998.0,6011.0
12541,ID00037,1607.0,245,6016.0,7623.0
12542,ID00038,1213.0,245,6016.0,7229.0
12543,ID00039,1186.0,245,6017.0,7203.0
12544,ID00040,1749.0,245,6015.0,7764.0
12545,ID00041,1473.0,245,6019.0,7492.0
12546,ID00042,1670.0,245,6018.0,7688.0
12547,ID00043,1139.0,245,6018.0,7157.0
12548,ID00044,1855.0,245,6017.0,7872.0
12549,ID00045,2015.0,245,6017.0,8032.0
12550,ID00046,2007.0,245,6018.0,8025.0
12551,ID00047,1767.0,245,6016.0,7783.0
12552,ID00048,911.0,245,6014.0,6925.0
12553,ID00049,16.0,245,8035.0,8051.0
12554,finish,0.0,245,8052.0,8052.0
12555,entry,0.0,246,3600,3600.0
12556,ID00000,57.0,246,3886.0,3943.0
12557,ID00001,56.0,246,3886.0,3942.0
12558,ID00002,54.0,246,3886.0,3940.0
12559,ID00003,54.0,246,3886.0,3940.0
12560,ID00004,56.0,246,3885.0,3941.0
12561,ID00005,55.0,246,3886.0,3941.0
12562,ID00006,55.0,246,3886.0,3941.0
12563,ID00007,55.0,246,3886.0,3941.0
12564,ID00008,55.0,246,3886.0,3941.0
12565,ID00009,55.0,246,3886.0,3941.0
12566,ID00010,54.0,246,3886.0,3940.0
12567,ID00011,54.0,246,3886.0,3940.0
12568,ID00012,1768.0,246,3950.0,5718.0
12569,ID00013,1486.0,246,3950.0,5436.0
12570,ID00014,1667.0,246,3948.0,5615.0
12571,ID00015,1360.0,246,3947.0,5307.0
12572,ID00016,1286.0,246,3948.0,5234.0
12573,ID00017,1598.0,246,3948.0,5546.0
12574,ID00018,880.0,246,3948.0,4828.0
12575,ID00019,1746.0,246,3948.0,5694.0
12576,ID00020,988.0,246,3948.0,4936.0
12577,ID00021,1553.0,246,3948.0,5501.0
12578,ID00022,2027.0,246,3948.0,5975.0
12579,ID00023,1807.0,246,3947.0,5754.0
12580,ID00024,17.0,246,5978.0,5995.0
12581,ID00025,15.0,246,5998.0,6013.0
12582,ID00026,15.0,246,5998.0,6013.0
12583,ID00027,16.0,246,5998.0,6014.0
12584,ID00028,14.0,246,5998.0,6012.0
12585,ID00029,18.0,246,5998.0,6016.0
12586,ID00030,17.0,246,5998.0,6015.0
12587,ID00031,17.0,246,5998.0,6015.0
12588,ID00032,16.0,246,5998.0,6014.0
12589,ID00033,16.0,246,5998.0,6014.0
12590,ID00034,17.0,246,5998.0,6015.0
12591,ID00035,15.0,246,5998.0,6013.0
12592,ID00036,13.0,246,5998.0,6011.0
12593,ID00037,1607.0,246,6016.0,7623.0
12594,ID00038,1213.0,246,6016.0,7229.0
12595,ID00039,1186.0,246,6017.0,7203.0
12596,ID00040,1749.0,246,6015.0,7764.0
12597,ID00041,1473.0,246,6019.0,7492.0
12598,ID00042,1670.0,246,6018.0,7688.0
12599,ID00043,1139.0,246,6018.0,7157.0
12600,ID00044,1855.0,246,6017.0,7872.0
12601,ID00045,2015.0,246,6017.0,8032.0
12602,ID00046,2007.0,246,6018.0,8025.0
12603,ID00047,1767.0,246,6016.0,7783.0
12604,ID00048,911.0,246,6014.0,6925.0
12605,ID00049,16.0,246,8035.0,8051.0
12606,finish,0.0,246,8052.0,8052.0
12607,entry,0.0,247,3600,3600.0
12608,ID00000,3.0,247,3674.0,3677.0
12609,ID00001,3.0,247,3627.0,3630.0
12610,ID00002,3.0,247,3753.0,3756.0
12611,ID00003,3.0,247,3753.0,3756.0
12612,ID00004,3.0,247,3753.0,3756.0
12613,ID00005,3.0,247,3753.0,3756.0
12614,ID00006,3.0,247,3753.0,3756.0
12615,ID00007,3.0,247,3660.0,3663.0
12616,ID00008,3.0,247,3660.0,3663.0
12617,ID00009,3.0,247,3660.0,3663.0
12618,ID00010,3.0,247,3660.0,3663.0
12619,ID00011,3.0,247,3660.0,3663.0
12620,ID00012,3.0,247,3772.0,3775.0
12621,ID00013,3.0,247,3770.0,3773.0
12622,ID00014,3.0,247,3772.0,3775.0
12623,ID00015,3.0,247,3772.0,3775.0
12624,ID00016,3.0,247,3772.0,3775.0
12625,ID00017,3.0,247,3669.0,3672.0
12626,ID00018,3.0,247,3669.0,3672.0
12627,ID00019,3.0,247,3669.0,3672.0
12628,ID00020,3.0,247,3669.0,3672.0
12629,ID00021,3.0,247,3669.0,3672.0
12630,ID00022,3.0,247,3781.0,3784.0
12631,ID00023,3.0,247,3778.0,3781.0
12632,ID00024,3.0,247,3780.0,3783.0
12633,ID00025,3.0,247,3785.0,3788.0
12634,ID00026,3.0,247,3781.0,3784.0
12635,ID00027,3.0,247,3674.0,3677.0
12636,ID00028,3.0,247,3674.0,3677.0
12637,ID00029,3.0,247,3674.0,3677.0
12638,ID00030,3.0,247,3674.0,3677.0
12639,ID00031,3.0,247,3675.0,3678.0
12640,ID00032,172.0,247,3786.0,3958.0
12641,ID00033,230.0,247,3783.0,4013.0
12642,ID00034,125.0,247,3785.0,3910.0
12643,ID00035,175.0,247,3791.0,3966.0
12644,ID00036,163.0,247,3786.0,3949.0
12645,ID00037,178.0,247,3678.0,3856.0
12646,ID00038,217.0,247,3678.0,3895.0
12647,ID00039,175.0,247,3678.0,3853.0
12648,ID00040,181.0,247,3678.0,3859.0
12649,ID00041,158.0,247,3679.0,3837.0
12650,ID00042,3.0,247,4015.0,4018.0
12651,ID00043,3.0,247,3896.0,3899.0
12652,ID00044,3.0,247,4026.0,4029.0
12653,ID00045,3.0,247,4040.0,4043.0
12654,ID00046,62.0,247,4044.0,4106.0
12655,finish,0.0,247,4107.0,4107.0
12656,entry,0.0,248,3600,3600.0
12657,ID00000,57.0,248,3886.0,3943.0
12658,ID00001,56.0,248,3886.0,3942.0
12659,ID00002,54.0,248,3886.0,3940.0
12660,ID00003,54.0,248,3886.0,3940.0
12661,ID00004,56.0,248,3885.0,3941.0
12662,ID00005,55.0,248,3886.0,3941.0
12663,ID00006,55.0,248,3886.0,3941.0
12664,ID00007,55.0,248,3886.0,3941.0
12665,ID00008,55.0,248,3886.0,3941.0
12666,ID00009,55.0,248,3886.0,3941.0
12667,ID00010,54.0,248,3886.0,3940.0
12668,ID00011,54.0,248,3886.0,3940.0
12669,ID00012,1768.0,248,3950.0,5718.0
12670,ID00013,1486.0,248,3950.0,5436.0
12671,ID00014,1667.0,248,3948.0,5615.0
12672,ID00015,1360.0,248,3947.0,5307.0
12673,ID00016,1286.0,248,3948.0,5234.0
12674,ID00017,1598.0,248,3948.0,5546.0
12675,ID00018,880.0,248,3948.0,4828.0
12676,ID00019,1746.0,248,3948.0,5694.0
12677,ID00020,988.0,248,3948.0,4936.0
12678,ID00021,1553.0,248,3948.0,5501.0
12679,ID00022,2027.0,248,3948.0,5975.0
12680,ID00023,1807.0,248,3947.0,5754.0
12681,ID00024,17.0,248,5978.0,5995.0
12682,ID00025,15.0,248,5998.0,6013.0
12683,ID00026,15.0,248,5998.0,6013.0
12684,ID00027,16.0,248,5998.0,6014.0
12685,ID00028,14.0,248,5998.0,6012.0
12686,ID00029,18.0,248,5998.0,6016.0
12687,ID00030,17.0,248,5998.0,6015.0
12688,ID00031,17.0,248,5998.0,6015.0
12689,ID00032,16.0,248,5998.0,6014.0
12690,ID00033,16.0,248,5998.0,6014.0
12691,ID00034,17.0,248,5998.0,6015.0
12692,ID00035,15.0,248,5998.0,6013.0
12693,ID00036,13.0,248,5998.0,6011.0
12694,ID00037,1607.0,248,6016.0,7623.0
12695,ID00038,1213.0,248,6016.0,7229.0
12696,ID00039,1186.0,248,6017.0,7203.0
12697,ID00040,1749.0,248,6015.0,7764.0
12698,ID00041,1473.0,248,6019.0,7492.0
12699,ID00042,1670.0,248,6018.0,7688.0
12700,ID00043,1139.0,248,6018.0,7157.0
12701,ID00044,1855.0,248,6017.0,7872.0
12702,ID00045,2015.0,248,6017.0,8032.0
12703,ID00046,2007.0,248,6018.0,8025.0
12704,ID00047,1767.0,248,6016.0,7783.0
12705,ID00048,911.0,248,6014.0,6925.0
12706,ID00049,16.0,248,8035.0,8051.0
12707,finish,0.0,248,8052.0,8052.0
12708,entry,0.0,249,3600,3600.0
12709,ID00000,3.0,249,3608.0,3611.0
12710,ID00001,3.0,249,3604.0,3607.0
12711,ID00002,3.0,249,3604.0,3607.0
12712,ID00003,3.0,249,3604.0,3607.0
12713,ID00004,3.0,249,3604.0,3607.0
12714,ID00005,3.0,249,3604.0,3607.0
12715,ID00006,3.0,249,3604.0,3607.0
12716,ID00007,3.0,249,3604.0,3607.0
12717,ID00008,3.0,249,3604.0,3607.0
12718,ID00009,3.0,249,3604.0,3607.0
12719,ID00010,3.0,249,3604.0,3607.0
12720,ID00011,3.0,249,3604.0,3607.0
12721,ID00012,3.0,249,3604.0,3607.0
12722,ID00013,497.0,249,3602.0,4099.0
12723,ID00014,10.0,249,3602.0,3612.0
12724,ID00015,20.0,249,3603.0,3623.0
12725,ID00016,468.0,249,4504.0,4972.0
12726,ID00017,134.0,249,4975.0,5109.0
12727,ID00018,3.0,249,5123.0,5126.0
12728,ID00019,3.0,249,5123.0,5126.0
12729,ID00020,329.0,249,5123.0,5452.0
12730,ID00021,9.0,249,5127.0,5136.0
12731,ID00022,3.0,249,5123.0,5126.0
12732,ID00023,3.0,249,5460.0,5463.0
12733,ID00025,3.0,249,3608.0,3611.0
12734,ID00026,3.0,249,3604.0,3607.0
12735,ID00027,3.0,249,3604.0,3607.0
12736,ID00028,3.0,249,3604.0,3607.0
12737,ID00029,3.0,249,3604.0,3607.0
12738,ID00030,3.0,249,3604.0,3607.0
12739,ID00031,3.0,249,3604.0,3607.0
12740,ID00032,3.0,249,3604.0,3607.0
12741,ID00033,3.0,249,3604.0,3607.0
12742,ID00034,3.0,249,3604.0,3607.0
12743,ID00035,3.0,249,3604.0,3607.0
12744,ID00036,3.0,249,3604.0,3607.0
12745,ID00037,3.0,249,3604.0,3607.0
12746,ID00038,277.0,249,3602.0,3879.0
12747,ID00039,10.0,249,3602.0,3612.0
12748,ID00040,9.0,249,3603.0,3612.0
12749,ID00041,626.0,249,4508.0,5134.0
12750,ID00042,46.0,249,5137.0,5183.0
12751,ID00043,3.0,249,5197.0,5200.0
12752,ID00044,3.0,249,5197.0,5200.0
12753,ID00045,319.0,249,5197.0,5516.0
12754,ID00046,9.0,249,5201.0,5210.0
12755,ID00047,3.0,249,5197.0,5200.0
12756,ID00048,3.0,249,5524.0,5527.0
12757,finish,0.0,249,5535.0,5535.0
12758,entry,0.0,250,4500,4500.0
12759,ID00000,3.0,250,4574.0,4577.0
12760,ID00001,3.0,250,4527.0,4530.0
12761,ID00002,3.0,250,4653.0,4656.0
12762,ID00003,3.0,250,4653.0,4656.0
12763,ID00004,3.0,250,4653.0,4656.0
12764,ID00005,3.0,250,4653.0,4656.0
12765,ID00006,3.0,250,4653.0,4656.0
12766,ID00007,3.0,250,4560.0,4563.0
12767,ID00008,3.0,250,4560.0,4563.0
12768,ID00009,3.0,250,4560.0,4563.0
12769,ID00010,3.0,250,4560.0,4563.0
12770,ID00011,3.0,250,4560.0,4563.0
12771,ID00012,3.0,250,4672.0,4675.0
12772,ID00013,3.0,250,4670.0,4673.0
12773,ID00014,3.0,250,4672.0,4675.0
12774,ID00015,3.0,250,4672.0,4675.0
12775,ID00016,3.0,250,4672.0,4675.0
12776,ID00017,3.0,250,4569.0,4572.0
12777,ID00018,3.0,250,4569.0,4572.0
12778,ID00019,3.0,250,4569.0,4572.0
12779,ID00020,3.0,250,4569.0,4572.0
12780,ID00021,3.0,250,4569.0,4572.0
12781,ID00022,3.0,250,4681.0,4684.0
12782,ID00023,3.0,250,4678.0,4681.0
12783,ID00024,3.0,250,4680.0,4683.0
12784,ID00025,3.0,250,4685.0,4688.0
12785,ID00026,3.0,250,4681.0,4684.0
12786,ID00027,3.0,250,4574.0,4577.0
12787,ID00028,3.0,250,4574.0,4577.0
12788,ID00029,3.0,250,4574.0,4577.0
12789,ID00030,3.0,250,4574.0,4577.0
12790,ID00031,3.0,250,4575.0,4578.0
12791,ID00032,172.0,250,4686.0,4858.0
12792,ID00033,230.0,250,4683.0,4913.0
12793,ID00034,125.0,250,4685.0,4810.0
12794,ID00035,175.0,250,4691.0,4866.0
12795,ID00036,163.0,250,4686.0,4849.0
12796,ID00037,178.0,250,4578.0,4756.0
12797,ID00038,217.0,250,4578.0,4795.0
12798,ID00039,175.0,250,4578.0,4753.0
12799,ID00040,181.0,250,4578.0,4759.0
12800,ID00041,158.0,250,4579.0,4737.0
12801,ID00042,3.0,250,4915.0,4918.0
12802,ID00043,3.0,250,4796.0,4799.0
12803,ID00044,3.0,250,4926.0,4929.0
12804,ID00045,3.0,250,4940.0,4943.0
12805,ID00046,62.0,250,4944.0,5006.0
12806,finish,0.0,250,5007.0,5007.0
12807,entry,0.0,251,4500,4500.0
12808,ID00000,165.0,251,4523.0,4688.0
12809,ID00001,165.0,251,4523.0,4688.0
12810,ID00002,166.0,251,4523.0,4689.0
12811,ID00003,166.0,251,4523.0,4689.0
12812,ID00004,163.0,251,4523.0,4686.0
12813,ID00005,166.0,251,4523.0,4689.0
12814,ID00006,164.0,251,4523.0,4687.0
12815,ID00007,166.0,251,4523.0,4689.0
12816,ID00008,129.0,251,4730.0,4859.0
12817,ID00009,128.0,251,4731.0,4859.0
12818,ID00010,126.0,251,4730.0,4856.0
12819,ID00011,128.0,251,4731.0,4859.0
12820,ID00012,129.0,251,4730.0,4859.0
12821,ID00013,126.0,251,4731.0,4857.0
12822,ID00014,128.0,251,4731.0,4859.0
12823,ID00015,128.0,251,4731.0,4859.0
12824,ID00016,127.0,251,4731.0,4858.0
12825,ID00017,125.0,251,4731.0,4856.0
12826,ID00018,129.0,251,4731.0,4860.0
12827,ID00019,127.0,251,4731.0,4858.0
12828,ID00020,126.0,251,4731.0,4857.0
12829,ID00021,129.0,251,4731.0,4860.0
12830,ID00022,127.0,251,4731.0,4858.0
12831,ID00023,129.0,251,4731.0,4860.0
12832,ID00024,126.0,251,4728.0,4854.0
12833,ID00025,127.0,251,4731.0,4858.0
12834,ID00026,130.0,251,4731.0,4861.0
12835,ID00027,126.0,251,4731.0,4857.0
12836,ID00028,128.0,251,4731.0,4859.0
12837,ID00029,128.0,251,4730.0,4858.0
12838,ID00030,128.0,251,4731.0,4859.0
12839,ID00031,128.0,251,4731.0,4859.0
12840,ID00032,127.0,251,4731.0,4858.0
12841,ID00033,127.0,251,4731.0,4858.0
12842,ID00034,127.0,251,4731.0,4858.0
12843,ID00035,127.0,251,4731.0,4858.0
12844,ID00036,27.0,251,4867.0,4894.0
12845,ID00037,64.0,251,4897.0,4961.0
12846,ID00038,131.0,251,4964.0,5095.0
12847,ID00039,129.0,251,4964.0,5093.0
12848,ID00040,131.0,251,4964.0,5095.0
12849,ID00041,128.0,251,4964.0,5092.0
12850,ID00042,126.0,251,4964.0,5090.0
12851,ID00043,128.0,251,4964.0,5092.0
12852,ID00044,129.0,251,4964.0,5093.0
12853,ID00045,129.0,251,4964.0,5093.0
12854,ID00046,30.0,251,5137.0,5167.0
12855,ID00047,59.0,251,5170.0,5229.0
12856,ID00048,59.0,251,5881.0,5940.0
12857,ID00049,6.0,251,5954.0,5960.0
12858,finish,0.0,251,5962.0,5962.0
12859,entry,0.0,252,4500,4500.0
12860,ID00000,3.0,252,4574.0,4577.0
12861,ID00001,3.0,252,4527.0,4530.0
12862,ID00002,3.0,252,4653.0,4656.0
12863,ID00003,3.0,252,4653.0,4656.0
12864,ID00004,3.0,252,4653.0,4656.0
12865,ID00005,3.0,252,4653.0,4656.0
12866,ID00006,3.0,252,4653.0,4656.0
12867,ID00007,3.0,252,4560.0,4563.0
12868,ID00008,3.0,252,4560.0,4563.0
12869,ID00009,3.0,252,4560.0,4563.0
12870,ID00010,3.0,252,4560.0,4563.0
12871,ID00011,3.0,252,4560.0,4563.0
12872,ID00012,3.0,252,4672.0,4675.0
12873,ID00013,3.0,252,4670.0,4673.0
12874,ID00014,3.0,252,4672.0,4675.0
12875,ID00015,3.0,252,4672.0,4675.0
12876,ID00016,3.0,252,4672.0,4675.0
12877,ID00017,3.0,252,4569.0,4572.0
12878,ID00018,3.0,252,4569.0,4572.0
12879,ID00019,3.0,252,4569.0,4572.0
12880,ID00020,3.0,252,4569.0,4572.0
12881,ID00021,3.0,252,4569.0,4572.0
12882,ID00022,3.0,252,4681.0,4684.0
12883,ID00023,3.0,252,4678.0,4681.0
12884,ID00024,3.0,252,4680.0,4683.0
12885,ID00025,3.0,252,4685.0,4688.0
12886,ID00026,3.0,252,4681.0,4684.0
12887,ID00027,3.0,252,4574.0,4577.0
12888,ID00028,3.0,252,4574.0,4577.0
12889,ID00029,3.0,252,4574.0,4577.0
12890,ID00030,3.0,252,4574.0,4577.0
12891,ID00031,3.0,252,4575.0,4578.0
12892,ID00032,172.0,252,4686.0,4858.0
12893,ID00033,230.0,252,4683.0,4913.0
12894,ID00034,125.0,252,4685.0,4810.0
12895,ID00035,175.0,252,4691.0,4866.0
12896,ID00036,163.0,252,4686.0,4849.0
12897,ID00037,178.0,252,4578.0,4756.0
12898,ID00038,217.0,252,4578.0,4795.0
12899,ID00039,175.0,252,4578.0,4753.0
12900,ID00040,181.0,252,4578.0,4759.0
12901,ID00041,158.0,252,4579.0,4737.0
12902,ID00042,3.0,252,4915.0,4918.0
12903,ID00043,3.0,252,4796.0,4799.0
12904,ID00044,3.0,252,4926.0,4929.0
12905,ID00045,3.0,252,4940.0,4943.0
12906,ID00046,62.0,252,4944.0,5006.0
12907,finish,0.0,252,5007.0,5007.0
12908,entry,0.0,253,4500,4500.0
12909,ID00000,3.0,253,4508.0,4511.0
12910,ID00001,3.0,253,4504.0,4507.0
12911,ID00002,3.0,253,4504.0,4507.0
12912,ID00003,3.0,253,4504.0,4507.0
12913,ID00004,3.0,253,4504.0,4507.0
12914,ID00005,3.0,253,4504.0,4507.0
12915,ID00006,3.0,253,4504.0,4507.0
12916,ID00007,3.0,253,4504.0,4507.0
12917,ID00008,3.0,253,4504.0,4507.0
12918,ID00009,3.0,253,4504.0,4507.0
12919,ID00010,3.0,253,4504.0,4507.0
12920,ID00011,3.0,253,4504.0,4507.0
12921,ID00012,3.0,253,4504.0,4507.0
12922,ID00013,497.0,253,4502.0,4999.0
12923,ID00014,10.0,253,4502.0,4512.0
12924,ID00015,20.0,253,4503.0,4523.0
12925,ID00016,468.0,253,5404.0,5872.0
12926,ID00017,134.0,253,5875.0,6009.0
12927,ID00018,3.0,253,6023.0,6026.0
12928,ID00019,3.0,253,6023.0,6026.0
12929,ID00020,329.0,253,6023.0,6352.0
12930,ID00021,9.0,253,6027.0,6036.0
12931,ID00022,3.0,253,6023.0,6026.0
12932,ID00023,3.0,253,6360.0,6363.0
12933,ID00025,3.0,253,4508.0,4511.0
12934,ID00026,3.0,253,4504.0,4507.0
12935,ID00027,3.0,253,4504.0,4507.0
12936,ID00028,3.0,253,4504.0,4507.0
12937,ID00029,3.0,253,4504.0,4507.0
12938,ID00030,3.0,253,4504.0,4507.0
12939,ID00031,3.0,253,4504.0,4507.0
12940,ID00032,3.0,253,4504.0,4507.0
12941,ID00033,3.0,253,4504.0,4507.0
12942,ID00034,3.0,253,4504.0,4507.0
12943,ID00035,3.0,253,4504.0,4507.0
12944,ID00036,3.0,253,4504.0,4507.0
12945,ID00037,3.0,253,4504.0,4507.0
12946,ID00038,277.0,253,4502.0,4779.0
12947,ID00039,10.0,253,4502.0,4512.0
12948,ID00040,9.0,253,4503.0,4512.0
12949,ID00041,626.0,253,5408.0,6034.0
12950,ID00042,46.0,253,6037.0,6083.0
12951,ID00043,3.0,253,6097.0,6100.0
12952,ID00044,3.0,253,6097.0,6100.0
12953,ID00045,319.0,253,6097.0,6416.0
12954,ID00046,9.0,253,6101.0,6110.0
12955,ID00047,3.0,253,6097.0,6100.0
12956,ID00048,3.0,253,6424.0,6427.0
12957,finish,0.0,253,6435.0,6435.0
12958,entry,0.0,254,4500,4500.0
12959,ID00000,6.0,254,10487.0,10493.0
12960,ID00001,5.0,254,10458.0,10463.0
12961,ID00002,3417.0,254,6067.0,9484.0
12962,ID00003,542.0,254,9508.0,10050.0
12963,ID00004,27.0,254,10053.0,10080.0
12964,ID00005,627.0,254,9508.0,10135.0
12965,ID00006,22.0,254,10138.0,10160.0
12966,ID00007,382.0,254,9508.0,9890.0
12967,ID00008,20.0,254,9893.0,9913.0
12968,ID00009,449.0,254,9508.0,9957.0
12969,ID00010,27.0,254,9960.0,9987.0
12970,ID00011,453.0,254,9508.0,9961.0
12971,ID00012,27.0,254,9964.0,9991.0
12972,ID00013,757.0,254,9508.0,10265.0
12973,ID00014,28.0,254,10268.0,10296.0
12974,ID00015,598.0,254,9508.0,10106.0
12975,ID00016,12.0,254,10109.0,10121.0
12976,ID00017,445.0,254,9508.0,9953.0
12977,ID00018,10.0,254,9956.0,9966.0
12978,ID00019,947.0,254,9508.0,10455.0
12979,ID00020,26.0,254,10458.0,10484.0
12980,ID00021,688.0,254,9508.0,10196.0
12981,ID00022,25.0,254,10199.0,10224.0
12982,ID00023,2589.0,254,6075.0,8664.0
12983,ID00024,1086.0,254,8680.0,9766.0
12984,ID00025,15.0,254,9769.0,9784.0
12985,ID00026,669.0,254,8680.0,9349.0
12986,ID00027,21.0,254,9352.0,9373.0
12987,ID00028,784.0,254,8680.0,9464.0
12988,ID00029,21.0,254,9467.0,9488.0
12989,ID00030,937.0,254,8680.0,9617.0
12990,ID00031,11.0,254,9620.0,9631.0
12991,ID00032,541.0,254,8680.0,9221.0
12992,ID00033,22.0,254,9224.0,9246.0
12993,ID00034,518.0,254,8680.0,9198.0
12994,ID00035,20.0,254,9201.0,9221.0
12995,ID00036,1103.0,254,8680.0,9783.0
12996,ID00037,19.0,254,9786.0,9805.0
12997,ID00038,969.0,254,8680.0,9649.0
12998,ID00039,19.0,254,9652.0,9671.0
12999,ID00040,490.0,254,8680.0,9170.0
13000,ID00041,27.0,254,9173.0,9200.0
13001,ID00042,984.0,254,8680.0,9664.0
13002,ID00043,19.0,254,9667.0,9686.0
13003,ID00044,446.0,254,8680.0,9126.0
13004,ID00045,23.0,254,9129.0,9152.0
13005,ID00046,441.0,254,8680.0,9121.0
13006,ID00047,10.0,254,9124.0,9134.0
13007,ID00048,602.0,254,8680.0,9282.0
13008,ID00049,12.0,254,9285.0,9297.0
13009,finish,0.0,254,10494.0,10494.0
13010,entry,0.0,255,4500,4500.0
13011,ID00000,6.0,255,10487.0,10493.0
13012,ID00001,5.0,255,10458.0,10463.0
13013,ID00002,3417.0,255,6067.0,9484.0
13014,ID00003,542.0,255,9508.0,10050.0
13015,ID00004,27.0,255,10053.0,10080.0
13016,ID00005,627.0,255,9508.0,10135.0
13017,ID00006,22.0,255,10138.0,10160.0
13018,ID00007,382.0,255,9508.0,9890.0
13019,ID00008,20.0,255,9893.0,9913.0
13020,ID00009,449.0,255,9508.0,9957.0
13021,ID00010,27.0,255,9960.0,9987.0
13022,ID00011,453.0,255,9508.0,9961.0
13023,ID00012,27.0,255,9964.0,9991.0
13024,ID00013,757.0,255,9508.0,10265.0
13025,ID00014,28.0,255,10268.0,10296.0
13026,ID00015,598.0,255,9508.0,10106.0
13027,ID00016,12.0,255,10109.0,10121.0
13028,ID00017,445.0,255,9508.0,9953.0
13029,ID00018,10.0,255,9956.0,9966.0
13030,ID00019,947.0,255,9508.0,10455.0
13031,ID00020,26.0,255,10458.0,10484.0
13032,ID00021,688.0,255,9508.0,10196.0
13033,ID00022,25.0,255,10199.0,10224.0
13034,ID00023,2589.0,255,6075.0,8664.0
13035,ID00024,1086.0,255,8680.0,9766.0
13036,ID00025,15.0,255,9769.0,9784.0
13037,ID00026,669.0,255,8680.0,9349.0
13038,ID00027,21.0,255,9352.0,9373.0
13039,ID00028,784.0,255,8680.0,9464.0
13040,ID00029,21.0,255,9467.0,9488.0
13041,ID00030,937.0,255,8680.0,9617.0
13042,ID00031,11.0,255,9620.0,9631.0
13043,ID00032,541.0,255,8680.0,9221.0
13044,ID00033,22.0,255,9224.0,9246.0
13045,ID00034,518.0,255,8680.0,9198.0
13046,ID00035,20.0,255,9201.0,9221.0
13047,ID00036,1103.0,255,8680.0,9783.0
13048,ID00037,19.0,255,9786.0,9805.0
13049,ID00038,969.0,255,8680.0,9649.0
13050,ID00039,19.0,255,9652.0,9671.0
13051,ID00040,490.0,255,8680.0,9170.0
13052,ID00041,27.0,255,9173.0,9200.0
13053,ID00042,984.0,255,8680.0,9664.0
13054,ID00043,19.0,255,9667.0,9686.0
13055,ID00044,446.0,255,8680.0,9126.0
13056,ID00045,23.0,255,9129.0,9152.0
13057,ID00046,441.0,255,8680.0,9121.0
13058,ID00047,10.0,255,9124.0,9134.0
13059,ID00048,602.0,255,8680.0,9282.0
13060,ID00049,12.0,255,9285.0,9297.0
13061,finish,0.0,255,10494.0,10494.0
13062,entry,0.0,256,4500,4500.0
13063,ID00000,3.0,256,4574.0,4577.0
13064,ID00001,3.0,256,4527.0,4530.0
13065,ID00002,3.0,256,4653.0,4656.0
13066,ID00003,3.0,256,4653.0,4656.0
13067,ID00004,3.0,256,4653.0,4656.0
13068,ID00005,3.0,256,4653.0,4656.0
13069,ID00006,3.0,256,4653.0,4656.0
13070,ID00007,3.0,256,4560.0,4563.0
13071,ID00008,3.0,256,4560.0,4563.0
13072,ID00009,3.0,256,4560.0,4563.0
13073,ID00010,3.0,256,4560.0,4563.0
13074,ID00011,3.0,256,4560.0,4563.0
13075,ID00012,3.0,256,4672.0,4675.0
13076,ID00013,3.0,256,4670.0,4673.0
13077,ID00014,3.0,256,4672.0,4675.0
13078,ID00015,3.0,256,4672.0,4675.0
13079,ID00016,3.0,256,4672.0,4675.0
13080,ID00017,3.0,256,4569.0,4572.0
13081,ID00018,3.0,256,4569.0,4572.0
13082,ID00019,3.0,256,4569.0,4572.0
13083,ID00020,3.0,256,4569.0,4572.0
13084,ID00021,3.0,256,4569.0,4572.0
13085,ID00022,3.0,256,4681.0,4684.0
13086,ID00023,3.0,256,4678.0,4681.0
13087,ID00024,3.0,256,4680.0,4683.0
13088,ID00025,3.0,256,4685.0,4688.0
13089,ID00026,3.0,256,4681.0,4684.0
13090,ID00027,3.0,256,4574.0,4577.0
13091,ID00028,3.0,256,4574.0,4577.0
13092,ID00029,3.0,256,4574.0,4577.0
13093,ID00030,3.0,256,4574.0,4577.0
13094,ID00031,3.0,256,4575.0,4578.0
13095,ID00032,172.0,256,4686.0,4858.0
13096,ID00033,230.0,256,4683.0,4913.0
13097,ID00034,125.0,256,4685.0,4810.0
13098,ID00035,175.0,256,4691.0,4866.0
13099,ID00036,163.0,256,4686.0,4849.0
13100,ID00037,178.0,256,4578.0,4756.0
13101,ID00038,217.0,256,4578.0,4795.0
13102,ID00039,175.0,256,4578.0,4753.0
13103,ID00040,181.0,256,4578.0,4759.0
13104,ID00041,158.0,256,4579.0,4737.0
13105,ID00042,3.0,256,4915.0,4918.0
13106,ID00043,3.0,256,4796.0,4799.0
13107,ID00044,3.0,256,4926.0,4929.0
13108,ID00045,3.0,256,4940.0,4943.0
13109,ID00046,62.0,256,4944.0,5006.0
13110,finish,0.0,256,5007.0,5007.0
13111,entry,0.0,257,4500,4500.0
13112,ID00000,57.0,257,4786.0,4843.0
13113,ID00001,56.0,257,4786.0,4842.0
13114,ID00002,54.0,257,4786.0,4840.0
13115,ID00003,54.0,257,4786.0,4840.0
13116,ID00004,56.0,257,4785.0,4841.0
13117,ID00005,55.0,257,4786.0,4841.0
13118,ID00006,55.0,257,4786.0,4841.0
13119,ID00007,55.0,257,4786.0,4841.0
13120,ID00008,55.0,257,4786.0,4841.0
13121,ID00009,55.0,257,4786.0,4841.0
13122,ID00010,54.0,257,4786.0,4840.0
13123,ID00011,54.0,257,4786.0,4840.0
13124,ID00012,1768.0,257,4850.0,6618.0
13125,ID00013,1486.0,257,4850.0,6336.0
13126,ID00014,1667.0,257,4848.0,6515.0
13127,ID00015,1360.0,257,4847.0,6207.0
13128,ID00016,1286.0,257,4848.0,6134.0
13129,ID00017,1598.0,257,4848.0,6446.0
13130,ID00018,880.0,257,4848.0,5728.0
13131,ID00019,1746.0,257,4848.0,6594.0
13132,ID00020,988.0,257,4848.0,5836.0
13133,ID00021,1553.0,257,4848.0,6401.0
13134,ID00022,2027.0,257,4848.0,6875.0
13135,ID00023,1807.0,257,4847.0,6654.0
13136,ID00024,17.0,257,6878.0,6895.0
13137,ID00025,15.0,257,6898.0,6913.0
13138,ID00026,15.0,257,6898.0,6913.0
13139,ID00027,16.0,257,6898.0,6914.0
13140,ID00028,14.0,257,6898.0,6912.0
13141,ID00029,18.0,257,6898.0,6916.0
13142,ID00030,17.0,257,6898.0,6915.0
13143,ID00031,17.0,257,6898.0,6915.0
13144,ID00032,16.0,257,6898.0,6914.0
13145,ID00033,16.0,257,6898.0,6914.0
13146,ID00034,17.0,257,6898.0,6915.0
13147,ID00035,15.0,257,6898.0,6913.0
13148,ID00036,13.0,257,6898.0,6911.0
13149,ID00037,1607.0,257,6916.0,8523.0
13150,ID00038,1213.0,257,6916.0,8129.0
13151,ID00039,1186.0,257,6917.0,8103.0
13152,ID00040,1749.0,257,6915.0,8664.0
13153,ID00041,1473.0,257,6919.0,8392.0
13154,ID00042,1670.0,257,6918.0,8588.0
13155,ID00043,1139.0,257,6918.0,8057.0
13156,ID00044,1855.0,257,6917.0,8772.0
13157,ID00045,2015.0,257,6917.0,8932.0
13158,ID00046,2007.0,257,6918.0,8925.0
13159,ID00047,1767.0,257,6916.0,8683.0
13160,ID00048,911.0,257,6914.0,7825.0
13161,ID00049,16.0,257,8935.0,8951.0
13162,finish,0.0,257,8952.0,8952.0
13163,entry,0.0,258,4500,4500.0
13164,ID00000,57.0,258,4786.0,4843.0
13165,ID00001,56.0,258,4786.0,4842.0
13166,ID00002,54.0,258,4786.0,4840.0
13167,ID00003,54.0,258,4786.0,4840.0
13168,ID00004,56.0,258,4785.0,4841.0
13169,ID00005,55.0,258,4786.0,4841.0
13170,ID00006,55.0,258,4786.0,4841.0
13171,ID00007,55.0,258,4786.0,4841.0
13172,ID00008,55.0,258,4786.0,4841.0
13173,ID00009,55.0,258,4786.0,4841.0
13174,ID00010,54.0,258,4786.0,4840.0
13175,ID00011,54.0,258,4786.0,4840.0
13176,ID00012,1768.0,258,4850.0,6618.0
13177,ID00013,1486.0,258,4850.0,6336.0
13178,ID00014,1667.0,258,4848.0,6515.0
13179,ID00015,1360.0,258,4847.0,6207.0
13180,ID00016,1286.0,258,4848.0,6134.0
13181,ID00017,1598.0,258,4848.0,6446.0
13182,ID00018,880.0,258,4848.0,5728.0
13183,ID00019,1746.0,258,4848.0,6594.0
13184,ID00020,988.0,258,4848.0,5836.0
13185,ID00021,1553.0,258,4848.0,6401.0
13186,ID00022,2027.0,258,4848.0,6875.0
13187,ID00023,1807.0,258,4847.0,6654.0
13188,ID00024,17.0,258,6878.0,6895.0
13189,ID00025,15.0,258,6898.0,6913.0
13190,ID00026,15.0,258,6898.0,6913.0
13191,ID00027,16.0,258,6898.0,6914.0
13192,ID00028,14.0,258,6898.0,6912.0
13193,ID00029,18.0,258,6898.0,6916.0
13194,ID00030,17.0,258,6898.0,6915.0
13195,ID00031,17.0,258,6898.0,6915.0
13196,ID00032,16.0,258,6898.0,6914.0
13197,ID00033,16.0,258,6898.0,6914.0
13198,ID00034,17.0,258,6898.0,6915.0
13199,ID00035,15.0,258,6898.0,6913.0
13200,ID00036,13.0,258,6898.0,6911.0
13201,ID00037,1607.0,258,6916.0,8523.0
13202,ID00038,1213.0,258,6916.0,8129.0
13203,ID00039,1186.0,258,6917.0,8103.0
13204,ID00040,1749.0,258,6915.0,8664.0
13205,ID00041,1473.0,258,6919.0,8392.0
13206,ID00042,1670.0,258,6918.0,8588.0
13207,ID00043,1139.0,258,6918.0,8057.0
13208,ID00044,1855.0,258,6917.0,8772.0
13209,ID00045,2015.0,258,6917.0,8932.0
13210,ID00046,2007.0,258,6918.0,8925.0
13211,ID00047,1767.0,258,6916.0,8683.0
13212,ID00048,911.0,258,6914.0,7825.0
13213,ID00049,16.0,258,8935.0,8951.0
13214,finish,0.0,258,8952.0,8952.0
13215,entry,0.0,259,4500,4500.0
13216,ID00000,57.0,259,4786.0,4843.0
13217,ID00001,56.0,259,4786.0,4842.0
13218,ID00002,54.0,259,4786.0,4840.0
13219,ID00003,54.0,259,4786.0,4840.0
13220,ID00004,56.0,259,4785.0,4841.0
13221,ID00005,55.0,259,4786.0,4841.0
13222,ID00006,55.0,259,4786.0,4841.0
13223,ID00007,55.0,259,4786.0,4841.0
13224,ID00008,55.0,259,4786.0,4841.0
13225,ID00009,55.0,259,4786.0,4841.0
13226,ID00010,54.0,259,4786.0,4840.0
13227,ID00011,54.0,259,4786.0,4840.0
13228,ID00012,1768.0,259,4850.0,6618.0
13229,ID00013,1486.0,259,4850.0,6336.0
13230,ID00014,1667.0,259,4848.0,6515.0
13231,ID00015,1360.0,259,4847.0,6207.0
13232,ID00016,1286.0,259,4848.0,6134.0
13233,ID00017,1598.0,259,4848.0,6446.0
13234,ID00018,880.0,259,4848.0,5728.0
13235,ID00019,1746.0,259,4848.0,6594.0
13236,ID00020,988.0,259,4848.0,5836.0
13237,ID00021,1553.0,259,4848.0,6401.0
13238,ID00022,2027.0,259,4848.0,6875.0
13239,ID00023,1807.0,259,4847.0,6654.0
13240,ID00024,17.0,259,6878.0,6895.0
13241,ID00025,15.0,259,6898.0,6913.0
13242,ID00026,15.0,259,6898.0,6913.0
13243,ID00027,16.0,259,6898.0,6914.0
13244,ID00028,14.0,259,6898.0,6912.0
13245,ID00029,18.0,259,6898.0,6916.0
13246,ID00030,17.0,259,6898.0,6915.0
13247,ID00031,17.0,259,6898.0,6915.0
13248,ID00032,16.0,259,6898.0,6914.0
13249,ID00033,16.0,259,6898.0,6914.0
13250,ID00034,17.0,259,6898.0,6915.0
13251,ID00035,15.0,259,6898.0,6913.0
13252,ID00036,13.0,259,6898.0,6911.0
13253,ID00037,1607.0,259,6916.0,8523.0
13254,ID00038,1213.0,259,6916.0,8129.0
13255,ID00039,1186.0,259,6917.0,8103.0
13256,ID00040,1749.0,259,6915.0,8664.0
13257,ID00041,1473.0,259,6919.0,8392.0
13258,ID00042,1670.0,259,6918.0,8588.0
13259,ID00043,1139.0,259,6918.0,8057.0
13260,ID00044,1855.0,259,6917.0,8772.0
13261,ID00045,2015.0,259,6917.0,8932.0
13262,ID00046,2007.0,259,6918.0,8925.0
13263,ID00047,1767.0,259,6916.0,8683.0
13264,ID00048,911.0,259,6914.0,7825.0
13265,ID00049,16.0,259,8935.0,8951.0
13266,finish,0.0,259,8952.0,8952.0
13267,entry,0.0,260,4500,4500.0
13268,ID00000,6.0,260,10487.0,10493.0
13269,ID00001,5.0,260,10458.0,10463.0
13270,ID00002,3417.0,260,6067.0,9484.0
13271,ID00003,542.0,260,9508.0,10050.0
13272,ID00004,27.0,260,10053.0,10080.0
13273,ID00005,627.0,260,9508.0,10135.0
13274,ID00006,22.0,260,10138.0,10160.0
13275,ID00007,382.0,260,9508.0,9890.0
13276,ID00008,20.0,260,9893.0,9913.0
13277,ID00009,449.0,260,9508.0,9957.0
13278,ID00010,27.0,260,9960.0,9987.0
13279,ID00011,453.0,260,9508.0,9961.0
13280,ID00012,27.0,260,9964.0,9991.0
13281,ID00013,757.0,260,9508.0,10265.0
13282,ID00014,28.0,260,10268.0,10296.0
13283,ID00015,598.0,260,9508.0,10106.0
13284,ID00016,12.0,260,10109.0,10121.0
13285,ID00017,445.0,260,9508.0,9953.0
13286,ID00018,10.0,260,9956.0,9966.0
13287,ID00019,947.0,260,9508.0,10455.0
13288,ID00020,26.0,260,10458.0,10484.0
13289,ID00021,688.0,260,9508.0,10196.0
13290,ID00022,25.0,260,10199.0,10224.0
13291,ID00023,2589.0,260,6075.0,8664.0
13292,ID00024,1086.0,260,8680.0,9766.0
13293,ID00025,15.0,260,9769.0,9784.0
13294,ID00026,669.0,260,8680.0,9349.0
13295,ID00027,21.0,260,9352.0,9373.0
13296,ID00028,784.0,260,8680.0,9464.0
13297,ID00029,21.0,260,9467.0,9488.0
13298,ID00030,937.0,260,8680.0,9617.0
13299,ID00031,11.0,260,9620.0,9631.0
13300,ID00032,541.0,260,8680.0,9221.0
13301,ID00033,22.0,260,9224.0,9246.0
13302,ID00034,518.0,260,8680.0,9198.0
13303,ID00035,20.0,260,9201.0,9221.0
13304,ID00036,1103.0,260,8680.0,9783.0
13305,ID00037,19.0,260,9786.0,9805.0
13306,ID00038,969.0,260,8680.0,9649.0
13307,ID00039,19.0,260,9652.0,9671.0
13308,ID00040,490.0,260,8680.0,9170.0
13309,ID00041,27.0,260,9173.0,9200.0
13310,ID00042,984.0,260,8680.0,9664.0
13311,ID00043,19.0,260,9667.0,9686.0
13312,ID00044,446.0,260,8680.0,9126.0
13313,ID00045,23.0,260,9129.0,9152.0
13314,ID00046,441.0,260,8680.0,9121.0
13315,ID00047,10.0,260,9124.0,9134.0
13316,ID00048,602.0,260,8680.0,9282.0
13317,ID00049,12.0,260,9285.0,9297.0
13318,finish,0.0,260,10494.0,10494.0
13319,entry,0.0,261,4500,4500.0
13320,ID00000,57.0,261,4786.0,4843.0
13321,ID00001,56.0,261,4786.0,4842.0
13322,ID00002,54.0,261,4786.0,4840.0
13323,ID00003,54.0,261,4786.0,4840.0
13324,ID00004,56.0,261,4785.0,4841.0
13325,ID00005,55.0,261,4786.0,4841.0
13326,ID00006,55.0,261,4786.0,4841.0
13327,ID00007,55.0,261,4786.0,4841.0
13328,ID00008,55.0,261,4786.0,4841.0
13329,ID00009,55.0,261,4786.0,4841.0
13330,ID00010,54.0,261,4786.0,4840.0
13331,ID00011,54.0,261,4786.0,4840.0
13332,ID00012,1768.0,261,4850.0,6618.0
13333,ID00013,1486.0,261,4850.0,6336.0
13334,ID00014,1667.0,261,4848.0,6515.0
13335,ID00015,1360.0,261,4847.0,6207.0
13336,ID00016,1286.0,261,4848.0,6134.0
13337,ID00017,1598.0,261,4848.0,6446.0
13338,ID00018,880.0,261,4848.0,5728.0
13339,ID00019,1746.0,261,4848.0,6594.0
13340,ID00020,988.0,261,4848.0,5836.0
13341,ID00021,1553.0,261,4848.0,6401.0
13342,ID00022,2027.0,261,4848.0,6875.0
13343,ID00023,1807.0,261,4847.0,6654.0
13344,ID00024,17.0,261,6878.0,6895.0
13345,ID00025,15.0,261,6898.0,6913.0
13346,ID00026,15.0,261,6898.0,6913.0
13347,ID00027,16.0,261,6898.0,6914.0
13348,ID00028,14.0,261,6898.0,6912.0
13349,ID00029,18.0,261,6898.0,6916.0
13350,ID00030,17.0,261,6898.0,6915.0
13351,ID00031,17.0,261,6898.0,6915.0
13352,ID00032,16.0,261,6898.0,6914.0
13353,ID00033,16.0,261,6898.0,6914.0
13354,ID00034,17.0,261,6898.0,6915.0
13355,ID00035,15.0,261,6898.0,6913.0
13356,ID00036,13.0,261,6898.0,6911.0
13357,ID00037,1607.0,261,6916.0,8523.0
13358,ID00038,1213.0,261,6916.0,8129.0
13359,ID00039,1186.0,261,6917.0,8103.0
13360,ID00040,1749.0,261,6915.0,8664.0
13361,ID00041,1473.0,261,6919.0,8392.0
13362,ID00042,1670.0,261,6918.0,8588.0
13363,ID00043,1139.0,261,6918.0,8057.0
13364,ID00044,1855.0,261,6917.0,8772.0
13365,ID00045,2015.0,261,6917.0,8932.0
13366,ID00046,2007.0,261,6918.0,8925.0
13367,ID00047,1767.0,261,6916.0,8683.0
13368,ID00048,911.0,261,6914.0,7825.0
13369,ID00049,16.0,261,8935.0,8951.0
13370,finish,0.0,261,8952.0,8952.0
13371,entry,0.0,262,4500,4500.0
13372,ID00000,57.0,262,4786.0,4843.0
13373,ID00001,56.0,262,4786.0,4842.0
13374,ID00002,54.0,262,4786.0,4840.0
13375,ID00003,54.0,262,4786.0,4840.0
13376,ID00004,56.0,262,4785.0,4841.0
13377,ID00005,55.0,262,4786.0,4841.0
13378,ID00006,55.0,262,4786.0,4841.0
13379,ID00007,55.0,262,4786.0,4841.0
13380,ID00008,55.0,262,4786.0,4841.0
13381,ID00009,55.0,262,4786.0,4841.0
13382,ID00010,54.0,262,4786.0,4840.0
13383,ID00011,54.0,262,4786.0,4840.0
13384,ID00012,1768.0,262,4850.0,6618.0
13385,ID00013,1486.0,262,4850.0,6336.0
13386,ID00014,1667.0,262,4848.0,6515.0
13387,ID00015,1360.0,262,4847.0,6207.0
13388,ID00016,1286.0,262,4848.0,6134.0
13389,ID00017,1598.0,262,4848.0,6446.0
13390,ID00018,880.0,262,4848.0,5728.0
13391,ID00019,1746.0,262,4848.0,6594.0
13392,ID00020,988.0,262,4848.0,5836.0
13393,ID00021,1553.0,262,4848.0,6401.0
13394,ID00022,2027.0,262,4848.0,6875.0
13395,ID00023,1807.0,262,4847.0,6654.0
13396,ID00024,17.0,262,6878.0,6895.0
13397,ID00025,15.0,262,6898.0,6913.0
13398,ID00026,15.0,262,6898.0,6913.0
13399,ID00027,16.0,262,6898.0,6914.0
13400,ID00028,14.0,262,6898.0,6912.0
13401,ID00029,18.0,262,6898.0,6916.0
13402,ID00030,17.0,262,6898.0,6915.0
13403,ID00031,17.0,262,6898.0,6915.0
13404,ID00032,16.0,262,6898.0,6914.0
13405,ID00033,16.0,262,6898.0,6914.0
13406,ID00034,17.0,262,6898.0,6915.0
13407,ID00035,15.0,262,6898.0,6913.0
13408,ID00036,13.0,262,6898.0,6911.0
13409,ID00037,1607.0,262,6916.0,8523.0
13410,ID00038,1213.0,262,6916.0,8129.0
13411,ID00039,1186.0,262,6917.0,8103.0
13412,ID00040,1749.0,262,6915.0,8664.0
13413,ID00041,1473.0,262,6919.0,8392.0
13414,ID00042,1670.0,262,6918.0,8588.0
13415,ID00043,1139.0,262,6918.0,8057.0
13416,ID00044,1855.0,262,6917.0,8772.0
13417,ID00045,2015.0,262,6917.0,8932.0
13418,ID00046,2007.0,262,6918.0,8925.0
13419,ID00047,1767.0,262,6916.0,8683.0
13420,ID00048,911.0,262,6914.0,7825.0
13421,ID00049,16.0,262,8935.0,8951.0
13422,finish,0.0,262,8952.0,8952.0
13423,entry,0.0,263,4500,4500.0
13424,ID00000,3.0,263,4508.0,4511.0
13425,ID00001,3.0,263,4504.0,4507.0
13426,ID00002,3.0,263,4504.0,4507.0
13427,ID00003,3.0,263,4504.0,4507.0
13428,ID00004,3.0,263,4504.0,4507.0
13429,ID00005,3.0,263,4504.0,4507.0
13430,ID00006,3.0,263,4504.0,4507.0
13431,ID00007,3.0,263,4504.0,4507.0
13432,ID00008,3.0,263,4504.0,4507.0
13433,ID00009,3.0,263,4504.0,4507.0
13434,ID00010,3.0,263,4504.0,4507.0
13435,ID00011,3.0,263,4504.0,4507.0
13436,ID00012,3.0,263,4504.0,4507.0
13437,ID00013,497.0,263,4502.0,4999.0
13438,ID00014,10.0,263,4502.0,4512.0
13439,ID00015,20.0,263,4503.0,4523.0
13440,ID00016,468.0,263,5404.0,5872.0
13441,ID00017,134.0,263,5875.0,6009.0
13442,ID00018,3.0,263,6023.0,6026.0
13443,ID00019,3.0,263,6023.0,6026.0
13444,ID00020,329.0,263,6023.0,6352.0
13445,ID00021,9.0,263,6027.0,6036.0
13446,ID00022,3.0,263,6023.0,6026.0
13447,ID00023,3.0,263,6360.0,6363.0
13448,ID00025,3.0,263,4508.0,4511.0
13449,ID00026,3.0,263,4504.0,4507.0
13450,ID00027,3.0,263,4504.0,4507.0
13451,ID00028,3.0,263,4504.0,4507.0
13452,ID00029,3.0,263,4504.0,4507.0
13453,ID00030,3.0,263,4504.0,4507.0
13454,ID00031,3.0,263,4504.0,4507.0
13455,ID00032,3.0,263,4504.0,4507.0
13456,ID00033,3.0,263,4504.0,4507.0
13457,ID00034,3.0,263,4504.0,4507.0
13458,ID00035,3.0,263,4504.0,4507.0
13459,ID00036,3.0,263,4504.0,4507.0
13460,ID00037,3.0,263,4504.0,4507.0
13461,ID00038,277.0,263,4502.0,4779.0
13462,ID00039,10.0,263,4502.0,4512.0
13463,ID00040,9.0,263,4503.0,4512.0
13464,ID00041,626.0,263,5408.0,6034.0
13465,ID00042,46.0,263,6037.0,6083.0
13466,ID00043,3.0,263,6097.0,6100.0
13467,ID00044,3.0,263,6097.0,6100.0
13468,ID00045,319.0,263,6097.0,6416.0
13469,ID00046,9.0,263,6101.0,6110.0
13470,ID00047,3.0,263,6097.0,6100.0
13471,ID00048,3.0,263,6424.0,6427.0
13472,finish,0.0,263,6435.0,6435.0
13473,entry,0.0,264,4500,4500.0
13474,ID00000,3.0,264,4574.0,4577.0
13475,ID00001,3.0,264,4527.0,4530.0
13476,ID00002,3.0,264,4653.0,4656.0
13477,ID00003,3.0,264,4653.0,4656.0
13478,ID00004,3.0,264,4653.0,4656.0
13479,ID00005,3.0,264,4653.0,4656.0
13480,ID00006,3.0,264,4653.0,4656.0
13481,ID00007,3.0,264,4560.0,4563.0
13482,ID00008,3.0,264,4560.0,4563.0
13483,ID00009,3.0,264,4560.0,4563.0
13484,ID00010,3.0,264,4560.0,4563.0
13485,ID00011,3.0,264,4560.0,4563.0
13486,ID00012,3.0,264,4672.0,4675.0
13487,ID00013,3.0,264,4670.0,4673.0
13488,ID00014,3.0,264,4672.0,4675.0
13489,ID00015,3.0,264,4672.0,4675.0
13490,ID00016,3.0,264,4672.0,4675.0
13491,ID00017,3.0,264,4569.0,4572.0
13492,ID00018,3.0,264,4569.0,4572.0
13493,ID00019,3.0,264,4569.0,4572.0
13494,ID00020,3.0,264,4569.0,4572.0
13495,ID00021,3.0,264,4569.0,4572.0
13496,ID00022,3.0,264,4681.0,4684.0
13497,ID00023,3.0,264,4678.0,4681.0
13498,ID00024,3.0,264,4680.0,4683.0
13499,ID00025,3.0,264,4685.0,4688.0
13500,ID00026,3.0,264,4681.0,4684.0
13501,ID00027,3.0,264,4574.0,4577.0
13502,ID00028,3.0,264,4574.0,4577.0
13503,ID00029,3.0,264,4574.0,4577.0
13504,ID00030,3.0,264,4574.0,4577.0
13505,ID00031,3.0,264,4575.0,4578.0
13506,ID00032,172.0,264,4686.0,4858.0
13507,ID00033,230.0,264,4683.0,4913.0
13508,ID00034,125.0,264,4685.0,4810.0
13509,ID00035,175.0,264,4691.0,4866.0
13510,ID00036,163.0,264,4686.0,4849.0
13511,ID00037,178.0,264,4578.0,4756.0
13512,ID00038,217.0,264,4578.0,4795.0
13513,ID00039,175.0,264,4578.0,4753.0
13514,ID00040,181.0,264,4578.0,4759.0
13515,ID00041,158.0,264,4579.0,4737.0
13516,ID00042,3.0,264,4915.0,4918.0
13517,ID00043,3.0,264,4796.0,4799.0
13518,ID00044,3.0,264,4926.0,4929.0
13519,ID00045,3.0,264,4940.0,4943.0
13520,ID00046,62.0,264,4944.0,5006.0
13521,finish,0.0,264,5007.0,5007.0
13522,entry,0.0,265,4500,4500.0
13523,ID00000,3.0,265,4574.0,4577.0
13524,ID00001,3.0,265,4527.0,4530.0
13525,ID00002,3.0,265,4653.0,4656.0
13526,ID00003,3.0,265,4653.0,4656.0
13527,ID00004,3.0,265,4653.0,4656.0
13528,ID00005,3.0,265,4653.0,4656.0
13529,ID00006,3.0,265,4653.0,4656.0
13530,ID00007,3.0,265,4560.0,4563.0
13531,ID00008,3.0,265,4560.0,4563.0
13532,ID00009,3.0,265,4560.0,4563.0
13533,ID00010,3.0,265,4560.0,4563.0
13534,ID00011,3.0,265,4560.0,4563.0
13535,ID00012,3.0,265,4672.0,4675.0
13536,ID00013,3.0,265,4670.0,4673.0
13537,ID00014,3.0,265,4672.0,4675.0
13538,ID00015,3.0,265,4672.0,4675.0
13539,ID00016,3.0,265,4672.0,4675.0
13540,ID00017,3.0,265,4569.0,4572.0
13541,ID00018,3.0,265,4569.0,4572.0
13542,ID00019,3.0,265,4569.0,4572.0
13543,ID00020,3.0,265,4569.0,4572.0
13544,ID00021,3.0,265,4569.0,4572.0
13545,ID00022,3.0,265,4681.0,4684.0
13546,ID00023,3.0,265,4678.0,4681.0
13547,ID00024,3.0,265,4680.0,4683.0
13548,ID00025,3.0,265,4685.0,4688.0
13549,ID00026,3.0,265,4681.0,4684.0
13550,ID00027,3.0,265,4574.0,4577.0
13551,ID00028,3.0,265,4574.0,4577.0
13552,ID00029,3.0,265,4574.0,4577.0
13553,ID00030,3.0,265,4574.0,4577.0
13554,ID00031,3.0,265,4575.0,4578.0
13555,ID00032,172.0,265,4686.0,4858.0
13556,ID00033,230.0,265,4683.0,4913.0
13557,ID00034,125.0,265,4685.0,4810.0
13558,ID00035,175.0,265,4691.0,4866.0
13559,ID00036,163.0,265,4686.0,4849.0
13560,ID00037,178.0,265,4578.0,4756.0
13561,ID00038,217.0,265,4578.0,4795.0
13562,ID00039,175.0,265,4578.0,4753.0
13563,ID00040,181.0,265,4578.0,4759.0
13564,ID00041,158.0,265,4579.0,4737.0
13565,ID00042,3.0,265,4915.0,4918.0
13566,ID00043,3.0,265,4796.0,4799.0
13567,ID00044,3.0,265,4926.0,4929.0
13568,ID00045,3.0,265,4940.0,4943.0
13569,ID00046,62.0,265,4944.0,5006.0
13570,finish,0.0,265,5007.0,5007.0
13571,entry,0.0,266,4500,4500.0
13572,ID00000,57.0,266,4786.0,4843.0
13573,ID00001,56.0,266,4786.0,4842.0
13574,ID00002,54.0,266,4786.0,4840.0
13575,ID00003,54.0,266,4786.0,4840.0
13576,ID00004,56.0,266,4785.0,4841.0
13577,ID00005,55.0,266,4786.0,4841.0
13578,ID00006,55.0,266,4786.0,4841.0
13579,ID00007,55.0,266,4786.0,4841.0
13580,ID00008,55.0,266,4786.0,4841.0
13581,ID00009,55.0,266,4786.0,4841.0
13582,ID00010,54.0,266,4786.0,4840.0
13583,ID00011,54.0,266,4786.0,4840.0
13584,ID00012,1768.0,266,4850.0,6618.0
13585,ID00013,1486.0,266,4850.0,6336.0
13586,ID00014,1667.0,266,4848.0,6515.0
13587,ID00015,1360.0,266,4847.0,6207.0
13588,ID00016,1286.0,266,4848.0,6134.0
13589,ID00017,1598.0,266,4848.0,6446.0
13590,ID00018,880.0,266,4848.0,5728.0
13591,ID00019,1746.0,266,4848.0,6594.0
13592,ID00020,988.0,266,4848.0,5836.0
13593,ID00021,1553.0,266,4848.0,6401.0
13594,ID00022,2027.0,266,4848.0,6875.0
13595,ID00023,1807.0,266,4847.0,6654.0
13596,ID00024,17.0,266,6878.0,6895.0
13597,ID00025,15.0,266,6898.0,6913.0
13598,ID00026,15.0,266,6898.0,6913.0
13599,ID00027,16.0,266,6898.0,6914.0
13600,ID00028,14.0,266,6898.0,6912.0
13601,ID00029,18.0,266,6898.0,6916.0
13602,ID00030,17.0,266,6898.0,6915.0
13603,ID00031,17.0,266,6898.0,6915.0
13604,ID00032,16.0,266,6898.0,6914.0
13605,ID00033,16.0,266,6898.0,6914.0
13606,ID00034,17.0,266,6898.0,6915.0
13607,ID00035,15.0,266,6898.0,6913.0
13608,ID00036,13.0,266,6898.0,6911.0
13609,ID00037,1607.0,266,6916.0,8523.0
13610,ID00038,1213.0,266,6916.0,8129.0
13611,ID00039,1186.0,266,6917.0,8103.0
13612,ID00040,1749.0,266,6915.0,8664.0
13613,ID00041,1473.0,266,6919.0,8392.0
13614,ID00042,1670.0,266,6918.0,8588.0
13615,ID00043,1139.0,266,6918.0,8057.0
13616,ID00044,1855.0,266,6917.0,8772.0
13617,ID00045,2015.0,266,6917.0,8932.0
13618,ID00046,2007.0,266,6918.0,8925.0
13619,ID00047,1767.0,266,6916.0,8683.0
13620,ID00048,911.0,266,6914.0,7825.0
13621,ID00049,16.0,266,8935.0,8951.0
13622,finish,0.0,266,8952.0,8952.0
13623,entry,0.0,267,4500,4500.0
13624,ID00000,3.0,267,4508.0,4511.0
13625,ID00001,3.0,267,4504.0,4507.0
13626,ID00002,3.0,267,4504.0,4507.0
13627,ID00003,3.0,267,4504.0,4507.0
13628,ID00004,3.0,267,4504.0,4507.0
13629,ID00005,3.0,267,4504.0,4507.0
13630,ID00006,3.0,267,4504.0,4507.0
13631,ID00007,3.0,267,4504.0,4507.0
13632,ID00008,3.0,267,4504.0,4507.0
13633,ID00009,3.0,267,4504.0,4507.0
13634,ID00010,3.0,267,4504.0,4507.0
13635,ID00011,3.0,267,4504.0,4507.0
13636,ID00012,3.0,267,4504.0,4507.0
13637,ID00013,497.0,267,4502.0,4999.0
13638,ID00014,10.0,267,4502.0,4512.0
13639,ID00015,20.0,267,4503.0,4523.0
13640,ID00016,468.0,267,5404.0,5872.0
13641,ID00017,134.0,267,5875.0,6009.0
13642,ID00018,3.0,267,6023.0,6026.0
13643,ID00019,3.0,267,6023.0,6026.0
13644,ID00020,329.0,267,6023.0,6352.0
13645,ID00021,9.0,267,6027.0,6036.0
13646,ID00022,3.0,267,6023.0,6026.0
13647,ID00023,3.0,267,6360.0,6363.0
13648,ID00025,3.0,267,4508.0,4511.0
13649,ID00026,3.0,267,4504.0,4507.0
13650,ID00027,3.0,267,4504.0,4507.0
13651,ID00028,3.0,267,4504.0,4507.0
13652,ID00029,3.0,267,4504.0,4507.0
13653,ID00030,3.0,267,4504.0,4507.0
13654,ID00031,3.0,267,4504.0,4507.0
13655,ID00032,3.0,267,4504.0,4507.0
13656,ID00033,3.0,267,4504.0,4507.0
13657,ID00034,3.0,267,4504.0,4507.0
13658,ID00035,3.0,267,4504.0,4507.0
13659,ID00036,3.0,267,4504.0,4507.0
13660,ID00037,3.0,267,4504.0,4507.0
13661,ID00038,277.0,267,4502.0,4779.0
13662,ID00039,10.0,267,4502.0,4512.0
13663,ID00040,9.0,267,4503.0,4512.0
13664,ID00041,626.0,267,5408.0,6034.0
13665,ID00042,46.0,267,6037.0,6083.0
13666,ID00043,3.0,267,6097.0,6100.0
13667,ID00044,3.0,267,6097.0,6100.0
13668,ID00045,319.0,267,6097.0,6416.0
13669,ID00046,9.0,267,6101.0,6110.0
13670,ID00047,3.0,267,6097.0,6100.0
13671,ID00048,3.0,267,6424.0,6427.0
13672,finish,0.0,267,6435.0,6435.0
13673,entry,0.0,268,4500,4500.0
13674,ID00000,57.0,268,4786.0,4843.0
13675,ID00001,56.0,268,4786.0,4842.0
13676,ID00002,54.0,268,4786.0,4840.0
13677,ID00003,54.0,268,4786.0,4840.0
13678,ID00004,56.0,268,4785.0,4841.0
13679,ID00005,55.0,268,4786.0,4841.0
13680,ID00006,55.0,268,4786.0,4841.0
13681,ID00007,55.0,268,4786.0,4841.0
13682,ID00008,55.0,268,4786.0,4841.0
13683,ID00009,55.0,268,4786.0,4841.0
13684,ID00010,54.0,268,4786.0,4840.0
13685,ID00011,54.0,268,4786.0,4840.0
13686,ID00012,1768.0,268,4850.0,6618.0
13687,ID00013,1486.0,268,4850.0,6336.0
13688,ID00014,1667.0,268,4848.0,6515.0
13689,ID00015,1360.0,268,4847.0,6207.0
13690,ID00016,1286.0,268,4848.0,6134.0
13691,ID00017,1598.0,268,4848.0,6446.0
13692,ID00018,880.0,268,4848.0,5728.0
13693,ID00019,1746.0,268,4848.0,6594.0
13694,ID00020,988.0,268,4848.0,5836.0
13695,ID00021,1553.0,268,4848.0,6401.0
13696,ID00022,2027.0,268,4848.0,6875.0
13697,ID00023,1807.0,268,4847.0,6654.0
13698,ID00024,17.0,268,6878.0,6895.0
13699,ID00025,15.0,268,6898.0,6913.0
13700,ID00026,15.0,268,6898.0,6913.0
13701,ID00027,16.0,268,6898.0,6914.0
13702,ID00028,14.0,268,6898.0,6912.0
13703,ID00029,18.0,268,6898.0,6916.0
13704,ID00030,17.0,268,6898.0,6915.0
13705,ID00031,17.0,268,6898.0,6915.0
13706,ID00032,16.0,268,6898.0,6914.0
13707,ID00033,16.0,268,6898.0,6914.0
13708,ID00034,17.0,268,6898.0,6915.0
13709,ID00035,15.0,268,6898.0,6913.0
13710,ID00036,13.0,268,6898.0,6911.0
13711,ID00037,1607.0,268,6916.0,8523.0
13712,ID00038,1213.0,268,6916.0,8129.0
13713,ID00039,1186.0,268,6917.0,8103.0
13714,ID00040,1749.0,268,6915.0,8664.0
13715,ID00041,1473.0,268,6919.0,8392.0
13716,ID00042,1670.0,268,6918.0,8588.0
13717,ID00043,1139.0,268,6918.0,8057.0
13718,ID00044,1855.0,268,6917.0,8772.0
13719,ID00045,2015.0,268,6917.0,8932.0
13720,ID00046,2007.0,268,6918.0,8925.0
13721,ID00047,1767.0,268,6916.0,8683.0
13722,ID00048,911.0,268,6914.0,7825.0
13723,ID00049,16.0,268,8935.0,8951.0
13724,finish,0.0,268,8952.0,8952.0
13725,entry,0.0,269,4500,4500.0
13726,ID00000,6.0,269,10487.0,10493.0
13727,ID00001,5.0,269,10458.0,10463.0
13728,ID00002,3417.0,269,6067.0,9484.0
13729,ID00003,542.0,269,9508.0,10050.0
13730,ID00004,27.0,269,10053.0,10080.0
13731,ID00005,627.0,269,9508.0,10135.0
13732,ID00006,22.0,269,10138.0,10160.0
13733,ID00007,382.0,269,9508.0,9890.0
13734,ID00008,20.0,269,9893.0,9913.0
13735,ID00009,449.0,269,9508.0,9957.0
13736,ID00010,27.0,269,9960.0,9987.0
13737,ID00011,453.0,269,9508.0,9961.0
13738,ID00012,27.0,269,9964.0,9991.0
13739,ID00013,757.0,269,9508.0,10265.0
13740,ID00014,28.0,269,10268.0,10296.0
13741,ID00015,598.0,269,9508.0,10106.0
13742,ID00016,12.0,269,10109.0,10121.0
13743,ID00017,445.0,269,9508.0,9953.0
13744,ID00018,10.0,269,9956.0,9966.0
13745,ID00019,947.0,269,9508.0,10455.0
13746,ID00020,26.0,269,10458.0,10484.0
13747,ID00021,688.0,269,9508.0,10196.0
13748,ID00022,25.0,269,10199.0,10224.0
13749,ID00023,2589.0,269,6075.0,8664.0
13750,ID00024,1086.0,269,8680.0,9766.0
13751,ID00025,15.0,269,9769.0,9784.0
13752,ID00026,669.0,269,8680.0,9349.0
13753,ID00027,21.0,269,9352.0,9373.0
13754,ID00028,784.0,269,8680.0,9464.0
13755,ID00029,21.0,269,9467.0,9488.0
13756,ID00030,937.0,269,8680.0,9617.0
13757,ID00031,11.0,269,9620.0,9631.0
13758,ID00032,541.0,269,8680.0,9221.0
13759,ID00033,22.0,269,9224.0,9246.0
13760,ID00034,518.0,269,8680.0,9198.0
13761,ID00035,20.0,269,9201.0,9221.0
13762,ID00036,1103.0,269,8680.0,9783.0
13763,ID00037,19.0,269,9786.0,9805.0
13764,ID00038,969.0,269,8680.0,9649.0
13765,ID00039,19.0,269,9652.0,9671.0
13766,ID00040,490.0,269,8680.0,9170.0
13767,ID00041,27.0,269,9173.0,9200.0
13768,ID00042,984.0,269,8680.0,9664.0
13769,ID00043,19.0,269,9667.0,9686.0
13770,ID00044,446.0,269,8680.0,9126.0
13771,ID00045,23.0,269,9129.0,9152.0
13772,ID00046,441.0,269,8680.0,9121.0
13773,ID00047,10.0,269,9124.0,9134.0
13774,ID00048,602.0,269,8680.0,9282.0
13775,ID00049,12.0,269,9285.0,9297.0
13776,finish,0.0,269,10494.0,10494.0
13777,entry,0.0,270,4500,4500.0
13778,ID00000,6.0,270,10487.0,10493.0
13779,ID00001,5.0,270,10458.0,10463.0
13780,ID00002,3417.0,270,6067.0,9484.0
13781,ID00003,542.0,270,9508.0,10050.0
13782,ID00004,27.0,270,10053.0,10080.0
13783,ID00005,627.0,270,9508.0,10135.0
13784,ID00006,22.0,270,10138.0,10160.0
13785,ID00007,382.0,270,9508.0,9890.0
13786,ID00008,20.0,270,9893.0,9913.0
13787,ID00009,449.0,270,9508.0,9957.0
13788,ID00010,27.0,270,9960.0,9987.0
13789,ID00011,453.0,270,9508.0,9961.0
13790,ID00012,27.0,270,9964.0,9991.0
13791,ID00013,757.0,270,9508.0,10265.0
13792,ID00014,28.0,270,10268.0,10296.0
13793,ID00015,598.0,270,9508.0,10106.0
13794,ID00016,12.0,270,10109.0,10121.0
13795,ID00017,445.0,270,9508.0,9953.0
13796,ID00018,10.0,270,9956.0,9966.0
13797,ID00019,947.0,270,9508.0,10455.0
13798,ID00020,26.0,270,10458.0,10484.0
13799,ID00021,688.0,270,9508.0,10196.0
13800,ID00022,25.0,270,10199.0,10224.0
13801,ID00023,2589.0,270,6075.0,8664.0
13802,ID00024,1086.0,270,8680.0,9766.0
13803,ID00025,15.0,270,9769.0,9784.0
13804,ID00026,669.0,270,8680.0,9349.0
13805,ID00027,21.0,270,9352.0,9373.0
13806,ID00028,784.0,270,8680.0,9464.0
13807,ID00029,21.0,270,9467.0,9488.0
13808,ID00030,937.0,270,8680.0,9617.0
13809,ID00031,11.0,270,9620.0,9631.0
13810,ID00032,541.0,270,8680.0,9221.0
13811,ID00033,22.0,270,9224.0,9246.0
13812,ID00034,518.0,270,8680.0,9198.0
13813,ID00035,20.0,270,9201.0,9221.0
13814,ID00036,1103.0,270,8680.0,9783.0
13815,ID00037,19.0,270,9786.0,9805.0
13816,ID00038,969.0,270,8680.0,9649.0
13817,ID00039,19.0,270,9652.0,9671.0
13818,ID00040,490.0,270,8680.0,9170.0
13819,ID00041,27.0,270,9173.0,9200.0
13820,ID00042,984.0,270,8680.0,9664.0
13821,ID00043,19.0,270,9667.0,9686.0
13822,ID00044,446.0,270,8680.0,9126.0
13823,ID00045,23.0,270,9129.0,9152.0
13824,ID00046,441.0,270,8680.0,9121.0
13825,ID00047,10.0,270,9124.0,9134.0
13826,ID00048,602.0,270,8680.0,9282.0
13827,ID00049,12.0,270,9285.0,9297.0
13828,finish,0.0,270,10494.0,10494.0
13829,entry,0.0,271,4500,4500.0
13830,ID00000,6.0,271,10487.0,10493.0
13831,ID00001,5.0,271,10458.0,10463.0
13832,ID00002,3417.0,271,6067.0,9484.0
13833,ID00003,542.0,271,9508.0,10050.0
13834,ID00004,27.0,271,10053.0,10080.0
13835,ID00005,627.0,271,9508.0,10135.0
13836,ID00006,22.0,271,10138.0,10160.0
13837,ID00007,382.0,271,9508.0,9890.0
13838,ID00008,20.0,271,9893.0,9913.0
13839,ID00009,449.0,271,9508.0,9957.0
13840,ID00010,27.0,271,9960.0,9987.0
13841,ID00011,453.0,271,9508.0,9961.0
13842,ID00012,27.0,271,9964.0,9991.0
13843,ID00013,757.0,271,9508.0,10265.0
13844,ID00014,28.0,271,10268.0,10296.0
13845,ID00015,598.0,271,9508.0,10106.0
13846,ID00016,12.0,271,10109.0,10121.0
13847,ID00017,445.0,271,9508.0,9953.0
13848,ID00018,10.0,271,9956.0,9966.0
13849,ID00019,947.0,271,9508.0,10455.0
13850,ID00020,26.0,271,10458.0,10484.0
13851,ID00021,688.0,271,9508.0,10196.0
13852,ID00022,25.0,271,10199.0,10224.0
13853,ID00023,2589.0,271,6075.0,8664.0
13854,ID00024,1086.0,271,8680.0,9766.0
13855,ID00025,15.0,271,9769.0,9784.0
13856,ID00026,669.0,271,8680.0,9349.0
13857,ID00027,21.0,271,9352.0,9373.0
13858,ID00028,784.0,271,8680.0,9464.0
13859,ID00029,21.0,271,9467.0,9488.0
13860,ID00030,937.0,271,8680.0,9617.0
13861,ID00031,11.0,271,9620.0,9631.0
13862,ID00032,541.0,271,8680.0,9221.0
13863,ID00033,22.0,271,9224.0,9246.0
13864,ID00034,518.0,271,8680.0,9198.0
13865,ID00035,20.0,271,9201.0,9221.0
13866,ID00036,1103.0,271,8680.0,9783.0
13867,ID00037,19.0,271,9786.0,9805.0
13868,ID00038,969.0,271,8680.0,9649.0
13869,ID00039,19.0,271,9652.0,9671.0
13870,ID00040,490.0,271,8680.0,9170.0
13871,ID00041,27.0,271,9173.0,9200.0
13872,ID00042,984.0,271,8680.0,9664.0
13873,ID00043,19.0,271,9667.0,9686.0
13874,ID00044,446.0,271,8680.0,9126.0
13875,ID00045,23.0,271,9129.0,9152.0
13876,ID00046,441.0,271,8680.0,9121.0
13877,ID00047,10.0,271,9124.0,9134.0
13878,ID00048,602.0,271,8680.0,9282.0
13879,ID00049,12.0,271,9285.0,9297.0
13880,finish,0.0,271,10494.0,10494.0
13881,entry,0.0,272,4500,4500.0
13882,ID00000,6.0,272,10487.0,10493.0
13883,ID00001,5.0,272,10458.0,10463.0
13884,ID00002,3417.0,272,6067.0,9484.0
13885,ID00003,542.0,272,9508.0,10050.0
13886,ID00004,27.0,272,10053.0,10080.0
13887,ID00005,627.0,272,9508.0,10135.0
13888,ID00006,22.0,272,10138.0,10160.0
13889,ID00007,382.0,272,9508.0,9890.0
13890,ID00008,20.0,272,9893.0,9913.0
13891,ID00009,449.0,272,9508.0,9957.0
13892,ID00010,27.0,272,9960.0,9987.0
13893,ID00011,453.0,272,9508.0,9961.0
13894,ID00012,27.0,272,9964.0,9991.0
13895,ID00013,757.0,272,9508.0,10265.0
13896,ID00014,28.0,272,10268.0,10296.0
13897,ID00015,598.0,272,9508.0,10106.0
13898,ID00016,12.0,272,10109.0,10121.0
13899,ID00017,445.0,272,9508.0,9953.0
13900,ID00018,10.0,272,9956.0,9966.0
13901,ID00019,947.0,272,9508.0,10455.0
13902,ID00020,26.0,272,10458.0,10484.0
13903,ID00021,688.0,272,9508.0,10196.0
13904,ID00022,25.0,272,10199.0,10224.0
13905,ID00023,2589.0,272,6075.0,8664.0
13906,ID00024,1086.0,272,8680.0,9766.0
13907,ID00025,15.0,272,9769.0,9784.0
13908,ID00026,669.0,272,8680.0,9349.0
13909,ID00027,21.0,272,9352.0,9373.0
13910,ID00028,784.0,272,8680.0,9464.0
13911,ID00029,21.0,272,9467.0,9488.0
13912,ID00030,937.0,272,8680.0,9617.0
13913,ID00031,11.0,272,9620.0,9631.0
13914,ID00032,541.0,272,8680.0,9221.0
13915,ID00033,22.0,272,9224.0,9246.0
13916,ID00034,518.0,272,8680.0,9198.0
13917,ID00035,20.0,272,9201.0,9221.0
13918,ID00036,1103.0,272,8680.0,9783.0
13919,ID00037,19.0,272,9786.0,9805.0
13920,ID00038,969.0,272,8680.0,9649.0
13921,ID00039,19.0,272,9652.0,9671.0
13922,ID00040,490.0,272,8680.0,9170.0
13923,ID00041,27.0,272,9173.0,9200.0
13924,ID00042,984.0,272,8680.0,9664.0
13925,ID00043,19.0,272,9667.0,9686.0
13926,ID00044,446.0,272,8680.0,9126.0
13927,ID00045,23.0,272,9129.0,9152.0
13928,ID00046,441.0,272,8680.0,9121.0
13929,ID00047,10.0,272,9124.0,9134.0
13930,ID00048,602.0,272,8680.0,9282.0
13931,ID00049,12.0,272,9285.0,9297.0
13932,finish,0.0,272,10494.0,10494.0
13933,entry,0.0,273,4500,4500.0
13934,ID00000,3.0,273,4574.0,4577.0
13935,ID00001,3.0,273,4527.0,4530.0
13936,ID00002,3.0,273,4653.0,4656.0
13937,ID00003,3.0,273,4653.0,4656.0
13938,ID00004,3.0,273,4653.0,4656.0
13939,ID00005,3.0,273,4653.0,4656.0
13940,ID00006,3.0,273,4653.0,4656.0
13941,ID00007,3.0,273,4560.0,4563.0
13942,ID00008,3.0,273,4560.0,4563.0
13943,ID00009,3.0,273,4560.0,4563.0
13944,ID00010,3.0,273,4560.0,4563.0
13945,ID00011,3.0,273,4560.0,4563.0
13946,ID00012,3.0,273,4672.0,4675.0
13947,ID00013,3.0,273,4670.0,4673.0
13948,ID00014,3.0,273,4672.0,4675.0
13949,ID00015,3.0,273,4672.0,4675.0
13950,ID00016,3.0,273,4672.0,4675.0
13951,ID00017,3.0,273,4569.0,4572.0
13952,ID00018,3.0,273,4569.0,4572.0
13953,ID00019,3.0,273,4569.0,4572.0
13954,ID00020,3.0,273,4569.0,4572.0
13955,ID00021,3.0,273,4569.0,4572.0
13956,ID00022,3.0,273,4681.0,4684.0
13957,ID00023,3.0,273,4678.0,4681.0
13958,ID00024,3.0,273,4680.0,4683.0
13959,ID00025,3.0,273,4685.0,4688.0
13960,ID00026,3.0,273,4681.0,4684.0
13961,ID00027,3.0,273,4574.0,4577.0
13962,ID00028,3.0,273,4574.0,4577.0
13963,ID00029,3.0,273,4574.0,4577.0
13964,ID00030,3.0,273,4574.0,4577.0
13965,ID00031,3.0,273,4575.0,4578.0
13966,ID00032,172.0,273,4686.0,4858.0
13967,ID00033,230.0,273,4683.0,4913.0
13968,ID00034,125.0,273,4685.0,4810.0
13969,ID00035,175.0,273,4691.0,4866.0
13970,ID00036,163.0,273,4686.0,4849.0
13971,ID00037,178.0,273,4578.0,4756.0
13972,ID00038,217.0,273,4578.0,4795.0
13973,ID00039,175.0,273,4578.0,4753.0
13974,ID00040,181.0,273,4578.0,4759.0
13975,ID00041,158.0,273,4579.0,4737.0
13976,ID00042,3.0,273,4915.0,4918.0
13977,ID00043,3.0,273,4796.0,4799.0
13978,ID00044,3.0,273,4926.0,4929.0
13979,ID00045,3.0,273,4940.0,4943.0
13980,ID00046,62.0,273,4944.0,5006.0
13981,finish,0.0,273,5007.0,5007.0
13982,entry,0.0,274,4500,4500.0
13983,ID00000,3.0,274,4574.0,4577.0
13984,ID00001,3.0,274,4527.0,4530.0
13985,ID00002,3.0,274,4653.0,4656.0
13986,ID00003,3.0,274,4653.0,4656.0
13987,ID00004,3.0,274,4653.0,4656.0
13988,ID00005,3.0,274,4653.0,4656.0
13989,ID00006,3.0,274,4653.0,4656.0
13990,ID00007,3.0,274,4560.0,4563.0
13991,ID00008,3.0,274,4560.0,4563.0
13992,ID00009,3.0,274,4560.0,4563.0
13993,ID00010,3.0,274,4560.0,4563.0
13994,ID00011,3.0,274,4560.0,4563.0
13995,ID00012,3.0,274,4672.0,4675.0
13996,ID00013,3.0,274,4670.0,4673.0
13997,ID00014,3.0,274,4672.0,4675.0
13998,ID00015,3.0,274,4672.0,4675.0
13999,ID00016,3.0,274,4672.0,4675.0
14000,ID00017,3.0,274,4569.0,4572.0
14001,ID00018,3.0,274,4569.0,4572.0
14002,ID00019,3.0,274,4569.0,4572.0
14003,ID00020,3.0,274,4569.0,4572.0
14004,ID00021,3.0,274,4569.0,4572.0
14005,ID00022,3.0,274,4681.0,4684.0
14006,ID00023,3.0,274,4678.0,4681.0
14007,ID00024,3.0,274,4680.0,4683.0
14008,ID00025,3.0,274,4685.0,4688.0
14009,ID00026,3.0,274,4681.0,4684.0
14010,ID00027,3.0,274,4574.0,4577.0
14011,ID00028,3.0,274,4574.0,4577.0
14012,ID00029,3.0,274,4574.0,4577.0
14013,ID00030,3.0,274,4574.0,4577.0
14014,ID00031,3.0,274,4575.0,4578.0
14015,ID00032,172.0,274,4686.0,4858.0
14016,ID00033,230.0,274,4683.0,4913.0
14017,ID00034,125.0,274,4685.0,4810.0
14018,ID00035,175.0,274,4691.0,4866.0
14019,ID00036,163.0,274,4686.0,4849.0
14020,ID00037,178.0,274,4578.0,4756.0
14021,ID00038,217.0,274,4578.0,4795.0
14022,ID00039,175.0,274,4578.0,4753.0
14023,ID00040,181.0,274,4578.0,4759.0
14024,ID00041,158.0,274,4579.0,4737.0
14025,ID00042,3.0,274,4915.0,4918.0
14026,ID00043,3.0,274,4796.0,4799.0
14027,ID00044,3.0,274,4926.0,4929.0
14028,ID00045,3.0,274,4940.0,4943.0
14029,ID00046,62.0,274,4944.0,5006.0
14030,finish,0.0,274,5007.0,5007.0
14031,entry,0.0,275,4500,4500.0
14032,ID00000,3.0,275,4574.0,4577.0
14033,ID00001,3.0,275,4527.0,4530.0
14034,ID00002,3.0,275,4653.0,4656.0
14035,ID00003,3.0,275,4653.0,4656.0
14036,ID00004,3.0,275,4653.0,4656.0
14037,ID00005,3.0,275,4653.0,4656.0
14038,ID00006,3.0,275,4653.0,4656.0
14039,ID00007,3.0,275,4560.0,4563.0
14040,ID00008,3.0,275,4560.0,4563.0
14041,ID00009,3.0,275,4560.0,4563.0
14042,ID00010,3.0,275,4560.0,4563.0
14043,ID00011,3.0,275,4560.0,4563.0
14044,ID00012,3.0,275,4672.0,4675.0
14045,ID00013,3.0,275,4670.0,4673.0
14046,ID00014,3.0,275,4672.0,4675.0
14047,ID00015,3.0,275,4672.0,4675.0
14048,ID00016,3.0,275,4672.0,4675.0
14049,ID00017,3.0,275,4569.0,4572.0
14050,ID00018,3.0,275,4569.0,4572.0
14051,ID00019,3.0,275,4569.0,4572.0
14052,ID00020,3.0,275,4569.0,4572.0
14053,ID00021,3.0,275,4569.0,4572.0
14054,ID00022,3.0,275,4681.0,4684.0
14055,ID00023,3.0,275,4678.0,4681.0
14056,ID00024,3.0,275,4680.0,4683.0
14057,ID00025,3.0,275,4685.0,4688.0
14058,ID00026,3.0,275,4681.0,4684.0
14059,ID00027,3.0,275,4574.0,4577.0
14060,ID00028,3.0,275,4574.0,4577.0
14061,ID00029,3.0,275,4574.0,4577.0
14062,ID00030,3.0,275,4574.0,4577.0
14063,ID00031,3.0,275,4575.0,4578.0
14064,ID00032,172.0,275,4686.0,4858.0
14065,ID00033,230.0,275,4683.0,4913.0
14066,ID00034,125.0,275,4685.0,4810.0
14067,ID00035,175.0,275,4691.0,4866.0
14068,ID00036,163.0,275,4686.0,4849.0
14069,ID00037,178.0,275,4578.0,4756.0
14070,ID00038,217.0,275,4578.0,4795.0
14071,ID00039,175.0,275,4578.0,4753.0
14072,ID00040,181.0,275,4578.0,4759.0
14073,ID00041,158.0,275,4579.0,4737.0
14074,ID00042,3.0,275,4915.0,4918.0
14075,ID00043,3.0,275,4796.0,4799.0
14076,ID00044,3.0,275,4926.0,4929.0
14077,ID00045,3.0,275,4940.0,4943.0
14078,ID00046,62.0,275,4944.0,5006.0
14079,finish,0.0,275,5007.0,5007.0
14080,entry,0.0,276,4500,4500.0
14081,ID00000,3.0,276,4574.0,4577.0
14082,ID00001,3.0,276,4527.0,4530.0
14083,ID00002,3.0,276,4653.0,4656.0
14084,ID00003,3.0,276,4653.0,4656.0
14085,ID00004,3.0,276,4653.0,4656.0
14086,ID00005,3.0,276,4653.0,4656.0
14087,ID00006,3.0,276,4653.0,4656.0
14088,ID00007,3.0,276,4560.0,4563.0
14089,ID00008,3.0,276,4560.0,4563.0
14090,ID00009,3.0,276,4560.0,4563.0
14091,ID00010,3.0,276,4560.0,4563.0
14092,ID00011,3.0,276,4560.0,4563.0
14093,ID00012,3.0,276,4672.0,4675.0
14094,ID00013,3.0,276,4670.0,4673.0
14095,ID00014,3.0,276,4672.0,4675.0
14096,ID00015,3.0,276,4672.0,4675.0
14097,ID00016,3.0,276,4672.0,4675.0
14098,ID00017,3.0,276,4569.0,4572.0
14099,ID00018,3.0,276,4569.0,4572.0
14100,ID00019,3.0,276,4569.0,4572.0
14101,ID00020,3.0,276,4569.0,4572.0
14102,ID00021,3.0,276,4569.0,4572.0
14103,ID00022,3.0,276,4681.0,4684.0
14104,ID00023,3.0,276,4678.0,4681.0
14105,ID00024,3.0,276,4680.0,4683.0
14106,ID00025,3.0,276,4685.0,4688.0
14107,ID00026,3.0,276,4681.0,4684.0
14108,ID00027,3.0,276,4574.0,4577.0
14109,ID00028,3.0,276,4574.0,4577.0
14110,ID00029,3.0,276,4574.0,4577.0
14111,ID00030,3.0,276,4574.0,4577.0
14112,ID00031,3.0,276,4575.0,4578.0
14113,ID00032,172.0,276,4686.0,4858.0
14114,ID00033,230.0,276,4683.0,4913.0
14115,ID00034,125.0,276,4685.0,4810.0
14116,ID00035,175.0,276,4691.0,4866.0
14117,ID00036,163.0,276,4686.0,4849.0
14118,ID00037,178.0,276,4578.0,4756.0
14119,ID00038,217.0,276,4578.0,4795.0
14120,ID00039,175.0,276,4578.0,4753.0
14121,ID00040,181.0,276,4578.0,4759.0
14122,ID00041,158.0,276,4579.0,4737.0
14123,ID00042,3.0,276,4915.0,4918.0
14124,ID00043,3.0,276,4796.0,4799.0
14125,ID00044,3.0,276,4926.0,4929.0
14126,ID00045,3.0,276,4940.0,4943.0
14127,ID00046,62.0,276,4944.0,5006.0
14128,finish,0.0,276,5007.0,5007.0
14129,entry,0.0,277,4500,4500.0
14130,ID00000,3.0,277,4574.0,4577.0
14131,ID00001,3.0,277,4527.0,4530.0
14132,ID00002,3.0,277,4653.0,4656.0
14133,ID00003,3.0,277,4653.0,4656.0
14134,ID00004,3.0,277,4653.0,4656.0
14135,ID00005,3.0,277,4653.0,4656.0
14136,ID00006,3.0,277,4653.0,4656.0
14137,ID00007,3.0,277,4560.0,4563.0
14138,ID00008,3.0,277,4560.0,4563.0
14139,ID00009,3.0,277,4560.0,4563.0
14140,ID00010,3.0,277,4560.0,4563.0
14141,ID00011,3.0,277,4560.0,4563.0
14142,ID00012,3.0,277,4672.0,4675.0
14143,ID00013,3.0,277,4670.0,4673.0
14144,ID00014,3.0,277,4672.0,4675.0
14145,ID00015,3.0,277,4672.0,4675.0
14146,ID00016,3.0,277,4672.0,4675.0
14147,ID00017,3.0,277,4569.0,4572.0
14148,ID00018,3.0,277,4569.0,4572.0
14149,ID00019,3.0,277,4569.0,4572.0
14150,ID00020,3.0,277,4569.0,4572.0
14151,ID00021,3.0,277,4569.0,4572.0
14152,ID00022,3.0,277,4681.0,4684.0
14153,ID00023,3.0,277,4678.0,4681.0
14154,ID00024,3.0,277,4680.0,4683.0
14155,ID00025,3.0,277,4685.0,4688.0
14156,ID00026,3.0,277,4681.0,4684.0
14157,ID00027,3.0,277,4574.0,4577.0
14158,ID00028,3.0,277,4574.0,4577.0
14159,ID00029,3.0,277,4574.0,4577.0
14160,ID00030,3.0,277,4574.0,4577.0
14161,ID00031,3.0,277,4575.0,4578.0
14162,ID00032,172.0,277,4686.0,4858.0
14163,ID00033,230.0,277,4683.0,4913.0
14164,ID00034,125.0,277,4685.0,4810.0
14165,ID00035,175.0,277,4691.0,4866.0
14166,ID00036,163.0,277,4686.0,4849.0
14167,ID00037,178.0,277,4578.0,4756.0
14168,ID00038,217.0,277,4578.0,4795.0
14169,ID00039,175.0,277,4578.0,4753.0
14170,ID00040,181.0,277,4578.0,4759.0
14171,ID00041,158.0,277,4579.0,4737.0
14172,ID00042,3.0,277,4915.0,4918.0
14173,ID00043,3.0,277,4796.0,4799.0
14174,ID00044,3.0,277,4926.0,4929.0
14175,ID00045,3.0,277,4940.0,4943.0
14176,ID00046,62.0,277,4944.0,5006.0
14177,finish,0.0,277,5007.0,5007.0
14178,entry,0.0,278,4500,4500.0
14179,ID00000,165.0,278,4523.0,4688.0
14180,ID00001,165.0,278,4523.0,4688.0
14181,ID00002,166.0,278,4523.0,4689.0
14182,ID00003,166.0,278,4523.0,4689.0
14183,ID00004,163.0,278,4523.0,4686.0
14184,ID00005,166.0,278,4523.0,4689.0
14185,ID00006,164.0,278,4523.0,4687.0
14186,ID00007,166.0,278,4523.0,4689.0
14187,ID00008,129.0,278,4730.0,4859.0
14188,ID00009,128.0,278,4731.0,4859.0
14189,ID00010,126.0,278,4730.0,4856.0
14190,ID00011,128.0,278,4731.0,4859.0
14191,ID00012,129.0,278,4730.0,4859.0
14192,ID00013,126.0,278,4731.0,4857.0
14193,ID00014,128.0,278,4731.0,4859.0
14194,ID00015,128.0,278,4731.0,4859.0
14195,ID00016,127.0,278,4731.0,4858.0
14196,ID00017,125.0,278,4731.0,4856.0
14197,ID00018,129.0,278,4731.0,4860.0
14198,ID00019,127.0,278,4731.0,4858.0
14199,ID00020,126.0,278,4731.0,4857.0
14200,ID00021,129.0,278,4731.0,4860.0
14201,ID00022,127.0,278,4731.0,4858.0
14202,ID00023,129.0,278,4731.0,4860.0
14203,ID00024,126.0,278,4728.0,4854.0
14204,ID00025,127.0,278,4731.0,4858.0
14205,ID00026,130.0,278,4731.0,4861.0
14206,ID00027,126.0,278,4731.0,4857.0
14207,ID00028,128.0,278,4731.0,4859.0
14208,ID00029,128.0,278,4730.0,4858.0
14209,ID00030,128.0,278,4731.0,4859.0
14210,ID00031,128.0,278,4731.0,4859.0
14211,ID00032,127.0,278,4731.0,4858.0
14212,ID00033,127.0,278,4731.0,4858.0
14213,ID00034,127.0,278,4731.0,4858.0
14214,ID00035,127.0,278,4731.0,4858.0
14215,ID00036,27.0,278,4867.0,4894.0
14216,ID00037,64.0,278,4897.0,4961.0
14217,ID00038,131.0,278,4964.0,5095.0
14218,ID00039,129.0,278,4964.0,5093.0
14219,ID00040,131.0,278,4964.0,5095.0
14220,ID00041,128.0,278,4964.0,5092.0
14221,ID00042,126.0,278,4964.0,5090.0
14222,ID00043,128.0,278,4964.0,5092.0
14223,ID00044,129.0,278,4964.0,5093.0
14224,ID00045,129.0,278,4964.0,5093.0
14225,ID00046,30.0,278,5137.0,5167.0
14226,ID00047,59.0,278,5170.0,5229.0
14227,ID00048,59.0,278,5881.0,5940.0
14228,ID00049,6.0,278,5954.0,5960.0
14229,finish,0.0,278,5962.0,5962.0
14230,entry,0.0,279,4500,4500.0
14231,ID00000,3.0,279,4508.0,4511.0
14232,ID00001,3.0,279,4504.0,4507.0
14233,ID00002,3.0,279,4504.0,4507.0
14234,ID00003,3.0,279,4504.0,4507.0
14235,ID00004,3.0,279,4504.0,4507.0
14236,ID00005,3.0,279,4504.0,4507.0
14237,ID00006,3.0,279,4504.0,4507.0
14238,ID00007,3.0,279,4504.0,4507.0
14239,ID00008,3.0,279,4504.0,4507.0
14240,ID00009,3.0,279,4504.0,4507.0
14241,ID00010,3.0,279,4504.0,4507.0
14242,ID00011,3.0,279,4504.0,4507.0
14243,ID00012,3.0,279,4504.0,4507.0
14244,ID00013,497.0,279,4502.0,4999.0
14245,ID00014,10.0,279,4502.0,4512.0
14246,ID00015,20.0,279,4503.0,4523.0
14247,ID00016,468.0,279,5404.0,5872.0
14248,ID00017,134.0,279,5875.0,6009.0
14249,ID00018,3.0,279,6023.0,6026.0
14250,ID00019,3.0,279,6023.0,6026.0
14251,ID00020,329.0,279,6023.0,6352.0
14252,ID00021,9.0,279,6027.0,6036.0
14253,ID00022,3.0,279,6023.0,6026.0
14254,ID00023,3.0,279,6360.0,6363.0
14255,ID00025,3.0,279,4508.0,4511.0
14256,ID00026,3.0,279,4504.0,4507.0
14257,ID00027,3.0,279,4504.0,4507.0
14258,ID00028,3.0,279,4504.0,4507.0
14259,ID00029,3.0,279,4504.0,4507.0
14260,ID00030,3.0,279,4504.0,4507.0
14261,ID00031,3.0,279,4504.0,4507.0
14262,ID00032,3.0,279,4504.0,4507.0
14263,ID00033,3.0,279,4504.0,4507.0
14264,ID00034,3.0,279,4504.0,4507.0
14265,ID00035,3.0,279,4504.0,4507.0
14266,ID00036,3.0,279,4504.0,4507.0
14267,ID00037,3.0,279,4504.0,4507.0
14268,ID00038,277.0,279,4502.0,4779.0
14269,ID00039,10.0,279,4502.0,4512.0
14270,ID00040,9.0,279,4503.0,4512.0
14271,ID00041,626.0,279,5408.0,6034.0
14272,ID00042,46.0,279,6037.0,6083.0
14273,ID00043,3.0,279,6097.0,6100.0
14274,ID00044,3.0,279,6097.0,6100.0
14275,ID00045,319.0,279,6097.0,6416.0
14276,ID00046,9.0,279,6101.0,6110.0
14277,ID00047,3.0,279,6097.0,6100.0
14278,ID00048,3.0,279,6424.0,6427.0
14279,finish,0.0,279,6435.0,6435.0
14280,entry,0.0,280,4500,4500.0
14281,ID00000,57.0,280,4786.0,4843.0
14282,ID00001,56.0,280,4786.0,4842.0
14283,ID00002,54.0,280,4786.0,4840.0
14284,ID00003,54.0,280,4786.0,4840.0
14285,ID00004,56.0,280,4785.0,4841.0
14286,ID00005,55.0,280,4786.0,4841.0
14287,ID00006,55.0,280,4786.0,4841.0
14288,ID00007,55.0,280,4786.0,4841.0
14289,ID00008,55.0,280,4786.0,4841.0
14290,ID00009,55.0,280,4786.0,4841.0
14291,ID00010,54.0,280,4786.0,4840.0
14292,ID00011,54.0,280,4786.0,4840.0
14293,ID00012,1768.0,280,4850.0,6618.0
14294,ID00013,1486.0,280,4850.0,6336.0
14295,ID00014,1667.0,280,4848.0,6515.0
14296,ID00015,1360.0,280,4847.0,6207.0
14297,ID00016,1286.0,280,4848.0,6134.0
14298,ID00017,1598.0,280,4848.0,6446.0
14299,ID00018,880.0,280,4848.0,5728.0
14300,ID00019,1746.0,280,4848.0,6594.0
14301,ID00020,988.0,280,4848.0,5836.0
14302,ID00021,1553.0,280,4848.0,6401.0
14303,ID00022,2027.0,280,4848.0,6875.0
14304,ID00023,1807.0,280,4847.0,6654.0
14305,ID00024,17.0,280,6878.0,6895.0
14306,ID00025,15.0,280,6898.0,6913.0
14307,ID00026,15.0,280,6898.0,6913.0
14308,ID00027,16.0,280,6898.0,6914.0
14309,ID00028,14.0,280,6898.0,6912.0
14310,ID00029,18.0,280,6898.0,6916.0
14311,ID00030,17.0,280,6898.0,6915.0
14312,ID00031,17.0,280,6898.0,6915.0
14313,ID00032,16.0,280,6898.0,6914.0
14314,ID00033,16.0,280,6898.0,6914.0
14315,ID00034,17.0,280,6898.0,6915.0
14316,ID00035,15.0,280,6898.0,6913.0
14317,ID00036,13.0,280,6898.0,6911.0
14318,ID00037,1607.0,280,6916.0,8523.0
14319,ID00038,1213.0,280,6916.0,8129.0
14320,ID00039,1186.0,280,6917.0,8103.0
14321,ID00040,1749.0,280,6915.0,8664.0
14322,ID00041,1473.0,280,6919.0,8392.0
14323,ID00042,1670.0,280,6918.0,8588.0
14324,ID00043,1139.0,280,6918.0,8057.0
14325,ID00044,1855.0,280,6917.0,8772.0
14326,ID00045,2015.0,280,6917.0,8932.0
14327,ID00046,2007.0,280,6918.0,8925.0
14328,ID00047,1767.0,280,6916.0,8683.0
14329,ID00048,911.0,280,6914.0,7825.0
14330,ID00049,16.0,280,8935.0,8951.0
14331,finish,0.0,280,8952.0,8952.0
14332,entry,0.0,281,4500,4500.0
14333,ID00000,6.0,281,10487.0,10493.0
14334,ID00001,5.0,281,10458.0,10463.0
14335,ID00002,3417.0,281,6067.0,9484.0
14336,ID00003,542.0,281,9508.0,10050.0
14337,ID00004,27.0,281,10053.0,10080.0
14338,ID00005,627.0,281,9508.0,10135.0
14339,ID00006,22.0,281,10138.0,10160.0
14340,ID00007,382.0,281,9508.0,9890.0
14341,ID00008,20.0,281,9893.0,9913.0
14342,ID00009,449.0,281,9508.0,9957.0
14343,ID00010,27.0,281,9960.0,9987.0
14344,ID00011,453.0,281,9508.0,9961.0
14345,ID00012,27.0,281,9964.0,9991.0
14346,ID00013,757.0,281,9508.0,10265.0
14347,ID00014,28.0,281,10268.0,10296.0
14348,ID00015,598.0,281,9508.0,10106.0
14349,ID00016,12.0,281,10109.0,10121.0
14350,ID00017,445.0,281,9508.0,9953.0
14351,ID00018,10.0,281,9956.0,9966.0
14352,ID00019,947.0,281,9508.0,10455.0
14353,ID00020,26.0,281,10458.0,10484.0
14354,ID00021,688.0,281,9508.0,10196.0
14355,ID00022,25.0,281,10199.0,10224.0
14356,ID00023,2589.0,281,6075.0,8664.0
14357,ID00024,1086.0,281,8680.0,9766.0
14358,ID00025,15.0,281,9769.0,9784.0
14359,ID00026,669.0,281,8680.0,9349.0
14360,ID00027,21.0,281,9352.0,9373.0
14361,ID00028,784.0,281,8680.0,9464.0
14362,ID00029,21.0,281,9467.0,9488.0
14363,ID00030,937.0,281,8680.0,9617.0
14364,ID00031,11.0,281,9620.0,9631.0
14365,ID00032,541.0,281,8680.0,9221.0
14366,ID00033,22.0,281,9224.0,9246.0
14367,ID00034,518.0,281,8680.0,9198.0
14368,ID00035,20.0,281,9201.0,9221.0
14369,ID00036,1103.0,281,8680.0,9783.0
14370,ID00037,19.0,281,9786.0,9805.0
14371,ID00038,969.0,281,8680.0,9649.0
14372,ID00039,19.0,281,9652.0,9671.0
14373,ID00040,490.0,281,8680.0,9170.0
14374,ID00041,27.0,281,9173.0,9200.0
14375,ID00042,984.0,281,8680.0,9664.0
14376,ID00043,19.0,281,9667.0,9686.0
14377,ID00044,446.0,281,8680.0,9126.0
14378,ID00045,23.0,281,9129.0,9152.0
14379,ID00046,441.0,281,8680.0,9121.0
14380,ID00047,10.0,281,9124.0,9134.0
14381,ID00048,602.0,281,8680.0,9282.0
14382,ID00049,12.0,281,9285.0,9297.0
14383,finish,0.0,281,10494.0,10494.0
14384,entry,0.0,282,4500,4500.0
14385,ID00000,57.0,282,4786.0,4843.0
14386,ID00001,56.0,282,4786.0,4842.0
14387,ID00002,54.0,282,4786.0,4840.0
14388,ID00003,54.0,282,4786.0,4840.0
14389,ID00004,56.0,282,4785.0,4841.0
14390,ID00005,55.0,282,4786.0,4841.0
14391,ID00006,55.0,282,4786.0,4841.0
14392,ID00007,55.0,282,4786.0,4841.0
14393,ID00008,55.0,282,4786.0,4841.0
14394,ID00009,55.0,282,4786.0,4841.0
14395,ID00010,54.0,282,4786.0,4840.0
14396,ID00011,54.0,282,4786.0,4840.0
14397,ID00012,1768.0,282,4850.0,6618.0
14398,ID00013,1486.0,282,4850.0,6336.0
14399,ID00014,1667.0,282,4848.0,6515.0
14400,ID00015,1360.0,282,4847.0,6207.0
14401,ID00016,1286.0,282,4848.0,6134.0
14402,ID00017,1598.0,282,4848.0,6446.0
14403,ID00018,880.0,282,4848.0,5728.0
14404,ID00019,1746.0,282,4848.0,6594.0
14405,ID00020,988.0,282,4848.0,5836.0
14406,ID00021,1553.0,282,4848.0,6401.0
14407,ID00022,2027.0,282,4848.0,6875.0
14408,ID00023,1807.0,282,4847.0,6654.0
14409,ID00024,17.0,282,6878.0,6895.0
14410,ID00025,15.0,282,6898.0,6913.0
14411,ID00026,15.0,282,6898.0,6913.0
14412,ID00027,16.0,282,6898.0,6914.0
14413,ID00028,14.0,282,6898.0,6912.0
14414,ID00029,18.0,282,6898.0,6916.0
14415,ID00030,17.0,282,6898.0,6915.0
14416,ID00031,17.0,282,6898.0,6915.0
14417,ID00032,16.0,282,6898.0,6914.0
14418,ID00033,16.0,282,6898.0,6914.0
14419,ID00034,17.0,282,6898.0,6915.0
14420,ID00035,15.0,282,6898.0,6913.0
14421,ID00036,13.0,282,6898.0,6911.0
14422,ID00037,1607.0,282,6916.0,8523.0
14423,ID00038,1213.0,282,6916.0,8129.0
14424,ID00039,1186.0,282,6917.0,8103.0
14425,ID00040,1749.0,282,6915.0,8664.0
14426,ID00041,1473.0,282,6919.0,8392.0
14427,ID00042,1670.0,282,6918.0,8588.0
14428,ID00043,1139.0,282,6918.0,8057.0
14429,ID00044,1855.0,282,6917.0,8772.0
14430,ID00045,2015.0,282,6917.0,8932.0
14431,ID00046,2007.0,282,6918.0,8925.0
14432,ID00047,1767.0,282,6916.0,8683.0
14433,ID00048,911.0,282,6914.0,7825.0
14434,ID00049,16.0,282,8935.0,8951.0
14435,finish,0.0,282,8952.0,8952.0
14436,entry,0.0,283,4500,4500.0
14437,ID00000,3.0,283,4508.0,4511.0
14438,ID00001,3.0,283,4504.0,4507.0
14439,ID00002,3.0,283,4504.0,4507.0
14440,ID00003,3.0,283,4504.0,4507.0
14441,ID00004,3.0,283,4504.0,4507.0
14442,ID00005,3.0,283,4504.0,4507.0
14443,ID00006,3.0,283,4504.0,4507.0
14444,ID00007,3.0,283,4504.0,4507.0
14445,ID00008,3.0,283,4504.0,4507.0
14446,ID00009,3.0,283,4504.0,4507.0
14447,ID00010,3.0,283,4504.0,4507.0
14448,ID00011,3.0,283,4504.0,4507.0
14449,ID00012,3.0,283,4504.0,4507.0
14450,ID00013,497.0,283,4502.0,4999.0
14451,ID00014,10.0,283,4502.0,4512.0
14452,ID00015,20.0,283,4503.0,4523.0
14453,ID00016,468.0,283,5404.0,5872.0
14454,ID00017,134.0,283,5875.0,6009.0
14455,ID00018,3.0,283,6023.0,6026.0
14456,ID00019,3.0,283,6023.0,6026.0
14457,ID00020,329.0,283,6023.0,6352.0
14458,ID00021,9.0,283,6027.0,6036.0
14459,ID00022,3.0,283,6023.0,6026.0
14460,ID00023,3.0,283,6360.0,6363.0
14461,ID00025,3.0,283,4508.0,4511.0
14462,ID00026,3.0,283,4504.0,4507.0
14463,ID00027,3.0,283,4504.0,4507.0
14464,ID00028,3.0,283,4504.0,4507.0
14465,ID00029,3.0,283,4504.0,4507.0
14466,ID00030,3.0,283,4504.0,4507.0
14467,ID00031,3.0,283,4504.0,4507.0
14468,ID00032,3.0,283,4504.0,4507.0
14469,ID00033,3.0,283,4504.0,4507.0
14470,ID00034,3.0,283,4504.0,4507.0
14471,ID00035,3.0,283,4504.0,4507.0
14472,ID00036,3.0,283,4504.0,4507.0
14473,ID00037,3.0,283,4504.0,4507.0
14474,ID00038,277.0,283,4502.0,4779.0
14475,ID00039,10.0,283,4502.0,4512.0
14476,ID00040,9.0,283,4503.0,4512.0
14477,ID00041,626.0,283,5408.0,6034.0
14478,ID00042,46.0,283,6037.0,6083.0
14479,ID00043,3.0,283,6097.0,6100.0
14480,ID00044,3.0,283,6097.0,6100.0
14481,ID00045,319.0,283,6097.0,6416.0
14482,ID00046,9.0,283,6101.0,6110.0
14483,ID00047,3.0,283,6097.0,6100.0
14484,ID00048,3.0,283,6424.0,6427.0
14485,finish,0.0,283,6435.0,6435.0
14486,entry,0.0,284,4500,4500.0
14487,ID00000,165.0,284,4523.0,4688.0
14488,ID00001,165.0,284,4523.0,4688.0
14489,ID00002,166.0,284,4523.0,4689.0
14490,ID00003,166.0,284,4523.0,4689.0
14491,ID00004,163.0,284,4523.0,4686.0
14492,ID00005,166.0,284,4523.0,4689.0
14493,ID00006,164.0,284,4523.0,4687.0
14494,ID00007,166.0,284,4523.0,4689.0
14495,ID00008,129.0,284,4730.0,4859.0
14496,ID00009,128.0,284,4731.0,4859.0
14497,ID00010,126.0,284,4730.0,4856.0
14498,ID00011,128.0,284,4731.0,4859.0
14499,ID00012,129.0,284,4730.0,4859.0
14500,ID00013,126.0,284,4731.0,4857.0
14501,ID00014,128.0,284,4731.0,4859.0
14502,ID00015,128.0,284,4731.0,4859.0
14503,ID00016,127.0,284,4731.0,4858.0
14504,ID00017,125.0,284,4731.0,4856.0
14505,ID00018,129.0,284,4731.0,4860.0
14506,ID00019,127.0,284,4731.0,4858.0
14507,ID00020,126.0,284,4731.0,4857.0
14508,ID00021,129.0,284,4731.0,4860.0
14509,ID00022,127.0,284,4731.0,4858.0
14510,ID00023,129.0,284,4731.0,4860.0
14511,ID00024,126.0,284,4728.0,4854.0
14512,ID00025,127.0,284,4731.0,4858.0
14513,ID00026,130.0,284,4731.0,4861.0
14514,ID00027,126.0,284,4731.0,4857.0
14515,ID00028,128.0,284,4731.0,4859.0
14516,ID00029,128.0,284,4730.0,4858.0
14517,ID00030,128.0,284,4731.0,4859.0
14518,ID00031,128.0,284,4731.0,4859.0
14519,ID00032,127.0,284,4731.0,4858.0
14520,ID00033,127.0,284,4731.0,4858.0
14521,ID00034,127.0,284,4731.0,4858.0
14522,ID00035,127.0,284,4731.0,4858.0
14523,ID00036,27.0,284,4867.0,4894.0
14524,ID00037,64.0,284,4897.0,4961.0
14525,ID00038,131.0,284,4964.0,5095.0
14526,ID00039,129.0,284,4964.0,5093.0
14527,ID00040,131.0,284,4964.0,5095.0
14528,ID00041,128.0,284,4964.0,5092.0
14529,ID00042,126.0,284,4964.0,5090.0
14530,ID00043,128.0,284,4964.0,5092.0
14531,ID00044,129.0,284,4964.0,5093.0
14532,ID00045,129.0,284,4964.0,5093.0
14533,ID00046,30.0,284,5137.0,5167.0
14534,ID00047,59.0,284,5170.0,5229.0
14535,ID00048,59.0,284,5881.0,5940.0
14536,ID00049,6.0,284,5954.0,5960.0
14537,finish,0.0,284,5962.0,5962.0
14538,entry,0.0,285,4500,4500.0
14539,ID00000,6.0,285,10487.0,10493.0
14540,ID00001,5.0,285,10458.0,10463.0
14541,ID00002,3417.0,285,6067.0,9484.0
14542,ID00003,542.0,285,9508.0,10050.0
14543,ID00004,27.0,285,10053.0,10080.0
14544,ID00005,627.0,285,9508.0,10135.0
14545,ID00006,22.0,285,10138.0,10160.0
14546,ID00007,382.0,285,9508.0,9890.0
14547,ID00008,20.0,285,9893.0,9913.0
14548,ID00009,449.0,285,9508.0,9957.0
14549,ID00010,27.0,285,9960.0,9987.0
14550,ID00011,453.0,285,9508.0,9961.0
14551,ID00012,27.0,285,9964.0,9991.0
14552,ID00013,757.0,285,9508.0,10265.0
14553,ID00014,28.0,285,10268.0,10296.0
14554,ID00015,598.0,285,9508.0,10106.0
14555,ID00016,12.0,285,10109.0,10121.0
14556,ID00017,445.0,285,9508.0,9953.0
14557,ID00018,10.0,285,9956.0,9966.0
14558,ID00019,947.0,285,9508.0,10455.0
14559,ID00020,26.0,285,10458.0,10484.0
14560,ID00021,688.0,285,9508.0,10196.0
14561,ID00022,25.0,285,10199.0,10224.0
14562,ID00023,2589.0,285,6075.0,8664.0
14563,ID00024,1086.0,285,8680.0,9766.0
14564,ID00025,15.0,285,9769.0,9784.0
14565,ID00026,669.0,285,8680.0,9349.0
14566,ID00027,21.0,285,9352.0,9373.0
14567,ID00028,784.0,285,8680.0,9464.0
14568,ID00029,21.0,285,9467.0,9488.0
14569,ID00030,937.0,285,8680.0,9617.0
14570,ID00031,11.0,285,9620.0,9631.0
14571,ID00032,541.0,285,8680.0,9221.0
14572,ID00033,22.0,285,9224.0,9246.0
14573,ID00034,518.0,285,8680.0,9198.0
14574,ID00035,20.0,285,9201.0,9221.0
14575,ID00036,1103.0,285,8680.0,9783.0
14576,ID00037,19.0,285,9786.0,9805.0
14577,ID00038,969.0,285,8680.0,9649.0
14578,ID00039,19.0,285,9652.0,9671.0
14579,ID00040,490.0,285,8680.0,9170.0
14580,ID00041,27.0,285,9173.0,9200.0
14581,ID00042,984.0,285,8680.0,9664.0
14582,ID00043,19.0,285,9667.0,9686.0
14583,ID00044,446.0,285,8680.0,9126.0
14584,ID00045,23.0,285,9129.0,9152.0
14585,ID00046,441.0,285,8680.0,9121.0
14586,ID00047,10.0,285,9124.0,9134.0
14587,ID00048,602.0,285,8680.0,9282.0
14588,ID00049,12.0,285,9285.0,9297.0
14589,finish,0.0,285,10494.0,10494.0
14590,entry,0.0,286,4500,4500.0
14591,ID00000,165.0,286,4523.0,4688.0
14592,ID00001,165.0,286,4523.0,4688.0
14593,ID00002,166.0,286,4523.0,4689.0
14594,ID00003,166.0,286,4523.0,4689.0
14595,ID00004,163.0,286,4523.0,4686.0
14596,ID00005,166.0,286,4523.0,4689.0
14597,ID00006,164.0,286,4523.0,4687.0
14598,ID00007,166.0,286,4523.0,4689.0
14599,ID00008,129.0,286,4730.0,4859.0
14600,ID00009,128.0,286,4731.0,4859.0
14601,ID00010,126.0,286,4730.0,4856.0
14602,ID00011,128.0,286,4731.0,4859.0
14603,ID00012,129.0,286,4730.0,4859.0
14604,ID00013,126.0,286,4731.0,4857.0
14605,ID00014,128.0,286,4731.0,4859.0
14606,ID00015,128.0,286,4731.0,4859.0
14607,ID00016,127.0,286,4731.0,4858.0
14608,ID00017,125.0,286,4731.0,4856.0
14609,ID00018,129.0,286,4731.0,4860.0
14610,ID00019,127.0,286,4731.0,4858.0
14611,ID00020,126.0,286,4731.0,4857.0
14612,ID00021,129.0,286,4731.0,4860.0
14613,ID00022,127.0,286,4731.0,4858.0
14614,ID00023,129.0,286,4731.0,4860.0
14615,ID00024,126.0,286,4728.0,4854.0
14616,ID00025,127.0,286,4731.0,4858.0
14617,ID00026,130.0,286,4731.0,4861.0
14618,ID00027,126.0,286,4731.0,4857.0
14619,ID00028,128.0,286,4731.0,4859.0
14620,ID00029,128.0,286,4730.0,4858.0
14621,ID00030,128.0,286,4731.0,4859.0
14622,ID00031,128.0,286,4731.0,4859.0
14623,ID00032,127.0,286,4731.0,4858.0
14624,ID00033,127.0,286,4731.0,4858.0
14625,ID00034,127.0,286,4731.0,4858.0
14626,ID00035,127.0,286,4731.0,4858.0
14627,ID00036,27.0,286,4867.0,4894.0
14628,ID00037,64.0,286,4897.0,4961.0
14629,ID00038,131.0,286,4964.0,5095.0
14630,ID00039,129.0,286,4964.0,5093.0
14631,ID00040,131.0,286,4964.0,5095.0
14632,ID00041,128.0,286,4964.0,5092.0
14633,ID00042,126.0,286,4964.0,5090.0
14634,ID00043,128.0,286,4964.0,5092.0
14635,ID00044,129.0,286,4964.0,5093.0
14636,ID00045,129.0,286,4964.0,5093.0
14637,ID00046,30.0,286,5137.0,5167.0
14638,ID00047,59.0,286,5170.0,5229.0
14639,ID00048,59.0,286,5881.0,5940.0
14640,ID00049,6.0,286,5954.0,5960.0
14641,finish,0.0,286,5962.0,5962.0
14642,entry,0.0,287,4500,4500.0
14643,ID00000,3.0,287,4508.0,4511.0
14644,ID00001,3.0,287,4504.0,4507.0
14645,ID00002,3.0,287,4504.0,4507.0
14646,ID00003,3.0,287,4504.0,4507.0
14647,ID00004,3.0,287,4504.0,4507.0
14648,ID00005,3.0,287,4504.0,4507.0
14649,ID00006,3.0,287,4504.0,4507.0
14650,ID00007,3.0,287,4504.0,4507.0
14651,ID00008,3.0,287,4504.0,4507.0
14652,ID00009,3.0,287,4504.0,4507.0
14653,ID00010,3.0,287,4504.0,4507.0
14654,ID00011,3.0,287,4504.0,4507.0
14655,ID00012,3.0,287,4504.0,4507.0
14656,ID00013,497.0,287,4502.0,4999.0
14657,ID00014,10.0,287,4502.0,4512.0
14658,ID00015,20.0,287,4503.0,4523.0
14659,ID00016,468.0,287,5404.0,5872.0
14660,ID00017,134.0,287,5875.0,6009.0
14661,ID00018,3.0,287,6023.0,6026.0
14662,ID00019,3.0,287,6023.0,6026.0
14663,ID00020,329.0,287,6023.0,6352.0
14664,ID00021,9.0,287,6027.0,6036.0
14665,ID00022,3.0,287,6023.0,6026.0
14666,ID00023,3.0,287,6360.0,6363.0
14667,ID00025,3.0,287,4508.0,4511.0
14668,ID00026,3.0,287,4504.0,4507.0
14669,ID00027,3.0,287,4504.0,4507.0
14670,ID00028,3.0,287,4504.0,4507.0
14671,ID00029,3.0,287,4504.0,4507.0
14672,ID00030,3.0,287,4504.0,4507.0
14673,ID00031,3.0,287,4504.0,4507.0
14674,ID00032,3.0,287,4504.0,4507.0
14675,ID00033,3.0,287,4504.0,4507.0
14676,ID00034,3.0,287,4504.0,4507.0
14677,ID00035,3.0,287,4504.0,4507.0
14678,ID00036,3.0,287,4504.0,4507.0
14679,ID00037,3.0,287,4504.0,4507.0
14680,ID00038,277.0,287,4502.0,4779.0
14681,ID00039,10.0,287,4502.0,4512.0
14682,ID00040,9.0,287,4503.0,4512.0
14683,ID00041,626.0,287,5408.0,6034.0
14684,ID00042,46.0,287,6037.0,6083.0
14685,ID00043,3.0,287,6097.0,6100.0
14686,ID00044,3.0,287,6097.0,6100.0
14687,ID00045,319.0,287,6097.0,6416.0
14688,ID00046,9.0,287,6101.0,6110.0
14689,ID00047,3.0,287,6097.0,6100.0
14690,ID00048,3.0,287,6424.0,6427.0
14691,finish,0.0,287,6435.0,6435.0
14692,entry,0.0,288,4500,4500.0
14693,ID00000,3.0,288,4508.0,4511.0
14694,ID00001,3.0,288,4504.0,4507.0
14695,ID00002,3.0,288,4504.0,4507.0
14696,ID00003,3.0,288,4504.0,4507.0
14697,ID00004,3.0,288,4504.0,4507.0
14698,ID00005,3.0,288,4504.0,4507.0
14699,ID00006,3.0,288,4504.0,4507.0
14700,ID00007,3.0,288,4504.0,4507.0
14701,ID00008,3.0,288,4504.0,4507.0
14702,ID00009,3.0,288,4504.0,4507.0
14703,ID00010,3.0,288,4504.0,4507.0
14704,ID00011,3.0,288,4504.0,4507.0
14705,ID00012,3.0,288,4504.0,4507.0
14706,ID00013,497.0,288,4502.0,4999.0
14707,ID00014,10.0,288,4502.0,4512.0
14708,ID00015,20.0,288,4503.0,4523.0
14709,ID00016,468.0,288,5404.0,5872.0
14710,ID00017,134.0,288,5875.0,6009.0
14711,ID00018,3.0,288,6023.0,6026.0
14712,ID00019,3.0,288,6023.0,6026.0
14713,ID00020,329.0,288,6023.0,6352.0
14714,ID00021,9.0,288,6027.0,6036.0
14715,ID00022,3.0,288,6023.0,6026.0
14716,ID00023,3.0,288,6360.0,6363.0
14717,ID00025,3.0,288,4508.0,4511.0
14718,ID00026,3.0,288,4504.0,4507.0
14719,ID00027,3.0,288,4504.0,4507.0
14720,ID00028,3.0,288,4504.0,4507.0
14721,ID00029,3.0,288,4504.0,4507.0
14722,ID00030,3.0,288,4504.0,4507.0
14723,ID00031,3.0,288,4504.0,4507.0
14724,ID00032,3.0,288,4504.0,4507.0
14725,ID00033,3.0,288,4504.0,4507.0
14726,ID00034,3.0,288,4504.0,4507.0
14727,ID00035,3.0,288,4504.0,4507.0
14728,ID00036,3.0,288,4504.0,4507.0
14729,ID00037,3.0,288,4504.0,4507.0
14730,ID00038,277.0,288,4502.0,4779.0
14731,ID00039,10.0,288,4502.0,4512.0
14732,ID00040,9.0,288,4503.0,4512.0
14733,ID00041,626.0,288,5408.0,6034.0
14734,ID00042,46.0,288,6037.0,6083.0
14735,ID00043,3.0,288,6097.0,6100.0
14736,ID00044,3.0,288,6097.0,6100.0
14737,ID00045,319.0,288,6097.0,6416.0
14738,ID00046,9.0,288,6101.0,6110.0
14739,ID00047,3.0,288,6097.0,6100.0
14740,ID00048,3.0,288,6424.0,6427.0
14741,finish,0.0,288,6435.0,6435.0
14742,entry,0.0,289,4500,4500.0
14743,ID00000,3.0,289,4574.0,4577.0
14744,ID00001,3.0,289,4527.0,4530.0
14745,ID00002,3.0,289,4653.0,4656.0
14746,ID00003,3.0,289,4653.0,4656.0
14747,ID00004,3.0,289,4653.0,4656.0
14748,ID00005,3.0,289,4653.0,4656.0
14749,ID00006,3.0,289,4653.0,4656.0
14750,ID00007,3.0,289,4560.0,4563.0
14751,ID00008,3.0,289,4560.0,4563.0
14752,ID00009,3.0,289,4560.0,4563.0
14753,ID00010,3.0,289,4560.0,4563.0
14754,ID00011,3.0,289,4560.0,4563.0
14755,ID00012,3.0,289,4672.0,4675.0
14756,ID00013,3.0,289,4670.0,4673.0
14757,ID00014,3.0,289,4672.0,4675.0
14758,ID00015,3.0,289,4672.0,4675.0
14759,ID00016,3.0,289,4672.0,4675.0
14760,ID00017,3.0,289,4569.0,4572.0
14761,ID00018,3.0,289,4569.0,4572.0
14762,ID00019,3.0,289,4569.0,4572.0
14763,ID00020,3.0,289,4569.0,4572.0
14764,ID00021,3.0,289,4569.0,4572.0
14765,ID00022,3.0,289,4681.0,4684.0
14766,ID00023,3.0,289,4678.0,4681.0
14767,ID00024,3.0,289,4680.0,4683.0
14768,ID00025,3.0,289,4685.0,4688.0
14769,ID00026,3.0,289,4681.0,4684.0
14770,ID00027,3.0,289,4574.0,4577.0
14771,ID00028,3.0,289,4574.0,4577.0
14772,ID00029,3.0,289,4574.0,4577.0
14773,ID00030,3.0,289,4574.0,4577.0
14774,ID00031,3.0,289,4575.0,4578.0
14775,ID00032,172.0,289,4686.0,4858.0
14776,ID00033,230.0,289,4683.0,4913.0
14777,ID00034,125.0,289,4685.0,4810.0
14778,ID00035,175.0,289,4691.0,4866.0
14779,ID00036,163.0,289,4686.0,4849.0
14780,ID00037,178.0,289,4578.0,4756.0
14781,ID00038,217.0,289,4578.0,4795.0
14782,ID00039,175.0,289,4578.0,4753.0
14783,ID00040,181.0,289,4578.0,4759.0
14784,ID00041,158.0,289,4579.0,4737.0
14785,ID00042,3.0,289,4915.0,4918.0
14786,ID00043,3.0,289,4796.0,4799.0
14787,ID00044,3.0,289,4926.0,4929.0
14788,ID00045,3.0,289,4940.0,4943.0
14789,ID00046,62.0,289,4944.0,5006.0
14790,finish,0.0,289,5007.0,5007.0
14791,entry,0.0,290,4500,4500.0
14792,ID00000,165.0,290,4523.0,4688.0
14793,ID00001,165.0,290,4523.0,4688.0
14794,ID00002,166.0,290,4523.0,4689.0
14795,ID00003,166.0,290,4523.0,4689.0
14796,ID00004,163.0,290,4523.0,4686.0
14797,ID00005,166.0,290,4523.0,4689.0
14798,ID00006,164.0,290,4523.0,4687.0
14799,ID00007,166.0,290,4523.0,4689.0
14800,ID00008,129.0,290,4730.0,4859.0
14801,ID00009,128.0,290,4731.0,4859.0
14802,ID00010,126.0,290,4730.0,4856.0
14803,ID00011,128.0,290,4731.0,4859.0
14804,ID00012,129.0,290,4730.0,4859.0
14805,ID00013,126.0,290,4731.0,4857.0
14806,ID00014,128.0,290,4731.0,4859.0
14807,ID00015,128.0,290,4731.0,4859.0
14808,ID00016,127.0,290,4731.0,4858.0
14809,ID00017,125.0,290,4731.0,4856.0
14810,ID00018,129.0,290,4731.0,4860.0
14811,ID00019,127.0,290,4731.0,4858.0
14812,ID00020,126.0,290,4731.0,4857.0
14813,ID00021,129.0,290,4731.0,4860.0
14814,ID00022,127.0,290,4731.0,4858.0
14815,ID00023,129.0,290,4731.0,4860.0
14816,ID00024,126.0,290,4728.0,4854.0
14817,ID00025,127.0,290,4731.0,4858.0
14818,ID00026,130.0,290,4731.0,4861.0
14819,ID00027,126.0,290,4731.0,4857.0
14820,ID00028,128.0,290,4731.0,4859.0
14821,ID00029,128.0,290,4730.0,4858.0
14822,ID00030,128.0,290,4731.0,4859.0
14823,ID00031,128.0,290,4731.0,4859.0
14824,ID00032,127.0,290,4731.0,4858.0
14825,ID00033,127.0,290,4731.0,4858.0
14826,ID00034,127.0,290,4731.0,4858.0
14827,ID00035,127.0,290,4731.0,4858.0
14828,ID00036,27.0,290,4867.0,4894.0
14829,ID00037,64.0,290,4897.0,4961.0
14830,ID00038,131.0,290,4964.0,5095.0
14831,ID00039,129.0,290,4964.0,5093.0
14832,ID00040,131.0,290,4964.0,5095.0
14833,ID00041,128.0,290,4964.0,5092.0
14834,ID00042,126.0,290,4964.0,5090.0
14835,ID00043,128.0,290,4964.0,5092.0
14836,ID00044,129.0,290,4964.0,5093.0
14837,ID00045,129.0,290,4964.0,5093.0
14838,ID00046,30.0,290,5137.0,5167.0
14839,ID00047,59.0,290,5170.0,5229.0
14840,ID00048,59.0,290,5881.0,5940.0
14841,ID00049,6.0,290,5954.0,5960.0
14842,finish,0.0,290,5962.0,5962.0
14843,entry,0.0,291,4500,4500.0
14844,ID00000,165.0,291,4523.0,4688.0
14845,ID00001,165.0,291,4523.0,4688.0
14846,ID00002,166.0,291,4523.0,4689.0
14847,ID00003,166.0,291,4523.0,4689.0
14848,ID00004,163.0,291,4523.0,4686.0
14849,ID00005,166.0,291,4523.0,4689.0
14850,ID00006,164.0,291,4523.0,4687.0
14851,ID00007,166.0,291,4523.0,4689.0
14852,ID00008,129.0,291,4730.0,4859.0
14853,ID00009,128.0,291,4731.0,4859.0
14854,ID00010,126.0,291,4730.0,4856.0
14855,ID00011,128.0,291,4731.0,4859.0
14856,ID00012,129.0,291,4730.0,4859.0
14857,ID00013,126.0,291,4731.0,4857.0
14858,ID00014,128.0,291,4731.0,4859.0
14859,ID00015,128.0,291,4731.0,4859.0
14860,ID00016,127.0,291,4731.0,4858.0
14861,ID00017,125.0,291,4731.0,4856.0
14862,ID00018,129.0,291,4731.0,4860.0
14863,ID00019,127.0,291,4731.0,4858.0
14864,ID00020,126.0,291,4731.0,4857.0
14865,ID00021,129.0,291,4731.0,4860.0
14866,ID00022,127.0,291,4731.0,4858.0
14867,ID00023,129.0,291,4731.0,4860.0
14868,ID00024,126.0,291,4728.0,4854.0
14869,ID00025,127.0,291,4731.0,4858.0
14870,ID00026,130.0,291,4731.0,4861.0
14871,ID00027,126.0,291,4731.0,4857.0
14872,ID00028,128.0,291,4731.0,4859.0
14873,ID00029,128.0,291,4730.0,4858.0
14874,ID00030,128.0,291,4731.0,4859.0
14875,ID00031,128.0,291,4731.0,4859.0
14876,ID00032,127.0,291,4731.0,4858.0
14877,ID00033,127.0,291,4731.0,4858.0
14878,ID00034,127.0,291,4731.0,4858.0
14879,ID00035,127.0,291,4731.0,4858.0
14880,ID00036,27.0,291,4867.0,4894.0
14881,ID00037,64.0,291,4897.0,4961.0
14882,ID00038,131.0,291,4964.0,5095.0
14883,ID00039,129.0,291,4964.0,5093.0
14884,ID00040,131.0,291,4964.0,5095.0
14885,ID00041,128.0,291,4964.0,5092.0
14886,ID00042,126.0,291,4964.0,5090.0
14887,ID00043,128.0,291,4964.0,5092.0
14888,ID00044,129.0,291,4964.0,5093.0
14889,ID00045,129.0,291,4964.0,5093.0
14890,ID00046,30.0,291,5137.0,5167.0
14891,ID00047,59.0,291,5170.0,5229.0
14892,ID00048,59.0,291,5881.0,5940.0
14893,ID00049,6.0,291,5954.0,5960.0
14894,finish,0.0,291,5962.0,5962.0
14895,entry,0.0,292,4500,4500.0
14896,ID00000,3.0,292,4508.0,4511.0
14897,ID00001,3.0,292,4504.0,4507.0
14898,ID00002,3.0,292,4504.0,4507.0
14899,ID00003,3.0,292,4504.0,4507.0
14900,ID00004,3.0,292,4504.0,4507.0
14901,ID00005,3.0,292,4504.0,4507.0
14902,ID00006,3.0,292,4504.0,4507.0
14903,ID00007,3.0,292,4504.0,4507.0
14904,ID00008,3.0,292,4504.0,4507.0
14905,ID00009,3.0,292,4504.0,4507.0
14906,ID00010,3.0,292,4504.0,4507.0
14907,ID00011,3.0,292,4504.0,4507.0
14908,ID00012,3.0,292,4504.0,4507.0
14909,ID00013,497.0,292,4502.0,4999.0
14910,ID00014,10.0,292,4502.0,4512.0
14911,ID00015,20.0,292,4503.0,4523.0
14912,ID00016,468.0,292,5404.0,5872.0
14913,ID00017,134.0,292,5875.0,6009.0
14914,ID00018,3.0,292,6023.0,6026.0
14915,ID00019,3.0,292,6023.0,6026.0
14916,ID00020,329.0,292,6023.0,6352.0
14917,ID00021,9.0,292,6027.0,6036.0
14918,ID00022,3.0,292,6023.0,6026.0
14919,ID00023,3.0,292,6360.0,6363.0
14920,ID00025,3.0,292,4508.0,4511.0
14921,ID00026,3.0,292,4504.0,4507.0
14922,ID00027,3.0,292,4504.0,4507.0
14923,ID00028,3.0,292,4504.0,4507.0
14924,ID00029,3.0,292,4504.0,4507.0
14925,ID00030,3.0,292,4504.0,4507.0
14926,ID00031,3.0,292,4504.0,4507.0
14927,ID00032,3.0,292,4504.0,4507.0
14928,ID00033,3.0,292,4504.0,4507.0
14929,ID00034,3.0,292,4504.0,4507.0
14930,ID00035,3.0,292,4504.0,4507.0
14931,ID00036,3.0,292,4504.0,4507.0
14932,ID00037,3.0,292,4504.0,4507.0
14933,ID00038,277.0,292,4502.0,4779.0
14934,ID00039,10.0,292,4502.0,4512.0
14935,ID00040,9.0,292,4503.0,4512.0
14936,ID00041,626.0,292,5408.0,6034.0
14937,ID00042,46.0,292,6037.0,6083.0
14938,ID00043,3.0,292,6097.0,6100.0
14939,ID00044,3.0,292,6097.0,6100.0
14940,ID00045,319.0,292,6097.0,6416.0
14941,ID00046,9.0,292,6101.0,6110.0
14942,ID00047,3.0,292,6097.0,6100.0
14943,ID00048,3.0,292,6424.0,6427.0
14944,finish,0.0,292,6435.0,6435.0
14945,entry,0.0,293,4500,4500.0
14946,ID00000,3.0,293,4574.0,4577.0
14947,ID00001,3.0,293,4527.0,4530.0
14948,ID00002,3.0,293,4653.0,4656.0
14949,ID00003,3.0,293,4653.0,4656.0
14950,ID00004,3.0,293,4653.0,4656.0
14951,ID00005,3.0,293,4653.0,4656.0
14952,ID00006,3.0,293,4653.0,4656.0
14953,ID00007,3.0,293,4560.0,4563.0
14954,ID00008,3.0,293,4560.0,4563.0
14955,ID00009,3.0,293,4560.0,4563.0
14956,ID00010,3.0,293,4560.0,4563.0
14957,ID00011,3.0,293,4560.0,4563.0
14958,ID00012,3.0,293,4672.0,4675.0
14959,ID00013,3.0,293,4670.0,4673.0
14960,ID00014,3.0,293,4672.0,4675.0
14961,ID00015,3.0,293,4672.0,4675.0
14962,ID00016,3.0,293,4672.0,4675.0
14963,ID00017,3.0,293,4569.0,4572.0
14964,ID00018,3.0,293,4569.0,4572.0
14965,ID00019,3.0,293,4569.0,4572.0
14966,ID00020,3.0,293,4569.0,4572.0
14967,ID00021,3.0,293,4569.0,4572.0
14968,ID00022,3.0,293,4681.0,4684.0
14969,ID00023,3.0,293,4678.0,4681.0
14970,ID00024,3.0,293,4680.0,4683.0
14971,ID00025,3.0,293,4685.0,4688.0
14972,ID00026,3.0,293,4681.0,4684.0
14973,ID00027,3.0,293,4574.0,4577.0
14974,ID00028,3.0,293,4574.0,4577.0
14975,ID00029,3.0,293,4574.0,4577.0
14976,ID00030,3.0,293,4574.0,4577.0
14977,ID00031,3.0,293,4575.0,4578.0
14978,ID00032,172.0,293,4686.0,4858.0
14979,ID00033,230.0,293,4683.0,4913.0
14980,ID00034,125.0,293,4685.0,4810.0
14981,ID00035,175.0,293,4691.0,4866.0
14982,ID00036,163.0,293,4686.0,4849.0
14983,ID00037,178.0,293,4578.0,4756.0
14984,ID00038,217.0,293,4578.0,4795.0
14985,ID00039,175.0,293,4578.0,4753.0
14986,ID00040,181.0,293,4578.0,4759.0
14987,ID00041,158.0,293,4579.0,4737.0
14988,ID00042,3.0,293,4915.0,4918.0
14989,ID00043,3.0,293,4796.0,4799.0
14990,ID00044,3.0,293,4926.0,4929.0
14991,ID00045,3.0,293,4940.0,4943.0
14992,ID00046,62.0,293,4944.0,5006.0
14993,finish,0.0,293,5007.0,5007.0
14994,entry,0.0,294,4500,4500.0
14995,ID00000,3.0,294,4574.0,4577.0
14996,ID00001,3.0,294,4527.0,4530.0
14997,ID00002,3.0,294,4653.0,4656.0
14998,ID00003,3.0,294,4653.0,4656.0
14999,ID00004,3.0,294,4653.0,4656.0
15000,ID00005,3.0,294,4653.0,4656.0
15001,ID00006,3.0,294,4653.0,4656.0
15002,ID00007,3.0,294,4560.0,4563.0
15003,ID00008,3.0,294,4560.0,4563.0
15004,ID00009,3.0,294,4560.0,4563.0
15005,ID00010,3.0,294,4560.0,4563.0
15006,ID00011,3.0,294,4560.0,4563.0
15007,ID00012,3.0,294,4672.0,4675.0
15008,ID00013,3.0,294,4670.0,4673.0
15009,ID00014,3.0,294,4672.0,4675.0
15010,ID00015,3.0,294,4672.0,4675.0
15011,ID00016,3.0,294,4672.0,4675.0
15012,ID00017,3.0,294,4569.0,4572.0
15013,ID00018,3.0,294,4569.0,4572.0
15014,ID00019,3.0,294,4569.0,4572.0
15015,ID00020,3.0,294,4569.0,4572.0
15016,ID00021,3.0,294,4569.0,4572.0
15017,ID00022,3.0,294,4681.0,4684.0
15018,ID00023,3.0,294,4678.0,4681.0
15019,ID00024,3.0,294,4680.0,4683.0
15020,ID00025,3.0,294,4685.0,4688.0
15021,ID00026,3.0,294,4681.0,4684.0
15022,ID00027,3.0,294,4574.0,4577.0
15023,ID00028,3.0,294,4574.0,4577.0
15024,ID00029,3.0,294,4574.0,4577.0
15025,ID00030,3.0,294,4574.0,4577.0
15026,ID00031,3.0,294,4575.0,4578.0
15027,ID00032,172.0,294,4686.0,4858.0
15028,ID00033,230.0,294,4683.0,4913.0
15029,ID00034,125.0,294,4685.0,4810.0
15030,ID00035,175.0,294,4691.0,4866.0
15031,ID00036,163.0,294,4686.0,4849.0
15032,ID00037,178.0,294,4578.0,4756.0
15033,ID00038,217.0,294,4578.0,4795.0
15034,ID00039,175.0,294,4578.0,4753.0
15035,ID00040,181.0,294,4578.0,4759.0
15036,ID00041,158.0,294,4579.0,4737.0
15037,ID00042,3.0,294,4915.0,4918.0
15038,ID00043,3.0,294,4796.0,4799.0
15039,ID00044,3.0,294,4926.0,4929.0
15040,ID00045,3.0,294,4940.0,4943.0
15041,ID00046,62.0,294,4944.0,5006.0
15042,finish,0.0,294,5007.0,5007.0
15043,entry,0.0,295,4500,4500.0
15044,ID00000,3.0,295,4574.0,4577.0
15045,ID00001,3.0,295,4527.0,4530.0
15046,ID00002,3.0,295,4653.0,4656.0
15047,ID00003,3.0,295,4653.0,4656.0
15048,ID00004,3.0,295,4653.0,4656.0
15049,ID00005,3.0,295,4653.0,4656.0
15050,ID00006,3.0,295,4653.0,4656.0
15051,ID00007,3.0,295,4560.0,4563.0
15052,ID00008,3.0,295,4560.0,4563.0
15053,ID00009,3.0,295,4560.0,4563.0
15054,ID00010,3.0,295,4560.0,4563.0
15055,ID00011,3.0,295,4560.0,4563.0
15056,ID00012,3.0,295,4672.0,4675.0
15057,ID00013,3.0,295,4670.0,4673.0
15058,ID00014,3.0,295,4672.0,4675.0
15059,ID00015,3.0,295,4672.0,4675.0
15060,ID00016,3.0,295,4672.0,4675.0
15061,ID00017,3.0,295,4569.0,4572.0
15062,ID00018,3.0,295,4569.0,4572.0
15063,ID00019,3.0,295,4569.0,4572.0
15064,ID00020,3.0,295,4569.0,4572.0
15065,ID00021,3.0,295,4569.0,4572.0
15066,ID00022,3.0,295,4681.0,4684.0
15067,ID00023,3.0,295,4678.0,4681.0
15068,ID00024,3.0,295,4680.0,4683.0
15069,ID00025,3.0,295,4685.0,4688.0
15070,ID00026,3.0,295,4681.0,4684.0
15071,ID00027,3.0,295,4574.0,4577.0
15072,ID00028,3.0,295,4574.0,4577.0
15073,ID00029,3.0,295,4574.0,4577.0
15074,ID00030,3.0,295,4574.0,4577.0
15075,ID00031,3.0,295,4575.0,4578.0
15076,ID00032,172.0,295,4686.0,4858.0
15077,ID00033,230.0,295,4683.0,4913.0
15078,ID00034,125.0,295,4685.0,4810.0
15079,ID00035,175.0,295,4691.0,4866.0
15080,ID00036,163.0,295,4686.0,4849.0
15081,ID00037,178.0,295,4578.0,4756.0
15082,ID00038,217.0,295,4578.0,4795.0
15083,ID00039,175.0,295,4578.0,4753.0
15084,ID00040,181.0,295,4578.0,4759.0
15085,ID00041,158.0,295,4579.0,4737.0
15086,ID00042,3.0,295,4915.0,4918.0
15087,ID00043,3.0,295,4796.0,4799.0
15088,ID00044,3.0,295,4926.0,4929.0
15089,ID00045,3.0,295,4940.0,4943.0
15090,ID00046,62.0,295,4944.0,5006.0
15091,finish,0.0,295,5007.0,5007.0
15092,entry,0.0,296,4500,4500.0
15093,ID00000,6.0,296,10487.0,10493.0
15094,ID00001,5.0,296,10458.0,10463.0
15095,ID00002,3417.0,296,6067.0,9484.0
15096,ID00003,542.0,296,9508.0,10050.0
15097,ID00004,27.0,296,10053.0,10080.0
15098,ID00005,627.0,296,9508.0,10135.0
15099,ID00006,22.0,296,10138.0,10160.0
15100,ID00007,382.0,296,9508.0,9890.0
15101,ID00008,20.0,296,9893.0,9913.0
15102,ID00009,449.0,296,9508.0,9957.0
15103,ID00010,27.0,296,9960.0,9987.0
15104,ID00011,453.0,296,9508.0,9961.0
15105,ID00012,27.0,296,9964.0,9991.0
15106,ID00013,757.0,296,9508.0,10265.0
15107,ID00014,28.0,296,10268.0,10296.0
15108,ID00015,598.0,296,9508.0,10106.0
15109,ID00016,12.0,296,10109.0,10121.0
15110,ID00017,445.0,296,9508.0,9953.0
15111,ID00018,10.0,296,9956.0,9966.0
15112,ID00019,947.0,296,9508.0,10455.0
15113,ID00020,26.0,296,10458.0,10484.0
15114,ID00021,688.0,296,9508.0,10196.0
15115,ID00022,25.0,296,10199.0,10224.0
15116,ID00023,2589.0,296,6075.0,8664.0
15117,ID00024,1086.0,296,8680.0,9766.0
15118,ID00025,15.0,296,9769.0,9784.0
15119,ID00026,669.0,296,8680.0,9349.0
15120,ID00027,21.0,296,9352.0,9373.0
15121,ID00028,784.0,296,8680.0,9464.0
15122,ID00029,21.0,296,9467.0,9488.0
15123,ID00030,937.0,296,8680.0,9617.0
15124,ID00031,11.0,296,9620.0,9631.0
15125,ID00032,541.0,296,8680.0,9221.0
15126,ID00033,22.0,296,9224.0,9246.0
15127,ID00034,518.0,296,8680.0,9198.0
15128,ID00035,20.0,296,9201.0,9221.0
15129,ID00036,1103.0,296,8680.0,9783.0
15130,ID00037,19.0,296,9786.0,9805.0
15131,ID00038,969.0,296,8680.0,9649.0
15132,ID00039,19.0,296,9652.0,9671.0
15133,ID00040,490.0,296,8680.0,9170.0
15134,ID00041,27.0,296,9173.0,9200.0
15135,ID00042,984.0,296,8680.0,9664.0
15136,ID00043,19.0,296,9667.0,9686.0
15137,ID00044,446.0,296,8680.0,9126.0
15138,ID00045,23.0,296,9129.0,9152.0
15139,ID00046,441.0,296,8680.0,9121.0
15140,ID00047,10.0,296,9124.0,9134.0
15141,ID00048,602.0,296,8680.0,9282.0
15142,ID00049,12.0,296,9285.0,9297.0
15143,finish,0.0,296,10494.0,10494.0
15144,entry,0.0,297,4500,4500.0
15145,ID00000,3.0,297,4508.0,4511.0
15146,ID00001,3.0,297,4504.0,4507.0
15147,ID00002,3.0,297,4504.0,4507.0
15148,ID00003,3.0,297,4504.0,4507.0
15149,ID00004,3.0,297,4504.0,4507.0
15150,ID00005,3.0,297,4504.0,4507.0
15151,ID00006,3.0,297,4504.0,4507.0
15152,ID00007,3.0,297,4504.0,4507.0
15153,ID00008,3.0,297,4504.0,4507.0
15154,ID00009,3.0,297,4504.0,4507.0
15155,ID00010,3.0,297,4504.0,4507.0
15156,ID00011,3.0,297,4504.0,4507.0
15157,ID00012,3.0,297,4504.0,4507.0
15158,ID00013,497.0,297,4502.0,4999.0
15159,ID00014,10.0,297,4502.0,4512.0
15160,ID00015,20.0,297,4503.0,4523.0
15161,ID00016,468.0,297,5404.0,5872.0
15162,ID00017,134.0,297,5875.0,6009.0
15163,ID00018,3.0,297,6023.0,6026.0
15164,ID00019,3.0,297,6023.0,6026.0
15165,ID00020,329.0,297,6023.0,6352.0
15166,ID00021,9.0,297,6027.0,6036.0
15167,ID00022,3.0,297,6023.0,6026.0
15168,ID00023,3.0,297,6360.0,6363.0
15169,ID00025,3.0,297,4508.0,4511.0
15170,ID00026,3.0,297,4504.0,4507.0
15171,ID00027,3.0,297,4504.0,4507.0
15172,ID00028,3.0,297,4504.0,4507.0
15173,ID00029,3.0,297,4504.0,4507.0
15174,ID00030,3.0,297,4504.0,4507.0
15175,ID00031,3.0,297,4504.0,4507.0
15176,ID00032,3.0,297,4504.0,4507.0
15177,ID00033,3.0,297,4504.0,4507.0
15178,ID00034,3.0,297,4504.0,4507.0
15179,ID00035,3.0,297,4504.0,4507.0
15180,ID00036,3.0,297,4504.0,4507.0
15181,ID00037,3.0,297,4504.0,4507.0
15182,ID00038,277.0,297,4502.0,4779.0
15183,ID00039,10.0,297,4502.0,4512.0
15184,ID00040,9.0,297,4503.0,4512.0
15185,ID00041,626.0,297,5408.0,6034.0
15186,ID00042,46.0,297,6037.0,6083.0
15187,ID00043,3.0,297,6097.0,6100.0
15188,ID00044,3.0,297,6097.0,6100.0
15189,ID00045,319.0,297,6097.0,6416.0
15190,ID00046,9.0,297,6101.0,6110.0
15191,ID00047,3.0,297,6097.0,6100.0
15192,ID00048,3.0,297,6424.0,6427.0
15193,finish,0.0,297,6435.0,6435.0
15194,entry,0.0,298,4500,4500.0
15195,ID00000,57.0,298,4786.0,4843.0
15196,ID00001,56.0,298,4786.0,4842.0
15197,ID00002,54.0,298,4786.0,4840.0
15198,ID00003,54.0,298,4786.0,4840.0
15199,ID00004,56.0,298,4785.0,4841.0
15200,ID00005,55.0,298,4786.0,4841.0
15201,ID00006,55.0,298,4786.0,4841.0
15202,ID00007,55.0,298,4786.0,4841.0
15203,ID00008,55.0,298,4786.0,4841.0
15204,ID00009,55.0,298,4786.0,4841.0
15205,ID00010,54.0,298,4786.0,4840.0
15206,ID00011,54.0,298,4786.0,4840.0
15207,ID00012,1768.0,298,4850.0,6618.0
15208,ID00013,1486.0,298,4850.0,6336.0
15209,ID00014,1667.0,298,4848.0,6515.0
15210,ID00015,1360.0,298,4847.0,6207.0
15211,ID00016,1286.0,298,4848.0,6134.0
15212,ID00017,1598.0,298,4848.0,6446.0
15213,ID00018,880.0,298,4848.0,5728.0
15214,ID00019,1746.0,298,4848.0,6594.0
15215,ID00020,988.0,298,4848.0,5836.0
15216,ID00021,1553.0,298,4848.0,6401.0
15217,ID00022,2027.0,298,4848.0,6875.0
15218,ID00023,1807.0,298,4847.0,6654.0
15219,ID00024,17.0,298,6878.0,6895.0
15220,ID00025,15.0,298,6898.0,6913.0
15221,ID00026,15.0,298,6898.0,6913.0
15222,ID00027,16.0,298,6898.0,6914.0
15223,ID00028,14.0,298,6898.0,6912.0
15224,ID00029,18.0,298,6898.0,6916.0
15225,ID00030,17.0,298,6898.0,6915.0
15226,ID00031,17.0,298,6898.0,6915.0
15227,ID00032,16.0,298,6898.0,6914.0
15228,ID00033,16.0,298,6898.0,6914.0
15229,ID00034,17.0,298,6898.0,6915.0
15230,ID00035,15.0,298,6898.0,6913.0
15231,ID00036,13.0,298,6898.0,6911.0
15232,ID00037,1607.0,298,6916.0,8523.0
15233,ID00038,1213.0,298,6916.0,8129.0
15234,ID00039,1186.0,298,6917.0,8103.0
15235,ID00040,1749.0,298,6915.0,8664.0
15236,ID00041,1473.0,298,6919.0,8392.0
15237,ID00042,1670.0,298,6918.0,8588.0
15238,ID00043,1139.0,298,6918.0,8057.0
15239,ID00044,1855.0,298,6917.0,8772.0
15240,ID00045,2015.0,298,6917.0,8932.0
15241,ID00046,2007.0,298,6918.0,8925.0
15242,ID00047,1767.0,298,6916.0,8683.0
15243,ID00048,911.0,298,6914.0,7825.0
15244,ID00049,16.0,298,8935.0,8951.0
15245,finish,0.0,298,8952.0,8952.0
15246,entry,0.0,299,4500,4500.0
15247,ID00000,3.0,299,4574.0,4577.0
15248,ID00001,3.0,299,4527.0,4530.0
15249,ID00002,3.0,299,4653.0,4656.0
15250,ID00003,3.0,299,4653.0,4656.0
15251,ID00004,3.0,299,4653.0,4656.0
15252,ID00005,3.0,299,4653.0,4656.0
15253,ID00006,3.0,299,4653.0,4656.0
15254,ID00007,3.0,299,4560.0,4563.0
15255,ID00008,3.0,299,4560.0,4563.0
15256,ID00009,3.0,299,4560.0,4563.0
15257,ID00010,3.0,299,4560.0,4563.0
15258,ID00011,3.0,299,4560.0,4563.0
15259,ID00012,3.0,299,4672.0,4675.0
15260,ID00013,3.0,299,4670.0,4673.0
15261,ID00014,3.0,299,4672.0,4675.0
15262,ID00015,3.0,299,4672.0,4675.0
15263,ID00016,3.0,299,4672.0,4675.0
15264,ID00017,3.0,299,4569.0,4572.0
15265,ID00018,3.0,299,4569.0,4572.0
15266,ID00019,3.0,299,4569.0,4572.0
15267,ID00020,3.0,299,4569.0,4572.0
15268,ID00021,3.0,299,4569.0,4572.0
15269,ID00022,3.0,299,4681.0,4684.0
15270,ID00023,3.0,299,4678.0,4681.0
15271,ID00024,3.0,299,4680.0,4683.0
15272,ID00025,3.0,299,4685.0,4688.0
15273,ID00026,3.0,299,4681.0,4684.0
15274,ID00027,3.0,299,4574.0,4577.0
15275,ID00028,3.0,299,4574.0,4577.0
15276,ID00029,3.0,299,4574.0,4577.0
15277,ID00030,3.0,299,4574.0,4577.0
15278,ID00031,3.0,299,4575.0,4578.0
15279,ID00032,172.0,299,4686.0,4858.0
15280,ID00033,230.0,299,4683.0,4913.0
15281,ID00034,125.0,299,4685.0,4810.0
15282,ID00035,175.0,299,4691.0,4866.0
15283,ID00036,163.0,299,4686.0,4849.0
15284,ID00037,178.0,299,4578.0,4756.0
15285,ID00038,217.0,299,4578.0,4795.0
15286,ID00039,175.0,299,4578.0,4753.0
15287,ID00040,181.0,299,4578.0,4759.0
15288,ID00041,158.0,299,4579.0,4737.0
15289,ID00042,3.0,299,4915.0,4918.0
15290,ID00043,3.0,299,4796.0,4799.0
15291,ID00044,3.0,299,4926.0,4929.0
15292,ID00045,3.0,299,4940.0,4943.0
15293,ID00046,62.0,299,4944.0,5006.0
15294,finish,0.0,299,5007.0,5007.0
15295,entry,0.0,300,5400,5400.0
15296,ID00000,6.0,300,11387.0,11393.0
15297,ID00001,5.0,300,11358.0,11363.0
15298,ID00002,3417.0,300,6967.0,10384.0
15299,ID00003,542.0,300,10408.0,10950.0
15300,ID00004,27.0,300,10953.0,10980.0
15301,ID00005,627.0,300,10408.0,11035.0
15302,ID00006,22.0,300,11038.0,11060.0
15303,ID00007,382.0,300,10408.0,10790.0
15304,ID00008,20.0,300,10793.0,10813.0
15305,ID00009,449.0,300,10408.0,10857.0
15306,ID00010,27.0,300,10860.0,10887.0
15307,ID00011,453.0,300,10408.0,10861.0
15308,ID00012,27.0,300,10864.0,10891.0
15309,ID00013,757.0,300,10408.0,11165.0
15310,ID00014,28.0,300,11168.0,11196.0
15311,ID00015,598.0,300,10408.0,11006.0
15312,ID00016,12.0,300,11009.0,11021.0
15313,ID00017,445.0,300,10408.0,10853.0
15314,ID00018,10.0,300,10856.0,10866.0
15315,ID00019,947.0,300,10408.0,11355.0
15316,ID00020,26.0,300,11358.0,11384.0
15317,ID00021,688.0,300,10408.0,11096.0
15318,ID00022,25.0,300,11099.0,11124.0
15319,ID00023,2589.0,300,6975.0,9564.0
15320,ID00024,1086.0,300,9580.0,10666.0
15321,ID00025,15.0,300,10669.0,10684.0
15322,ID00026,669.0,300,9580.0,10249.0
15323,ID00027,21.0,300,10252.0,10273.0
15324,ID00028,784.0,300,9580.0,10364.0
15325,ID00029,21.0,300,10367.0,10388.0
15326,ID00030,937.0,300,9580.0,10517.0
15327,ID00031,11.0,300,10520.0,10531.0
15328,ID00032,541.0,300,9580.0,10121.0
15329,ID00033,22.0,300,10124.0,10146.0
15330,ID00034,518.0,300,9580.0,10098.0
15331,ID00035,20.0,300,10101.0,10121.0
15332,ID00036,1103.0,300,9580.0,10683.0
15333,ID00037,19.0,300,10686.0,10705.0
15334,ID00038,969.0,300,9580.0,10549.0
15335,ID00039,19.0,300,10552.0,10571.0
15336,ID00040,490.0,300,9580.0,10070.0
15337,ID00041,27.0,300,10073.0,10100.0
15338,ID00042,984.0,300,9580.0,10564.0
15339,ID00043,19.0,300,10567.0,10586.0
15340,ID00044,446.0,300,9580.0,10026.0
15341,ID00045,23.0,300,10029.0,10052.0
15342,ID00046,441.0,300,9580.0,10021.0
15343,ID00047,10.0,300,10024.0,10034.0
15344,ID00048,602.0,300,9580.0,10182.0
15345,ID00049,12.0,300,10185.0,10197.0
15346,finish,0.0,300,11394.0,11394.0
15347,entry,0.0,301,5400,5400.0
15348,ID00000,165.0,301,5423.0,5588.0
15349,ID00001,165.0,301,5423.0,5588.0
15350,ID00002,166.0,301,5423.0,5589.0
15351,ID00003,166.0,301,5423.0,5589.0
15352,ID00004,163.0,301,5423.0,5586.0
15353,ID00005,166.0,301,5423.0,5589.0
15354,ID00006,164.0,301,5423.0,5587.0
15355,ID00007,166.0,301,5423.0,5589.0
15356,ID00008,129.0,301,5630.0,5759.0
15357,ID00009,128.0,301,5631.0,5759.0
15358,ID00010,126.0,301,5630.0,5756.0
15359,ID00011,128.0,301,5631.0,5759.0
15360,ID00012,129.0,301,5630.0,5759.0
15361,ID00013,126.0,301,5631.0,5757.0
15362,ID00014,128.0,301,5631.0,5759.0
15363,ID00015,128.0,301,5631.0,5759.0
15364,ID00016,127.0,301,5631.0,5758.0
15365,ID00017,125.0,301,5631.0,5756.0
15366,ID00018,129.0,301,5631.0,5760.0
15367,ID00019,127.0,301,5631.0,5758.0
15368,ID00020,126.0,301,5631.0,5757.0
15369,ID00021,129.0,301,5631.0,5760.0
15370,ID00022,127.0,301,5631.0,5758.0
15371,ID00023,129.0,301,5631.0,5760.0
15372,ID00024,126.0,301,5628.0,5754.0
15373,ID00025,127.0,301,5631.0,5758.0
15374,ID00026,130.0,301,5631.0,5761.0
15375,ID00027,126.0,301,5631.0,5757.0
15376,ID00028,128.0,301,5631.0,5759.0
15377,ID00029,128.0,301,5630.0,5758.0
15378,ID00030,128.0,301,5631.0,5759.0
15379,ID00031,128.0,301,5631.0,5759.0
15380,ID00032,127.0,301,5631.0,5758.0
15381,ID00033,127.0,301,5631.0,5758.0
15382,ID00034,127.0,301,5631.0,5758.0
15383,ID00035,127.0,301,5631.0,5758.0
15384,ID00036,27.0,301,5767.0,5794.0
15385,ID00037,64.0,301,5797.0,5861.0
15386,ID00038,131.0,301,5864.0,5995.0
15387,ID00039,129.0,301,5864.0,5993.0
15388,ID00040,131.0,301,5864.0,5995.0
15389,ID00041,128.0,301,5864.0,5992.0
15390,ID00042,126.0,301,5864.0,5990.0
15391,ID00043,128.0,301,5864.0,5992.0
15392,ID00044,129.0,301,5864.0,5993.0
15393,ID00045,129.0,301,5864.0,5993.0
15394,ID00046,30.0,301,6037.0,6067.0
15395,ID00047,59.0,301,6070.0,6129.0
15396,ID00048,59.0,301,6781.0,6840.0
15397,ID00049,6.0,301,6854.0,6860.0
15398,finish,0.0,301,6862.0,6862.0
15399,entry,0.0,302,5400,5400.0
15400,ID00000,165.0,302,5423.0,5588.0
15401,ID00001,165.0,302,5423.0,5588.0
15402,ID00002,166.0,302,5423.0,5589.0
15403,ID00003,166.0,302,5423.0,5589.0
15404,ID00004,163.0,302,5423.0,5586.0
15405,ID00005,166.0,302,5423.0,5589.0
15406,ID00006,164.0,302,5423.0,5587.0
15407,ID00007,166.0,302,5423.0,5589.0
15408,ID00008,129.0,302,5630.0,5759.0
15409,ID00009,128.0,302,5631.0,5759.0
15410,ID00010,126.0,302,5630.0,5756.0
15411,ID00011,128.0,302,5631.0,5759.0
15412,ID00012,129.0,302,5630.0,5759.0
15413,ID00013,126.0,302,5631.0,5757.0
15414,ID00014,128.0,302,5631.0,5759.0
15415,ID00015,128.0,302,5631.0,5759.0
15416,ID00016,127.0,302,5631.0,5758.0
15417,ID00017,125.0,302,5631.0,5756.0
15418,ID00018,129.0,302,5631.0,5760.0
15419,ID00019,127.0,302,5631.0,5758.0
15420,ID00020,126.0,302,5631.0,5757.0
15421,ID00021,129.0,302,5631.0,5760.0
15422,ID00022,127.0,302,5631.0,5758.0
15423,ID00023,129.0,302,5631.0,5760.0
15424,ID00024,126.0,302,5628.0,5754.0
15425,ID00025,127.0,302,5631.0,5758.0
15426,ID00026,130.0,302,5631.0,5761.0
15427,ID00027,126.0,302,5631.0,5757.0
15428,ID00028,128.0,302,5631.0,5759.0
15429,ID00029,128.0,302,5630.0,5758.0
15430,ID00030,128.0,302,5631.0,5759.0
15431,ID00031,128.0,302,5631.0,5759.0
15432,ID00032,127.0,302,5631.0,5758.0
15433,ID00033,127.0,302,5631.0,5758.0
15434,ID00034,127.0,302,5631.0,5758.0
15435,ID00035,127.0,302,5631.0,5758.0
15436,ID00036,27.0,302,5767.0,5794.0
15437,ID00037,64.0,302,5797.0,5861.0
15438,ID00038,131.0,302,5864.0,5995.0
15439,ID00039,129.0,302,5864.0,5993.0
15440,ID00040,131.0,302,5864.0,5995.0
15441,ID00041,128.0,302,5864.0,5992.0
15442,ID00042,126.0,302,5864.0,5990.0
15443,ID00043,128.0,302,5864.0,5992.0
15444,ID00044,129.0,302,5864.0,5993.0
15445,ID00045,129.0,302,5864.0,5993.0
15446,ID00046,30.0,302,6037.0,6067.0
15447,ID00047,59.0,302,6070.0,6129.0
15448,ID00048,59.0,302,6781.0,6840.0
15449,ID00049,6.0,302,6854.0,6860.0
15450,finish,0.0,302,6862.0,6862.0
15451,entry,0.0,303,5400,5400.0
15452,ID00000,165.0,303,5423.0,5588.0
15453,ID00001,165.0,303,5423.0,5588.0
15454,ID00002,166.0,303,5423.0,5589.0
15455,ID00003,166.0,303,5423.0,5589.0
15456,ID00004,163.0,303,5423.0,5586.0
15457,ID00005,166.0,303,5423.0,5589.0
15458,ID00006,164.0,303,5423.0,5587.0
15459,ID00007,166.0,303,5423.0,5589.0
15460,ID00008,129.0,303,5630.0,5759.0
15461,ID00009,128.0,303,5631.0,5759.0
15462,ID00010,126.0,303,5630.0,5756.0
15463,ID00011,128.0,303,5631.0,5759.0
15464,ID00012,129.0,303,5630.0,5759.0
15465,ID00013,126.0,303,5631.0,5757.0
15466,ID00014,128.0,303,5631.0,5759.0
15467,ID00015,128.0,303,5631.0,5759.0
15468,ID00016,127.0,303,5631.0,5758.0
15469,ID00017,125.0,303,5631.0,5756.0
15470,ID00018,129.0,303,5631.0,5760.0
15471,ID00019,127.0,303,5631.0,5758.0
15472,ID00020,126.0,303,5631.0,5757.0
15473,ID00021,129.0,303,5631.0,5760.0
15474,ID00022,127.0,303,5631.0,5758.0
15475,ID00023,129.0,303,5631.0,5760.0
15476,ID00024,126.0,303,5628.0,5754.0
15477,ID00025,127.0,303,5631.0,5758.0
15478,ID00026,130.0,303,5631.0,5761.0
15479,ID00027,126.0,303,5631.0,5757.0
15480,ID00028,128.0,303,5631.0,5759.0
15481,ID00029,128.0,303,5630.0,5758.0
15482,ID00030,128.0,303,5631.0,5759.0
15483,ID00031,128.0,303,5631.0,5759.0
15484,ID00032,127.0,303,5631.0,5758.0
15485,ID00033,127.0,303,5631.0,5758.0
15486,ID00034,127.0,303,5631.0,5758.0
15487,ID00035,127.0,303,5631.0,5758.0
15488,ID00036,27.0,303,5767.0,5794.0
15489,ID00037,64.0,303,5797.0,5861.0
15490,ID00038,131.0,303,5864.0,5995.0
15491,ID00039,129.0,303,5864.0,5993.0
15492,ID00040,131.0,303,5864.0,5995.0
15493,ID00041,128.0,303,5864.0,5992.0
15494,ID00042,126.0,303,5864.0,5990.0
15495,ID00043,128.0,303,5864.0,5992.0
15496,ID00044,129.0,303,5864.0,5993.0
15497,ID00045,129.0,303,5864.0,5993.0
15498,ID00046,30.0,303,6037.0,6067.0
15499,ID00047,59.0,303,6070.0,6129.0
15500,ID00048,59.0,303,6781.0,6840.0
15501,ID00049,6.0,303,6854.0,6860.0
15502,finish,0.0,303,6862.0,6862.0
15503,entry,0.0,304,5400,5400.0
15504,ID00000,165.0,304,5423.0,5588.0
15505,ID00001,165.0,304,5423.0,5588.0
15506,ID00002,166.0,304,5423.0,5589.0
15507,ID00003,166.0,304,5423.0,5589.0
15508,ID00004,163.0,304,5423.0,5586.0
15509,ID00005,166.0,304,5423.0,5589.0
15510,ID00006,164.0,304,5423.0,5587.0
15511,ID00007,166.0,304,5423.0,5589.0
15512,ID00008,129.0,304,5630.0,5759.0
15513,ID00009,128.0,304,5631.0,5759.0
15514,ID00010,126.0,304,5630.0,5756.0
15515,ID00011,128.0,304,5631.0,5759.0
15516,ID00012,129.0,304,5630.0,5759.0
15517,ID00013,126.0,304,5631.0,5757.0
15518,ID00014,128.0,304,5631.0,5759.0
15519,ID00015,128.0,304,5631.0,5759.0
15520,ID00016,127.0,304,5631.0,5758.0
15521,ID00017,125.0,304,5631.0,5756.0
15522,ID00018,129.0,304,5631.0,5760.0
15523,ID00019,127.0,304,5631.0,5758.0
15524,ID00020,126.0,304,5631.0,5757.0
15525,ID00021,129.0,304,5631.0,5760.0
15526,ID00022,127.0,304,5631.0,5758.0
15527,ID00023,129.0,304,5631.0,5760.0
15528,ID00024,126.0,304,5628.0,5754.0
15529,ID00025,127.0,304,5631.0,5758.0
15530,ID00026,130.0,304,5631.0,5761.0
15531,ID00027,126.0,304,5631.0,5757.0
15532,ID00028,128.0,304,5631.0,5759.0
15533,ID00029,128.0,304,5630.0,5758.0
15534,ID00030,128.0,304,5631.0,5759.0
15535,ID00031,128.0,304,5631.0,5759.0
15536,ID00032,127.0,304,5631.0,5758.0
15537,ID00033,127.0,304,5631.0,5758.0
15538,ID00034,127.0,304,5631.0,5758.0
15539,ID00035,127.0,304,5631.0,5758.0
15540,ID00036,27.0,304,5767.0,5794.0
15541,ID00037,64.0,304,5797.0,5861.0
15542,ID00038,131.0,304,5864.0,5995.0
15543,ID00039,129.0,304,5864.0,5993.0
15544,ID00040,131.0,304,5864.0,5995.0
15545,ID00041,128.0,304,5864.0,5992.0
15546,ID00042,126.0,304,5864.0,5990.0
15547,ID00043,128.0,304,5864.0,5992.0
15548,ID00044,129.0,304,5864.0,5993.0
15549,ID00045,129.0,304,5864.0,5993.0
15550,ID00046,30.0,304,6037.0,6067.0
15551,ID00047,59.0,304,6070.0,6129.0
15552,ID00048,59.0,304,6781.0,6840.0
15553,ID00049,6.0,304,6854.0,6860.0
15554,finish,0.0,304,6862.0,6862.0
15555,entry,0.0,305,5400,5400.0
15556,ID00000,3.0,305,5474.0,5477.0
15557,ID00001,3.0,305,5427.0,5430.0
15558,ID00002,3.0,305,5553.0,5556.0
15559,ID00003,3.0,305,5553.0,5556.0
15560,ID00004,3.0,305,5553.0,5556.0
15561,ID00005,3.0,305,5553.0,5556.0
15562,ID00006,3.0,305,5553.0,5556.0
15563,ID00007,3.0,305,5460.0,5463.0
15564,ID00008,3.0,305,5460.0,5463.0
15565,ID00009,3.0,305,5460.0,5463.0
15566,ID00010,3.0,305,5460.0,5463.0
15567,ID00011,3.0,305,5460.0,5463.0
15568,ID00012,3.0,305,5572.0,5575.0
15569,ID00013,3.0,305,5570.0,5573.0
15570,ID00014,3.0,305,5572.0,5575.0
15571,ID00015,3.0,305,5572.0,5575.0
15572,ID00016,3.0,305,5572.0,5575.0
15573,ID00017,3.0,305,5469.0,5472.0
15574,ID00018,3.0,305,5469.0,5472.0
15575,ID00019,3.0,305,5469.0,5472.0
15576,ID00020,3.0,305,5469.0,5472.0
15577,ID00021,3.0,305,5469.0,5472.0
15578,ID00022,3.0,305,5581.0,5584.0
15579,ID00023,3.0,305,5578.0,5581.0
15580,ID00024,3.0,305,5580.0,5583.0
15581,ID00025,3.0,305,5585.0,5588.0
15582,ID00026,3.0,305,5581.0,5584.0
15583,ID00027,3.0,305,5474.0,5477.0
15584,ID00028,3.0,305,5474.0,5477.0
15585,ID00029,3.0,305,5474.0,5477.0
15586,ID00030,3.0,305,5474.0,5477.0
15587,ID00031,3.0,305,5475.0,5478.0
15588,ID00032,172.0,305,5586.0,5758.0
15589,ID00033,230.0,305,5583.0,5813.0
15590,ID00034,125.0,305,5585.0,5710.0
15591,ID00035,175.0,305,5591.0,5766.0
15592,ID00036,163.0,305,5586.0,5749.0
15593,ID00037,178.0,305,5478.0,5656.0
15594,ID00038,217.0,305,5478.0,5695.0
15595,ID00039,175.0,305,5478.0,5653.0
15596,ID00040,181.0,305,5478.0,5659.0
15597,ID00041,158.0,305,5479.0,5637.0
15598,ID00042,3.0,305,5815.0,5818.0
15599,ID00043,3.0,305,5696.0,5699.0
15600,ID00044,3.0,305,5826.0,5829.0
15601,ID00045,3.0,305,5840.0,5843.0
15602,ID00046,62.0,305,5844.0,5906.0
15603,finish,0.0,305,5907.0,5907.0
15604,entry,0.0,306,5400,5400.0
15605,ID00000,6.0,306,11387.0,11393.0
15606,ID00001,5.0,306,11358.0,11363.0
15607,ID00002,3417.0,306,6967.0,10384.0
15608,ID00003,542.0,306,10408.0,10950.0
15609,ID00004,27.0,306,10953.0,10980.0
15610,ID00005,627.0,306,10408.0,11035.0
15611,ID00006,22.0,306,11038.0,11060.0
15612,ID00007,382.0,306,10408.0,10790.0
15613,ID00008,20.0,306,10793.0,10813.0
15614,ID00009,449.0,306,10408.0,10857.0
15615,ID00010,27.0,306,10860.0,10887.0
15616,ID00011,453.0,306,10408.0,10861.0
15617,ID00012,27.0,306,10864.0,10891.0
15618,ID00013,757.0,306,10408.0,11165.0
15619,ID00014,28.0,306,11168.0,11196.0
15620,ID00015,598.0,306,10408.0,11006.0
15621,ID00016,12.0,306,11009.0,11021.0
15622,ID00017,445.0,306,10408.0,10853.0
15623,ID00018,10.0,306,10856.0,10866.0
15624,ID00019,947.0,306,10408.0,11355.0
15625,ID00020,26.0,306,11358.0,11384.0
15626,ID00021,688.0,306,10408.0,11096.0
15627,ID00022,25.0,306,11099.0,11124.0
15628,ID00023,2589.0,306,6975.0,9564.0
15629,ID00024,1086.0,306,9580.0,10666.0
15630,ID00025,15.0,306,10669.0,10684.0
15631,ID00026,669.0,306,9580.0,10249.0
15632,ID00027,21.0,306,10252.0,10273.0
15633,ID00028,784.0,306,9580.0,10364.0
15634,ID00029,21.0,306,10367.0,10388.0
15635,ID00030,937.0,306,9580.0,10517.0
15636,ID00031,11.0,306,10520.0,10531.0
15637,ID00032,541.0,306,9580.0,10121.0
15638,ID00033,22.0,306,10124.0,10146.0
15639,ID00034,518.0,306,9580.0,10098.0
15640,ID00035,20.0,306,10101.0,10121.0
15641,ID00036,1103.0,306,9580.0,10683.0
15642,ID00037,19.0,306,10686.0,10705.0
15643,ID00038,969.0,306,9580.0,10549.0
15644,ID00039,19.0,306,10552.0,10571.0
15645,ID00040,490.0,306,9580.0,10070.0
15646,ID00041,27.0,306,10073.0,10100.0
15647,ID00042,984.0,306,9580.0,10564.0
15648,ID00043,19.0,306,10567.0,10586.0
15649,ID00044,446.0,306,9580.0,10026.0
15650,ID00045,23.0,306,10029.0,10052.0
15651,ID00046,441.0,306,9580.0,10021.0
15652,ID00047,10.0,306,10024.0,10034.0
15653,ID00048,602.0,306,9580.0,10182.0
15654,ID00049,12.0,306,10185.0,10197.0
15655,finish,0.0,306,11394.0,11394.0
15656,entry,0.0,307,5400,5400.0
15657,ID00000,165.0,307,5423.0,5588.0
15658,ID00001,165.0,307,5423.0,5588.0
15659,ID00002,166.0,307,5423.0,5589.0
15660,ID00003,166.0,307,5423.0,5589.0
15661,ID00004,163.0,307,5423.0,5586.0
15662,ID00005,166.0,307,5423.0,5589.0
15663,ID00006,164.0,307,5423.0,5587.0
15664,ID00007,166.0,307,5423.0,5589.0
15665,ID00008,129.0,307,5630.0,5759.0
15666,ID00009,128.0,307,5631.0,5759.0
15667,ID00010,126.0,307,5630.0,5756.0
15668,ID00011,128.0,307,5631.0,5759.0
15669,ID00012,129.0,307,5630.0,5759.0
15670,ID00013,126.0,307,5631.0,5757.0
15671,ID00014,128.0,307,5631.0,5759.0
15672,ID00015,128.0,307,5631.0,5759.0
15673,ID00016,127.0,307,5631.0,5758.0
15674,ID00017,125.0,307,5631.0,5756.0
15675,ID00018,129.0,307,5631.0,5760.0
15676,ID00019,127.0,307,5631.0,5758.0
15677,ID00020,126.0,307,5631.0,5757.0
15678,ID00021,129.0,307,5631.0,5760.0
15679,ID00022,127.0,307,5631.0,5758.0
15680,ID00023,129.0,307,5631.0,5760.0
15681,ID00024,126.0,307,5628.0,5754.0
15682,ID00025,127.0,307,5631.0,5758.0
15683,ID00026,130.0,307,5631.0,5761.0
15684,ID00027,126.0,307,5631.0,5757.0
15685,ID00028,128.0,307,5631.0,5759.0
15686,ID00029,128.0,307,5630.0,5758.0
15687,ID00030,128.0,307,5631.0,5759.0
15688,ID00031,128.0,307,5631.0,5759.0
15689,ID00032,127.0,307,5631.0,5758.0
15690,ID00033,127.0,307,5631.0,5758.0
15691,ID00034,127.0,307,5631.0,5758.0
15692,ID00035,127.0,307,5631.0,5758.0
15693,ID00036,27.0,307,5767.0,5794.0
15694,ID00037,64.0,307,5797.0,5861.0
15695,ID00038,131.0,307,5864.0,5995.0
15696,ID00039,129.0,307,5864.0,5993.0
15697,ID00040,131.0,307,5864.0,5995.0
15698,ID00041,128.0,307,5864.0,5992.0
15699,ID00042,126.0,307,5864.0,5990.0
15700,ID00043,128.0,307,5864.0,5992.0
15701,ID00044,129.0,307,5864.0,5993.0
15702,ID00045,129.0,307,5864.0,5993.0
15703,ID00046,30.0,307,6037.0,6067.0
15704,ID00047,59.0,307,6070.0,6129.0
15705,ID00048,59.0,307,6781.0,6840.0
15706,ID00049,6.0,307,6854.0,6860.0
15707,finish,0.0,307,6862.0,6862.0
15708,entry,0.0,308,5400,5400.0
15709,ID00000,3.0,308,5408.0,5411.0
15710,ID00001,3.0,308,5404.0,5407.0
15711,ID00002,3.0,308,5404.0,5407.0
15712,ID00003,3.0,308,5404.0,5407.0
15713,ID00004,3.0,308,5404.0,5407.0
15714,ID00005,3.0,308,5404.0,5407.0
15715,ID00006,3.0,308,5404.0,5407.0
15716,ID00007,3.0,308,5404.0,5407.0
15717,ID00008,3.0,308,5404.0,5407.0
15718,ID00009,3.0,308,5404.0,5407.0
15719,ID00010,3.0,308,5404.0,5407.0
15720,ID00011,3.0,308,5404.0,5407.0
15721,ID00012,3.0,308,5404.0,5407.0
15722,ID00013,497.0,308,5402.0,5899.0
15723,ID00014,10.0,308,5402.0,5412.0
15724,ID00015,20.0,308,5403.0,5423.0
15725,ID00016,468.0,308,6304.0,6772.0
15726,ID00017,134.0,308,6775.0,6909.0
15727,ID00018,3.0,308,6923.0,6926.0
15728,ID00019,3.0,308,6923.0,6926.0
15729,ID00020,329.0,308,6923.0,7252.0
15730,ID00021,9.0,308,6927.0,6936.0
15731,ID00022,3.0,308,6923.0,6926.0
15732,ID00023,3.0,308,7260.0,7263.0
15733,ID00025,3.0,308,5408.0,5411.0
15734,ID00026,3.0,308,5404.0,5407.0
15735,ID00027,3.0,308,5404.0,5407.0
15736,ID00028,3.0,308,5404.0,5407.0
15737,ID00029,3.0,308,5404.0,5407.0
15738,ID00030,3.0,308,5404.0,5407.0
15739,ID00031,3.0,308,5404.0,5407.0
15740,ID00032,3.0,308,5404.0,5407.0
15741,ID00033,3.0,308,5404.0,5407.0
15742,ID00034,3.0,308,5404.0,5407.0
15743,ID00035,3.0,308,5404.0,5407.0
15744,ID00036,3.0,308,5404.0,5407.0
15745,ID00037,3.0,308,5404.0,5407.0
15746,ID00038,277.0,308,5402.0,5679.0
15747,ID00039,10.0,308,5402.0,5412.0
15748,ID00040,9.0,308,5403.0,5412.0
15749,ID00041,626.0,308,6308.0,6934.0
15750,ID00042,46.0,308,6937.0,6983.0
15751,ID00043,3.0,308,6997.0,7000.0
15752,ID00044,3.0,308,6997.0,7000.0
15753,ID00045,319.0,308,6997.0,7316.0
15754,ID00046,9.0,308,7001.0,7010.0
15755,ID00047,3.0,308,6997.0,7000.0
15756,ID00048,3.0,308,7324.0,7327.0
15757,finish,0.0,308,7335.0,7335.0
15758,entry,0.0,309,5400,5400.0
15759,ID00000,3.0,309,5408.0,5411.0
15760,ID00001,3.0,309,5404.0,5407.0
15761,ID00002,3.0,309,5404.0,5407.0
15762,ID00003,3.0,309,5404.0,5407.0
15763,ID00004,3.0,309,5404.0,5407.0
15764,ID00005,3.0,309,5404.0,5407.0
15765,ID00006,3.0,309,5404.0,5407.0
15766,ID00007,3.0,309,5404.0,5407.0
15767,ID00008,3.0,309,5404.0,5407.0
15768,ID00009,3.0,309,5404.0,5407.0
15769,ID00010,3.0,309,5404.0,5407.0
15770,ID00011,3.0,309,5404.0,5407.0
15771,ID00012,3.0,309,5404.0,5407.0
15772,ID00013,497.0,309,5402.0,5899.0
15773,ID00014,10.0,309,5402.0,5412.0
15774,ID00015,20.0,309,5403.0,5423.0
15775,ID00016,468.0,309,6304.0,6772.0
15776,ID00017,134.0,309,6775.0,6909.0
15777,ID00018,3.0,309,6923.0,6926.0
15778,ID00019,3.0,309,6923.0,6926.0
15779,ID00020,329.0,309,6923.0,7252.0
15780,ID00021,9.0,309,6927.0,6936.0
15781,ID00022,3.0,309,6923.0,6926.0
15782,ID00023,3.0,309,7260.0,7263.0
15783,ID00025,3.0,309,5408.0,5411.0
15784,ID00026,3.0,309,5404.0,5407.0
15785,ID00027,3.0,309,5404.0,5407.0
15786,ID00028,3.0,309,5404.0,5407.0
15787,ID00029,3.0,309,5404.0,5407.0
15788,ID00030,3.0,309,5404.0,5407.0
15789,ID00031,3.0,309,5404.0,5407.0
15790,ID00032,3.0,309,5404.0,5407.0
15791,ID00033,3.0,309,5404.0,5407.0
15792,ID00034,3.0,309,5404.0,5407.0
15793,ID00035,3.0,309,5404.0,5407.0
15794,ID00036,3.0,309,5404.0,5407.0
15795,ID00037,3.0,309,5404.0,5407.0
15796,ID00038,277.0,309,5402.0,5679.0
15797,ID00039,10.0,309,5402.0,5412.0
15798,ID00040,9.0,309,5403.0,5412.0
15799,ID00041,626.0,309,6308.0,6934.0
15800,ID00042,46.0,309,6937.0,6983.0
15801,ID00043,3.0,309,6997.0,7000.0
15802,ID00044,3.0,309,6997.0,7000.0
15803,ID00045,319.0,309,6997.0,7316.0
15804,ID00046,9.0,309,7001.0,7010.0
15805,ID00047,3.0,309,6997.0,7000.0
15806,ID00048,3.0,309,7324.0,7327.0
15807,finish,0.0,309,7335.0,7335.0
15808,entry,0.0,310,5400,5400.0
15809,ID00000,57.0,310,5686.0,5743.0
15810,ID00001,56.0,310,5686.0,5742.0
15811,ID00002,54.0,310,5686.0,5740.0
15812,ID00003,54.0,310,5686.0,5740.0
15813,ID00004,56.0,310,5685.0,5741.0
15814,ID00005,55.0,310,5686.0,5741.0
15815,ID00006,55.0,310,5686.0,5741.0
15816,ID00007,55.0,310,5686.0,5741.0
15817,ID00008,55.0,310,5686.0,5741.0
15818,ID00009,55.0,310,5686.0,5741.0
15819,ID00010,54.0,310,5686.0,5740.0
15820,ID00011,54.0,310,5686.0,5740.0
15821,ID00012,1768.0,310,5750.0,7518.0
15822,ID00013,1486.0,310,5750.0,7236.0
15823,ID00014,1667.0,310,5748.0,7415.0
15824,ID00015,1360.0,310,5747.0,7107.0
15825,ID00016,1286.0,310,5748.0,7034.0
15826,ID00017,1598.0,310,5748.0,7346.0
15827,ID00018,880.0,310,5748.0,6628.0
15828,ID00019,1746.0,310,5748.0,7494.0
15829,ID00020,988.0,310,5748.0,6736.0
15830,ID00021,1553.0,310,5748.0,7301.0
15831,ID00022,2027.0,310,5748.0,7775.0
15832,ID00023,1807.0,310,5747.0,7554.0
15833,ID00024,17.0,310,7778.0,7795.0
15834,ID00025,15.0,310,7798.0,7813.0
15835,ID00026,15.0,310,7798.0,7813.0
15836,ID00027,16.0,310,7798.0,7814.0
15837,ID00028,14.0,310,7798.0,7812.0
15838,ID00029,18.0,310,7798.0,7816.0
15839,ID00030,17.0,310,7798.0,7815.0
15840,ID00031,17.0,310,7798.0,7815.0
15841,ID00032,16.0,310,7798.0,7814.0
15842,ID00033,16.0,310,7798.0,7814.0
15843,ID00034,17.0,310,7798.0,7815.0
15844,ID00035,15.0,310,7798.0,7813.0
15845,ID00036,13.0,310,7798.0,7811.0
15846,ID00037,1607.0,310,7816.0,9423.0
15847,ID00038,1213.0,310,7816.0,9029.0
15848,ID00039,1186.0,310,7817.0,9003.0
15849,ID00040,1749.0,310,7815.0,9564.0
15850,ID00041,1473.0,310,7819.0,9292.0
15851,ID00042,1670.0,310,7818.0,9488.0
15852,ID00043,1139.0,310,7818.0,8957.0
15853,ID00044,1855.0,310,7817.0,9672.0
15854,ID00045,2015.0,310,7817.0,9832.0
15855,ID00046,2007.0,310,7818.0,9825.0
15856,ID00047,1767.0,310,7816.0,9583.0
15857,ID00048,911.0,310,7814.0,8725.0
15858,ID00049,16.0,310,9835.0,9851.0
15859,finish,0.0,310,9852.0,9852.0
15860,entry,0.0,311,5400,5400.0
15861,ID00000,57.0,311,5686.0,5743.0
15862,ID00001,56.0,311,5686.0,5742.0
15863,ID00002,54.0,311,5686.0,5740.0
15864,ID00003,54.0,311,5686.0,5740.0
15865,ID00004,56.0,311,5685.0,5741.0
15866,ID00005,55.0,311,5686.0,5741.0
15867,ID00006,55.0,311,5686.0,5741.0
15868,ID00007,55.0,311,5686.0,5741.0
15869,ID00008,55.0,311,5686.0,5741.0
15870,ID00009,55.0,311,5686.0,5741.0
15871,ID00010,54.0,311,5686.0,5740.0
15872,ID00011,54.0,311,5686.0,5740.0
15873,ID00012,1768.0,311,5750.0,7518.0
15874,ID00013,1486.0,311,5750.0,7236.0
15875,ID00014,1667.0,311,5748.0,7415.0
15876,ID00015,1360.0,311,5747.0,7107.0
15877,ID00016,1286.0,311,5748.0,7034.0
15878,ID00017,1598.0,311,5748.0,7346.0
15879,ID00018,880.0,311,5748.0,6628.0
15880,ID00019,1746.0,311,5748.0,7494.0
15881,ID00020,988.0,311,5748.0,6736.0
15882,ID00021,1553.0,311,5748.0,7301.0
15883,ID00022,2027.0,311,5748.0,7775.0
15884,ID00023,1807.0,311,5747.0,7554.0
15885,ID00024,17.0,311,7778.0,7795.0
15886,ID00025,15.0,311,7798.0,7813.0
15887,ID00026,15.0,311,7798.0,7813.0
15888,ID00027,16.0,311,7798.0,7814.0
15889,ID00028,14.0,311,7798.0,7812.0
15890,ID00029,18.0,311,7798.0,7816.0
15891,ID00030,17.0,311,7798.0,7815.0
15892,ID00031,17.0,311,7798.0,7815.0
15893,ID00032,16.0,311,7798.0,7814.0
15894,ID00033,16.0,311,7798.0,7814.0
15895,ID00034,17.0,311,7798.0,7815.0
15896,ID00035,15.0,311,7798.0,7813.0
15897,ID00036,13.0,311,7798.0,7811.0
15898,ID00037,1607.0,311,7816.0,9423.0
15899,ID00038,1213.0,311,7816.0,9029.0
15900,ID00039,1186.0,311,7817.0,9003.0
15901,ID00040,1749.0,311,7815.0,9564.0
15902,ID00041,1473.0,311,7819.0,9292.0
15903,ID00042,1670.0,311,7818.0,9488.0
15904,ID00043,1139.0,311,7818.0,8957.0
15905,ID00044,1855.0,311,7817.0,9672.0
15906,ID00045,2015.0,311,7817.0,9832.0
15907,ID00046,2007.0,311,7818.0,9825.0
15908,ID00047,1767.0,311,7816.0,9583.0
15909,ID00048,911.0,311,7814.0,8725.0
15910,ID00049,16.0,311,9835.0,9851.0
15911,finish,0.0,311,9852.0,9852.0
15912,entry,0.0,312,5400,5400.0
15913,ID00000,3.0,312,5474.0,5477.0
15914,ID00001,3.0,312,5427.0,5430.0
15915,ID00002,3.0,312,5553.0,5556.0
15916,ID00003,3.0,312,5553.0,5556.0
15917,ID00004,3.0,312,5553.0,5556.0
15918,ID00005,3.0,312,5553.0,5556.0
15919,ID00006,3.0,312,5553.0,5556.0
15920,ID00007,3.0,312,5460.0,5463.0
15921,ID00008,3.0,312,5460.0,5463.0
15922,ID00009,3.0,312,5460.0,5463.0
15923,ID00010,3.0,312,5460.0,5463.0
15924,ID00011,3.0,312,5460.0,5463.0
15925,ID00012,3.0,312,5572.0,5575.0
15926,ID00013,3.0,312,5570.0,5573.0
15927,ID00014,3.0,312,5572.0,5575.0
15928,ID00015,3.0,312,5572.0,5575.0
15929,ID00016,3.0,312,5572.0,5575.0
15930,ID00017,3.0,312,5469.0,5472.0
15931,ID00018,3.0,312,5469.0,5472.0
15932,ID00019,3.0,312,5469.0,5472.0
15933,ID00020,3.0,312,5469.0,5472.0
15934,ID00021,3.0,312,5469.0,5472.0
15935,ID00022,3.0,312,5581.0,5584.0
15936,ID00023,3.0,312,5578.0,5581.0
15937,ID00024,3.0,312,5580.0,5583.0
15938,ID00025,3.0,312,5585.0,5588.0
15939,ID00026,3.0,312,5581.0,5584.0
15940,ID00027,3.0,312,5474.0,5477.0
15941,ID00028,3.0,312,5474.0,5477.0
15942,ID00029,3.0,312,5474.0,5477.0
15943,ID00030,3.0,312,5474.0,5477.0
15944,ID00031,3.0,312,5475.0,5478.0
15945,ID00032,172.0,312,5586.0,5758.0
15946,ID00033,230.0,312,5583.0,5813.0
15947,ID00034,125.0,312,5585.0,5710.0
15948,ID00035,175.0,312,5591.0,5766.0
15949,ID00036,163.0,312,5586.0,5749.0
15950,ID00037,178.0,312,5478.0,5656.0
15951,ID00038,217.0,312,5478.0,5695.0
15952,ID00039,175.0,312,5478.0,5653.0
15953,ID00040,181.0,312,5478.0,5659.0
15954,ID00041,158.0,312,5479.0,5637.0
15955,ID00042,3.0,312,5815.0,5818.0
15956,ID00043,3.0,312,5696.0,5699.0
15957,ID00044,3.0,312,5826.0,5829.0
15958,ID00045,3.0,312,5840.0,5843.0
15959,ID00046,62.0,312,5844.0,5906.0
15960,finish,0.0,312,5907.0,5907.0
15961,entry,0.0,313,5400,5400.0
15962,ID00000,165.0,313,5423.0,5588.0
15963,ID00001,165.0,313,5423.0,5588.0
15964,ID00002,166.0,313,5423.0,5589.0
15965,ID00003,166.0,313,5423.0,5589.0
15966,ID00004,163.0,313,5423.0,5586.0
15967,ID00005,166.0,313,5423.0,5589.0
15968,ID00006,164.0,313,5423.0,5587.0
15969,ID00007,166.0,313,5423.0,5589.0
15970,ID00008,129.0,313,5630.0,5759.0
15971,ID00009,128.0,313,5631.0,5759.0
15972,ID00010,126.0,313,5630.0,5756.0
15973,ID00011,128.0,313,5631.0,5759.0
15974,ID00012,129.0,313,5630.0,5759.0
15975,ID00013,126.0,313,5631.0,5757.0
15976,ID00014,128.0,313,5631.0,5759.0
15977,ID00015,128.0,313,5631.0,5759.0
15978,ID00016,127.0,313,5631.0,5758.0
15979,ID00017,125.0,313,5631.0,5756.0
15980,ID00018,129.0,313,5631.0,5760.0
15981,ID00019,127.0,313,5631.0,5758.0
15982,ID00020,126.0,313,5631.0,5757.0
15983,ID00021,129.0,313,5631.0,5760.0
15984,ID00022,127.0,313,5631.0,5758.0
15985,ID00023,129.0,313,5631.0,5760.0
15986,ID00024,126.0,313,5628.0,5754.0
15987,ID00025,127.0,313,5631.0,5758.0
15988,ID00026,130.0,313,5631.0,5761.0
15989,ID00027,126.0,313,5631.0,5757.0
15990,ID00028,128.0,313,5631.0,5759.0
15991,ID00029,128.0,313,5630.0,5758.0
15992,ID00030,128.0,313,5631.0,5759.0
15993,ID00031,128.0,313,5631.0,5759.0
15994,ID00032,127.0,313,5631.0,5758.0
15995,ID00033,127.0,313,5631.0,5758.0
15996,ID00034,127.0,313,5631.0,5758.0
15997,ID00035,127.0,313,5631.0,5758.0
15998,ID00036,27.0,313,5767.0,5794.0
15999,ID00037,64.0,313,5797.0,5861.0
16000,ID00038,131.0,313,5864.0,5995.0
16001,ID00039,129.0,313,5864.0,5993.0
16002,ID00040,131.0,313,5864.0,5995.0
16003,ID00041,128.0,313,5864.0,5992.0
16004,ID00042,126.0,313,5864.0,5990.0
16005,ID00043,128.0,313,5864.0,5992.0
16006,ID00044,129.0,313,5864.0,5993.0
16007,ID00045,129.0,313,5864.0,5993.0
16008,ID00046,30.0,313,6037.0,6067.0
16009,ID00047,59.0,313,6070.0,6129.0
16010,ID00048,59.0,313,6781.0,6840.0
16011,ID00049,6.0,313,6854.0,6860.0
16012,finish,0.0,313,6862.0,6862.0
16013,entry,0.0,314,5400,5400.0
16014,ID00000,3.0,314,5474.0,5477.0
16015,ID00001,3.0,314,5427.0,5430.0
16016,ID00002,3.0,314,5553.0,5556.0
16017,ID00003,3.0,314,5553.0,5556.0
16018,ID00004,3.0,314,5553.0,5556.0
16019,ID00005,3.0,314,5553.0,5556.0
16020,ID00006,3.0,314,5553.0,5556.0
16021,ID00007,3.0,314,5460.0,5463.0
16022,ID00008,3.0,314,5460.0,5463.0
16023,ID00009,3.0,314,5460.0,5463.0
16024,ID00010,3.0,314,5460.0,5463.0
16025,ID00011,3.0,314,5460.0,5463.0
16026,ID00012,3.0,314,5572.0,5575.0
16027,ID00013,3.0,314,5570.0,5573.0
16028,ID00014,3.0,314,5572.0,5575.0
16029,ID00015,3.0,314,5572.0,5575.0
16030,ID00016,3.0,314,5572.0,5575.0
16031,ID00017,3.0,314,5469.0,5472.0
16032,ID00018,3.0,314,5469.0,5472.0
16033,ID00019,3.0,314,5469.0,5472.0
16034,ID00020,3.0,314,5469.0,5472.0
16035,ID00021,3.0,314,5469.0,5472.0
16036,ID00022,3.0,314,5581.0,5584.0
16037,ID00023,3.0,314,5578.0,5581.0
16038,ID00024,3.0,314,5580.0,5583.0
16039,ID00025,3.0,314,5585.0,5588.0
16040,ID00026,3.0,314,5581.0,5584.0
16041,ID00027,3.0,314,5474.0,5477.0
16042,ID00028,3.0,314,5474.0,5477.0
16043,ID00029,3.0,314,5474.0,5477.0
16044,ID00030,3.0,314,5474.0,5477.0
16045,ID00031,3.0,314,5475.0,5478.0
16046,ID00032,172.0,314,5586.0,5758.0
16047,ID00033,230.0,314,5583.0,5813.0
16048,ID00034,125.0,314,5585.0,5710.0
16049,ID00035,175.0,314,5591.0,5766.0
16050,ID00036,163.0,314,5586.0,5749.0
16051,ID00037,178.0,314,5478.0,5656.0
16052,ID00038,217.0,314,5478.0,5695.0
16053,ID00039,175.0,314,5478.0,5653.0
16054,ID00040,181.0,314,5478.0,5659.0
16055,ID00041,158.0,314,5479.0,5637.0
16056,ID00042,3.0,314,5815.0,5818.0
16057,ID00043,3.0,314,5696.0,5699.0
16058,ID00044,3.0,314,5826.0,5829.0
16059,ID00045,3.0,314,5840.0,5843.0
16060,ID00046,62.0,314,5844.0,5906.0
16061,finish,0.0,314,5907.0,5907.0
16062,entry,0.0,315,5400,5400.0
16063,ID00000,6.0,315,11387.0,11393.0
16064,ID00001,5.0,315,11358.0,11363.0
16065,ID00002,3417.0,315,6967.0,10384.0
16066,ID00003,542.0,315,10408.0,10950.0
16067,ID00004,27.0,315,10953.0,10980.0
16068,ID00005,627.0,315,10408.0,11035.0
16069,ID00006,22.0,315,11038.0,11060.0
16070,ID00007,382.0,315,10408.0,10790.0
16071,ID00008,20.0,315,10793.0,10813.0
16072,ID00009,449.0,315,10408.0,10857.0
16073,ID00010,27.0,315,10860.0,10887.0
16074,ID00011,453.0,315,10408.0,10861.0
16075,ID00012,27.0,315,10864.0,10891.0
16076,ID00013,757.0,315,10408.0,11165.0
16077,ID00014,28.0,315,11168.0,11196.0
16078,ID00015,598.0,315,10408.0,11006.0
16079,ID00016,12.0,315,11009.0,11021.0
16080,ID00017,445.0,315,10408.0,10853.0
16081,ID00018,10.0,315,10856.0,10866.0
16082,ID00019,947.0,315,10408.0,11355.0
16083,ID00020,26.0,315,11358.0,11384.0
16084,ID00021,688.0,315,10408.0,11096.0
16085,ID00022,25.0,315,11099.0,11124.0
16086,ID00023,2589.0,315,6975.0,9564.0
16087,ID00024,1086.0,315,9580.0,10666.0
16088,ID00025,15.0,315,10669.0,10684.0
16089,ID00026,669.0,315,9580.0,10249.0
16090,ID00027,21.0,315,10252.0,10273.0
16091,ID00028,784.0,315,9580.0,10364.0
16092,ID00029,21.0,315,10367.0,10388.0
16093,ID00030,937.0,315,9580.0,10517.0
16094,ID00031,11.0,315,10520.0,10531.0
16095,ID00032,541.0,315,9580.0,10121.0
16096,ID00033,22.0,315,10124.0,10146.0
16097,ID00034,518.0,315,9580.0,10098.0
16098,ID00035,20.0,315,10101.0,10121.0
16099,ID00036,1103.0,315,9580.0,10683.0
16100,ID00037,19.0,315,10686.0,10705.0
16101,ID00038,969.0,315,9580.0,10549.0
16102,ID00039,19.0,315,10552.0,10571.0
16103,ID00040,490.0,315,9580.0,10070.0
16104,ID00041,27.0,315,10073.0,10100.0
16105,ID00042,984.0,315,9580.0,10564.0
16106,ID00043,19.0,315,10567.0,10586.0
16107,ID00044,446.0,315,9580.0,10026.0
16108,ID00045,23.0,315,10029.0,10052.0
16109,ID00046,441.0,315,9580.0,10021.0
16110,ID00047,10.0,315,10024.0,10034.0
16111,ID00048,602.0,315,9580.0,10182.0
16112,ID00049,12.0,315,10185.0,10197.0
16113,finish,0.0,315,11394.0,11394.0
16114,entry,0.0,316,5400,5400.0
16115,ID00000,165.0,316,5423.0,5588.0
16116,ID00001,165.0,316,5423.0,5588.0
16117,ID00002,166.0,316,5423.0,5589.0
16118,ID00003,166.0,316,5423.0,5589.0
16119,ID00004,163.0,316,5423.0,5586.0
16120,ID00005,166.0,316,5423.0,5589.0
16121,ID00006,164.0,316,5423.0,5587.0
16122,ID00007,166.0,316,5423.0,5589.0
16123,ID00008,129.0,316,5630.0,5759.0
16124,ID00009,128.0,316,5631.0,5759.0
16125,ID00010,126.0,316,5630.0,5756.0
16126,ID00011,128.0,316,5631.0,5759.0
16127,ID00012,129.0,316,5630.0,5759.0
16128,ID00013,126.0,316,5631.0,5757.0
16129,ID00014,128.0,316,5631.0,5759.0
16130,ID00015,128.0,316,5631.0,5759.0
16131,ID00016,127.0,316,5631.0,5758.0
16132,ID00017,125.0,316,5631.0,5756.0
16133,ID00018,129.0,316,5631.0,5760.0
16134,ID00019,127.0,316,5631.0,5758.0
16135,ID00020,126.0,316,5631.0,5757.0
16136,ID00021,129.0,316,5631.0,5760.0
16137,ID00022,127.0,316,5631.0,5758.0
16138,ID00023,129.0,316,5631.0,5760.0
16139,ID00024,126.0,316,5628.0,5754.0
16140,ID00025,127.0,316,5631.0,5758.0
16141,ID00026,130.0,316,5631.0,5761.0
16142,ID00027,126.0,316,5631.0,5757.0
16143,ID00028,128.0,316,5631.0,5759.0
16144,ID00029,128.0,316,5630.0,5758.0
16145,ID00030,128.0,316,5631.0,5759.0
16146,ID00031,128.0,316,5631.0,5759.0
16147,ID00032,127.0,316,5631.0,5758.0
16148,ID00033,127.0,316,5631.0,5758.0
16149,ID00034,127.0,316,5631.0,5758.0
16150,ID00035,127.0,316,5631.0,5758.0
16151,ID00036,27.0,316,5767.0,5794.0
16152,ID00037,64.0,316,5797.0,5861.0
16153,ID00038,131.0,316,5864.0,5995.0
16154,ID00039,129.0,316,5864.0,5993.0
16155,ID00040,131.0,316,5864.0,5995.0
16156,ID00041,128.0,316,5864.0,5992.0
16157,ID00042,126.0,316,5864.0,5990.0
16158,ID00043,128.0,316,5864.0,5992.0
16159,ID00044,129.0,316,5864.0,5993.0
16160,ID00045,129.0,316,5864.0,5993.0
16161,ID00046,30.0,316,6037.0,6067.0
16162,ID00047,59.0,316,6070.0,6129.0
16163,ID00048,59.0,316,6781.0,6840.0
16164,ID00049,6.0,316,6854.0,6860.0
16165,finish,0.0,316,6862.0,6862.0
16166,entry,0.0,317,5400,5400.0
16167,ID00000,57.0,317,5686.0,5743.0
16168,ID00001,56.0,317,5686.0,5742.0
16169,ID00002,54.0,317,5686.0,5740.0
16170,ID00003,54.0,317,5686.0,5740.0
16171,ID00004,56.0,317,5685.0,5741.0
16172,ID00005,55.0,317,5686.0,5741.0
16173,ID00006,55.0,317,5686.0,5741.0
16174,ID00007,55.0,317,5686.0,5741.0
16175,ID00008,55.0,317,5686.0,5741.0
16176,ID00009,55.0,317,5686.0,5741.0
16177,ID00010,54.0,317,5686.0,5740.0
16178,ID00011,54.0,317,5686.0,5740.0
16179,ID00012,1768.0,317,5750.0,7518.0
16180,ID00013,1486.0,317,5750.0,7236.0
16181,ID00014,1667.0,317,5748.0,7415.0
16182,ID00015,1360.0,317,5747.0,7107.0
16183,ID00016,1286.0,317,5748.0,7034.0
16184,ID00017,1598.0,317,5748.0,7346.0
16185,ID00018,880.0,317,5748.0,6628.0
16186,ID00019,1746.0,317,5748.0,7494.0
16187,ID00020,988.0,317,5748.0,6736.0
16188,ID00021,1553.0,317,5748.0,7301.0
16189,ID00022,2027.0,317,5748.0,7775.0
16190,ID00023,1807.0,317,5747.0,7554.0
16191,ID00024,17.0,317,7778.0,7795.0
16192,ID00025,15.0,317,7798.0,7813.0
16193,ID00026,15.0,317,7798.0,7813.0
16194,ID00027,16.0,317,7798.0,7814.0
16195,ID00028,14.0,317,7798.0,7812.0
16196,ID00029,18.0,317,7798.0,7816.0
16197,ID00030,17.0,317,7798.0,7815.0
16198,ID00031,17.0,317,7798.0,7815.0
16199,ID00032,16.0,317,7798.0,7814.0
16200,ID00033,16.0,317,7798.0,7814.0
16201,ID00034,17.0,317,7798.0,7815.0
16202,ID00035,15.0,317,7798.0,7813.0
16203,ID00036,13.0,317,7798.0,7811.0
16204,ID00037,1607.0,317,7816.0,9423.0
16205,ID00038,1213.0,317,7816.0,9029.0
16206,ID00039,1186.0,317,7817.0,9003.0
16207,ID00040,1749.0,317,7815.0,9564.0
16208,ID00041,1473.0,317,7819.0,9292.0
16209,ID00042,1670.0,317,7818.0,9488.0
16210,ID00043,1139.0,317,7818.0,8957.0
16211,ID00044,1855.0,317,7817.0,9672.0
16212,ID00045,2015.0,317,7817.0,9832.0
16213,ID00046,2007.0,317,7818.0,9825.0
16214,ID00047,1767.0,317,7816.0,9583.0
16215,ID00048,911.0,317,7814.0,8725.0
16216,ID00049,16.0,317,9835.0,9851.0
16217,finish,0.0,317,9852.0,9852.0
16218,entry,0.0,318,5400,5400.0
16219,ID00000,3.0,318,5474.0,5477.0
16220,ID00001,3.0,318,5427.0,5430.0
16221,ID00002,3.0,318,5553.0,5556.0
16222,ID00003,3.0,318,5553.0,5556.0
16223,ID00004,3.0,318,5553.0,5556.0
16224,ID00005,3.0,318,5553.0,5556.0
16225,ID00006,3.0,318,5553.0,5556.0
16226,ID00007,3.0,318,5460.0,5463.0
16227,ID00008,3.0,318,5460.0,5463.0
16228,ID00009,3.0,318,5460.0,5463.0
16229,ID00010,3.0,318,5460.0,5463.0
16230,ID00011,3.0,318,5460.0,5463.0
16231,ID00012,3.0,318,5572.0,5575.0
16232,ID00013,3.0,318,5570.0,5573.0
16233,ID00014,3.0,318,5572.0,5575.0
16234,ID00015,3.0,318,5572.0,5575.0
16235,ID00016,3.0,318,5572.0,5575.0
16236,ID00017,3.0,318,5469.0,5472.0
16237,ID00018,3.0,318,5469.0,5472.0
16238,ID00019,3.0,318,5469.0,5472.0
16239,ID00020,3.0,318,5469.0,5472.0
16240,ID00021,3.0,318,5469.0,5472.0
16241,ID00022,3.0,318,5581.0,5584.0
16242,ID00023,3.0,318,5578.0,5581.0
16243,ID00024,3.0,318,5580.0,5583.0
16244,ID00025,3.0,318,5585.0,5588.0
16245,ID00026,3.0,318,5581.0,5584.0
16246,ID00027,3.0,318,5474.0,5477.0
16247,ID00028,3.0,318,5474.0,5477.0
16248,ID00029,3.0,318,5474.0,5477.0
16249,ID00030,3.0,318,5474.0,5477.0
16250,ID00031,3.0,318,5475.0,5478.0
16251,ID00032,172.0,318,5586.0,5758.0
16252,ID00033,230.0,318,5583.0,5813.0
16253,ID00034,125.0,318,5585.0,5710.0
16254,ID00035,175.0,318,5591.0,5766.0
16255,ID00036,163.0,318,5586.0,5749.0
16256,ID00037,178.0,318,5478.0,5656.0
16257,ID00038,217.0,318,5478.0,5695.0
16258,ID00039,175.0,318,5478.0,5653.0
16259,ID00040,181.0,318,5478.0,5659.0
16260,ID00041,158.0,318,5479.0,5637.0
16261,ID00042,3.0,318,5815.0,5818.0
16262,ID00043,3.0,318,5696.0,5699.0
16263,ID00044,3.0,318,5826.0,5829.0
16264,ID00045,3.0,318,5840.0,5843.0
16265,ID00046,62.0,318,5844.0,5906.0
16266,finish,0.0,318,5907.0,5907.0
16267,entry,0.0,319,5400,5400.0
16268,ID00000,6.0,319,11387.0,11393.0
16269,ID00001,5.0,319,11358.0,11363.0
16270,ID00002,3417.0,319,6967.0,10384.0
16271,ID00003,542.0,319,10408.0,10950.0
16272,ID00004,27.0,319,10953.0,10980.0
16273,ID00005,627.0,319,10408.0,11035.0
16274,ID00006,22.0,319,11038.0,11060.0
16275,ID00007,382.0,319,10408.0,10790.0
16276,ID00008,20.0,319,10793.0,10813.0
16277,ID00009,449.0,319,10408.0,10857.0
16278,ID00010,27.0,319,10860.0,10887.0
16279,ID00011,453.0,319,10408.0,10861.0
16280,ID00012,27.0,319,10864.0,10891.0
16281,ID00013,757.0,319,10408.0,11165.0
16282,ID00014,28.0,319,11168.0,11196.0
16283,ID00015,598.0,319,10408.0,11006.0
16284,ID00016,12.0,319,11009.0,11021.0
16285,ID00017,445.0,319,10408.0,10853.0
16286,ID00018,10.0,319,10856.0,10866.0
16287,ID00019,947.0,319,10408.0,11355.0
16288,ID00020,26.0,319,11358.0,11384.0
16289,ID00021,688.0,319,10408.0,11096.0
16290,ID00022,25.0,319,11099.0,11124.0
16291,ID00023,2589.0,319,6975.0,9564.0
16292,ID00024,1086.0,319,9580.0,10666.0
16293,ID00025,15.0,319,10669.0,10684.0
16294,ID00026,669.0,319,9580.0,10249.0
16295,ID00027,21.0,319,10252.0,10273.0
16296,ID00028,784.0,319,9580.0,10364.0
16297,ID00029,21.0,319,10367.0,10388.0
16298,ID00030,937.0,319,9580.0,10517.0
16299,ID00031,11.0,319,10520.0,10531.0
16300,ID00032,541.0,319,9580.0,10121.0
16301,ID00033,22.0,319,10124.0,10146.0
16302,ID00034,518.0,319,9580.0,10098.0
16303,ID00035,20.0,319,10101.0,10121.0
16304,ID00036,1103.0,319,9580.0,10683.0
16305,ID00037,19.0,319,10686.0,10705.0
16306,ID00038,969.0,319,9580.0,10549.0
16307,ID00039,19.0,319,10552.0,10571.0
16308,ID00040,490.0,319,9580.0,10070.0
16309,ID00041,27.0,319,10073.0,10100.0
16310,ID00042,984.0,319,9580.0,10564.0
16311,ID00043,19.0,319,10567.0,10586.0
16312,ID00044,446.0,319,9580.0,10026.0
16313,ID00045,23.0,319,10029.0,10052.0
16314,ID00046,441.0,319,9580.0,10021.0
16315,ID00047,10.0,319,10024.0,10034.0
16316,ID00048,602.0,319,9580.0,10182.0
16317,ID00049,12.0,319,10185.0,10197.0
16318,finish,0.0,319,11394.0,11394.0
16319,entry,0.0,320,5400,5400.0
16320,ID00000,57.0,320,5686.0,5743.0
16321,ID00001,56.0,320,5686.0,5742.0
16322,ID00002,54.0,320,5686.0,5740.0
16323,ID00003,54.0,320,5686.0,5740.0
16324,ID00004,56.0,320,5685.0,5741.0
16325,ID00005,55.0,320,5686.0,5741.0
16326,ID00006,55.0,320,5686.0,5741.0
16327,ID00007,55.0,320,5686.0,5741.0
16328,ID00008,55.0,320,5686.0,5741.0
16329,ID00009,55.0,320,5686.0,5741.0
16330,ID00010,54.0,320,5686.0,5740.0
16331,ID00011,54.0,320,5686.0,5740.0
16332,ID00012,1768.0,320,5750.0,7518.0
16333,ID00013,1486.0,320,5750.0,7236.0
16334,ID00014,1667.0,320,5748.0,7415.0
16335,ID00015,1360.0,320,5747.0,7107.0
16336,ID00016,1286.0,320,5748.0,7034.0
16337,ID00017,1598.0,320,5748.0,7346.0
16338,ID00018,880.0,320,5748.0,6628.0
16339,ID00019,1746.0,320,5748.0,7494.0
16340,ID00020,988.0,320,5748.0,6736.0
16341,ID00021,1553.0,320,5748.0,7301.0
16342,ID00022,2027.0,320,5748.0,7775.0
16343,ID00023,1807.0,320,5747.0,7554.0
16344,ID00024,17.0,320,7778.0,7795.0
16345,ID00025,15.0,320,7798.0,7813.0
16346,ID00026,15.0,320,7798.0,7813.0
16347,ID00027,16.0,320,7798.0,7814.0
16348,ID00028,14.0,320,7798.0,7812.0
16349,ID00029,18.0,320,7798.0,7816.0
16350,ID00030,17.0,320,7798.0,7815.0
16351,ID00031,17.0,320,7798.0,7815.0
16352,ID00032,16.0,320,7798.0,7814.0
16353,ID00033,16.0,320,7798.0,7814.0
16354,ID00034,17.0,320,7798.0,7815.0
16355,ID00035,15.0,320,7798.0,7813.0
16356,ID00036,13.0,320,7798.0,7811.0
16357,ID00037,1607.0,320,7816.0,9423.0
16358,ID00038,1213.0,320,7816.0,9029.0
16359,ID00039,1186.0,320,7817.0,9003.0
16360,ID00040,1749.0,320,7815.0,9564.0
16361,ID00041,1473.0,320,7819.0,9292.0
16362,ID00042,1670.0,320,7818.0,9488.0
16363,ID00043,1139.0,320,7818.0,8957.0
16364,ID00044,1855.0,320,7817.0,9672.0
16365,ID00045,2015.0,320,7817.0,9832.0
16366,ID00046,2007.0,320,7818.0,9825.0
16367,ID00047,1767.0,320,7816.0,9583.0
16368,ID00048,911.0,320,7814.0,8725.0
16369,ID00049,16.0,320,9835.0,9851.0
16370,finish,0.0,320,9852.0,9852.0
16371,entry,0.0,321,5400,5400.0
16372,ID00000,6.0,321,11387.0,11393.0
16373,ID00001,5.0,321,11358.0,11363.0
16374,ID00002,3417.0,321,6967.0,10384.0
16375,ID00003,542.0,321,10408.0,10950.0
16376,ID00004,27.0,321,10953.0,10980.0
16377,ID00005,627.0,321,10408.0,11035.0
16378,ID00006,22.0,321,11038.0,11060.0
16379,ID00007,382.0,321,10408.0,10790.0
16380,ID00008,20.0,321,10793.0,10813.0
16381,ID00009,449.0,321,10408.0,10857.0
16382,ID00010,27.0,321,10860.0,10887.0
16383,ID00011,453.0,321,10408.0,10861.0
16384,ID00012,27.0,321,10864.0,10891.0
16385,ID00013,757.0,321,10408.0,11165.0
16386,ID00014,28.0,321,11168.0,11196.0
16387,ID00015,598.0,321,10408.0,11006.0
16388,ID00016,12.0,321,11009.0,11021.0
16389,ID00017,445.0,321,10408.0,10853.0
16390,ID00018,10.0,321,10856.0,10866.0
16391,ID00019,947.0,321,10408.0,11355.0
16392,ID00020,26.0,321,11358.0,11384.0
16393,ID00021,688.0,321,10408.0,11096.0
16394,ID00022,25.0,321,11099.0,11124.0
16395,ID00023,2589.0,321,6975.0,9564.0
16396,ID00024,1086.0,321,9580.0,10666.0
16397,ID00025,15.0,321,10669.0,10684.0
16398,ID00026,669.0,321,9580.0,10249.0
16399,ID00027,21.0,321,10252.0,10273.0
16400,ID00028,784.0,321,9580.0,10364.0
16401,ID00029,21.0,321,10367.0,10388.0
16402,ID00030,937.0,321,9580.0,10517.0
16403,ID00031,11.0,321,10520.0,10531.0
16404,ID00032,541.0,321,9580.0,10121.0
16405,ID00033,22.0,321,10124.0,10146.0
16406,ID00034,518.0,321,9580.0,10098.0
16407,ID00035,20.0,321,10101.0,10121.0
16408,ID00036,1103.0,321,9580.0,10683.0
16409,ID00037,19.0,321,10686.0,10705.0
16410,ID00038,969.0,321,9580.0,10549.0
16411,ID00039,19.0,321,10552.0,10571.0
16412,ID00040,490.0,321,9580.0,10070.0
16413,ID00041,27.0,321,10073.0,10100.0
16414,ID00042,984.0,321,9580.0,10564.0
16415,ID00043,19.0,321,10567.0,10586.0
16416,ID00044,446.0,321,9580.0,10026.0
16417,ID00045,23.0,321,10029.0,10052.0
16418,ID00046,441.0,321,9580.0,10021.0
16419,ID00047,10.0,321,10024.0,10034.0
16420,ID00048,602.0,321,9580.0,10182.0
16421,ID00049,12.0,321,10185.0,10197.0
16422,finish,0.0,321,11394.0,11394.0
16423,entry,0.0,322,5400,5400.0
16424,ID00000,3.0,322,5474.0,5477.0
16425,ID00001,3.0,322,5427.0,5430.0
16426,ID00002,3.0,322,5553.0,5556.0
16427,ID00003,3.0,322,5553.0,5556.0
16428,ID00004,3.0,322,5553.0,5556.0
16429,ID00005,3.0,322,5553.0,5556.0
16430,ID00006,3.0,322,5553.0,5556.0
16431,ID00007,3.0,322,5460.0,5463.0
16432,ID00008,3.0,322,5460.0,5463.0
16433,ID00009,3.0,322,5460.0,5463.0
16434,ID00010,3.0,322,5460.0,5463.0
16435,ID00011,3.0,322,5460.0,5463.0
16436,ID00012,3.0,322,5572.0,5575.0
16437,ID00013,3.0,322,5570.0,5573.0
16438,ID00014,3.0,322,5572.0,5575.0
16439,ID00015,3.0,322,5572.0,5575.0
16440,ID00016,3.0,322,5572.0,5575.0
16441,ID00017,3.0,322,5469.0,5472.0
16442,ID00018,3.0,322,5469.0,5472.0
16443,ID00019,3.0,322,5469.0,5472.0
16444,ID00020,3.0,322,5469.0,5472.0
16445,ID00021,3.0,322,5469.0,5472.0
16446,ID00022,3.0,322,5581.0,5584.0
16447,ID00023,3.0,322,5578.0,5581.0
16448,ID00024,3.0,322,5580.0,5583.0
16449,ID00025,3.0,322,5585.0,5588.0
16450,ID00026,3.0,322,5581.0,5584.0
16451,ID00027,3.0,322,5474.0,5477.0
16452,ID00028,3.0,322,5474.0,5477.0
16453,ID00029,3.0,322,5474.0,5477.0
16454,ID00030,3.0,322,5474.0,5477.0
16455,ID00031,3.0,322,5475.0,5478.0
16456,ID00032,172.0,322,5586.0,5758.0
16457,ID00033,230.0,322,5583.0,5813.0
16458,ID00034,125.0,322,5585.0,5710.0
16459,ID00035,175.0,322,5591.0,5766.0
16460,ID00036,163.0,322,5586.0,5749.0
16461,ID00037,178.0,322,5478.0,5656.0
16462,ID00038,217.0,322,5478.0,5695.0
16463,ID00039,175.0,322,5478.0,5653.0
16464,ID00040,181.0,322,5478.0,5659.0
16465,ID00041,158.0,322,5479.0,5637.0
16466,ID00042,3.0,322,5815.0,5818.0
16467,ID00043,3.0,322,5696.0,5699.0
16468,ID00044,3.0,322,5826.0,5829.0
16469,ID00045,3.0,322,5840.0,5843.0
16470,ID00046,62.0,322,5844.0,5906.0
16471,finish,0.0,322,5907.0,5907.0
16472,entry,0.0,323,5400,5400.0
16473,ID00000,6.0,323,11387.0,11393.0
16474,ID00001,5.0,323,11358.0,11363.0
16475,ID00002,3417.0,323,6967.0,10384.0
16476,ID00003,542.0,323,10408.0,10950.0
16477,ID00004,27.0,323,10953.0,10980.0
16478,ID00005,627.0,323,10408.0,11035.0
16479,ID00006,22.0,323,11038.0,11060.0
16480,ID00007,382.0,323,10408.0,10790.0
16481,ID00008,20.0,323,10793.0,10813.0
16482,ID00009,449.0,323,10408.0,10857.0
16483,ID00010,27.0,323,10860.0,10887.0
16484,ID00011,453.0,323,10408.0,10861.0
16485,ID00012,27.0,323,10864.0,10891.0
16486,ID00013,757.0,323,10408.0,11165.0
16487,ID00014,28.0,323,11168.0,11196.0
16488,ID00015,598.0,323,10408.0,11006.0
16489,ID00016,12.0,323,11009.0,11021.0
16490,ID00017,445.0,323,10408.0,10853.0
16491,ID00018,10.0,323,10856.0,10866.0
16492,ID00019,947.0,323,10408.0,11355.0
16493,ID00020,26.0,323,11358.0,11384.0
16494,ID00021,688.0,323,10408.0,11096.0
16495,ID00022,25.0,323,11099.0,11124.0
16496,ID00023,2589.0,323,6975.0,9564.0
16497,ID00024,1086.0,323,9580.0,10666.0
16498,ID00025,15.0,323,10669.0,10684.0
16499,ID00026,669.0,323,9580.0,10249.0
16500,ID00027,21.0,323,10252.0,10273.0
16501,ID00028,784.0,323,9580.0,10364.0
16502,ID00029,21.0,323,10367.0,10388.0
16503,ID00030,937.0,323,9580.0,10517.0
16504,ID00031,11.0,323,10520.0,10531.0
16505,ID00032,541.0,323,9580.0,10121.0
16506,ID00033,22.0,323,10124.0,10146.0
16507,ID00034,518.0,323,9580.0,10098.0
16508,ID00035,20.0,323,10101.0,10121.0
16509,ID00036,1103.0,323,9580.0,10683.0
16510,ID00037,19.0,323,10686.0,10705.0
16511,ID00038,969.0,323,9580.0,10549.0
16512,ID00039,19.0,323,10552.0,10571.0
16513,ID00040,490.0,323,9580.0,10070.0
16514,ID00041,27.0,323,10073.0,10100.0
16515,ID00042,984.0,323,9580.0,10564.0
16516,ID00043,19.0,323,10567.0,10586.0
16517,ID00044,446.0,323,9580.0,10026.0
16518,ID00045,23.0,323,10029.0,10052.0
16519,ID00046,441.0,323,9580.0,10021.0
16520,ID00047,10.0,323,10024.0,10034.0
16521,ID00048,602.0,323,9580.0,10182.0
16522,ID00049,12.0,323,10185.0,10197.0
16523,finish,0.0,323,11394.0,11394.0
16524,entry,0.0,324,5400,5400.0
16525,ID00000,57.0,324,5686.0,5743.0
16526,ID00001,56.0,324,5686.0,5742.0
16527,ID00002,54.0,324,5686.0,5740.0
16528,ID00003,54.0,324,5686.0,5740.0
16529,ID00004,56.0,324,5685.0,5741.0
16530,ID00005,55.0,324,5686.0,5741.0
16531,ID00006,55.0,324,5686.0,5741.0
16532,ID00007,55.0,324,5686.0,5741.0
16533,ID00008,55.0,324,5686.0,5741.0
16534,ID00009,55.0,324,5686.0,5741.0
16535,ID00010,54.0,324,5686.0,5740.0
16536,ID00011,54.0,324,5686.0,5740.0
16537,ID00012,1768.0,324,5750.0,7518.0
16538,ID00013,1486.0,324,5750.0,7236.0
16539,ID00014,1667.0,324,5748.0,7415.0
16540,ID00015,1360.0,324,5747.0,7107.0
16541,ID00016,1286.0,324,5748.0,7034.0
16542,ID00017,1598.0,324,5748.0,7346.0
16543,ID00018,880.0,324,5748.0,6628.0
16544,ID00019,1746.0,324,5748.0,7494.0
16545,ID00020,988.0,324,5748.0,6736.0
16546,ID00021,1553.0,324,5748.0,7301.0
16547,ID00022,2027.0,324,5748.0,7775.0
16548,ID00023,1807.0,324,5747.0,7554.0
16549,ID00024,17.0,324,7778.0,7795.0
16550,ID00025,15.0,324,7798.0,7813.0
16551,ID00026,15.0,324,7798.0,7813.0
16552,ID00027,16.0,324,7798.0,7814.0
16553,ID00028,14.0,324,7798.0,7812.0
16554,ID00029,18.0,324,7798.0,7816.0
16555,ID00030,17.0,324,7798.0,7815.0
16556,ID00031,17.0,324,7798.0,7815.0
16557,ID00032,16.0,324,7798.0,7814.0
16558,ID00033,16.0,324,7798.0,7814.0
16559,ID00034,17.0,324,7798.0,7815.0
16560,ID00035,15.0,324,7798.0,7813.0
16561,ID00036,13.0,324,7798.0,7811.0
16562,ID00037,1607.0,324,7816.0,9423.0
16563,ID00038,1213.0,324,7816.0,9029.0
16564,ID00039,1186.0,324,7817.0,9003.0
16565,ID00040,1749.0,324,7815.0,9564.0
16566,ID00041,1473.0,324,7819.0,9292.0
16567,ID00042,1670.0,324,7818.0,9488.0
16568,ID00043,1139.0,324,7818.0,8957.0
16569,ID00044,1855.0,324,7817.0,9672.0
16570,ID00045,2015.0,324,7817.0,9832.0
16571,ID00046,2007.0,324,7818.0,9825.0
16572,ID00047,1767.0,324,7816.0,9583.0
16573,ID00048,911.0,324,7814.0,8725.0
16574,ID00049,16.0,324,9835.0,9851.0
16575,finish,0.0,324,9852.0,9852.0
16576,entry,0.0,325,5400,5400.0
16577,ID00000,3.0,325,5474.0,5477.0
16578,ID00001,3.0,325,5427.0,5430.0
16579,ID00002,3.0,325,5553.0,5556.0
16580,ID00003,3.0,325,5553.0,5556.0
16581,ID00004,3.0,325,5553.0,5556.0
16582,ID00005,3.0,325,5553.0,5556.0
16583,ID00006,3.0,325,5553.0,5556.0
16584,ID00007,3.0,325,5460.0,5463.0
16585,ID00008,3.0,325,5460.0,5463.0
16586,ID00009,3.0,325,5460.0,5463.0
16587,ID00010,3.0,325,5460.0,5463.0
16588,ID00011,3.0,325,5460.0,5463.0
16589,ID00012,3.0,325,5572.0,5575.0
16590,ID00013,3.0,325,5570.0,5573.0
16591,ID00014,3.0,325,5572.0,5575.0
16592,ID00015,3.0,325,5572.0,5575.0
16593,ID00016,3.0,325,5572.0,5575.0
16594,ID00017,3.0,325,5469.0,5472.0
16595,ID00018,3.0,325,5469.0,5472.0
16596,ID00019,3.0,325,5469.0,5472.0
16597,ID00020,3.0,325,5469.0,5472.0
16598,ID00021,3.0,325,5469.0,5472.0
16599,ID00022,3.0,325,5581.0,5584.0
16600,ID00023,3.0,325,5578.0,5581.0
16601,ID00024,3.0,325,5580.0,5583.0
16602,ID00025,3.0,325,5585.0,5588.0
16603,ID00026,3.0,325,5581.0,5584.0
16604,ID00027,3.0,325,5474.0,5477.0
16605,ID00028,3.0,325,5474.0,5477.0
16606,ID00029,3.0,325,5474.0,5477.0
16607,ID00030,3.0,325,5474.0,5477.0
16608,ID00031,3.0,325,5475.0,5478.0
16609,ID00032,172.0,325,5586.0,5758.0
16610,ID00033,230.0,325,5583.0,5813.0
16611,ID00034,125.0,325,5585.0,5710.0
16612,ID00035,175.0,325,5591.0,5766.0
16613,ID00036,163.0,325,5586.0,5749.0
16614,ID00037,178.0,325,5478.0,5656.0
16615,ID00038,217.0,325,5478.0,5695.0
16616,ID00039,175.0,325,5478.0,5653.0
16617,ID00040,181.0,325,5478.0,5659.0
16618,ID00041,158.0,325,5479.0,5637.0
16619,ID00042,3.0,325,5815.0,5818.0
16620,ID00043,3.0,325,5696.0,5699.0
16621,ID00044,3.0,325,5826.0,5829.0
16622,ID00045,3.0,325,5840.0,5843.0
16623,ID00046,62.0,325,5844.0,5906.0
16624,finish,0.0,325,5907.0,5907.0
16625,entry,0.0,326,5400,5400.0
16626,ID00000,3.0,326,5474.0,5477.0
16627,ID00001,3.0,326,5427.0,5430.0
16628,ID00002,3.0,326,5553.0,5556.0
16629,ID00003,3.0,326,5553.0,5556.0
16630,ID00004,3.0,326,5553.0,5556.0
16631,ID00005,3.0,326,5553.0,5556.0
16632,ID00006,3.0,326,5553.0,5556.0
16633,ID00007,3.0,326,5460.0,5463.0
16634,ID00008,3.0,326,5460.0,5463.0
16635,ID00009,3.0,326,5460.0,5463.0
16636,ID00010,3.0,326,5460.0,5463.0
16637,ID00011,3.0,326,5460.0,5463.0
16638,ID00012,3.0,326,5572.0,5575.0
16639,ID00013,3.0,326,5570.0,5573.0
16640,ID00014,3.0,326,5572.0,5575.0
16641,ID00015,3.0,326,5572.0,5575.0
16642,ID00016,3.0,326,5572.0,5575.0
16643,ID00017,3.0,326,5469.0,5472.0
16644,ID00018,3.0,326,5469.0,5472.0
16645,ID00019,3.0,326,5469.0,5472.0
16646,ID00020,3.0,326,5469.0,5472.0
16647,ID00021,3.0,326,5469.0,5472.0
16648,ID00022,3.0,326,5581.0,5584.0
16649,ID00023,3.0,326,5578.0,5581.0
16650,ID00024,3.0,326,5580.0,5583.0
16651,ID00025,3.0,326,5585.0,5588.0
16652,ID00026,3.0,326,5581.0,5584.0
16653,ID00027,3.0,326,5474.0,5477.0
16654,ID00028,3.0,326,5474.0,5477.0
16655,ID00029,3.0,326,5474.0,5477.0
16656,ID00030,3.0,326,5474.0,5477.0
16657,ID00031,3.0,326,5475.0,5478.0
16658,ID00032,172.0,326,5586.0,5758.0
16659,ID00033,230.0,326,5583.0,5813.0
16660,ID00034,125.0,326,5585.0,5710.0
16661,ID00035,175.0,326,5591.0,5766.0
16662,ID00036,163.0,326,5586.0,5749.0
16663,ID00037,178.0,326,5478.0,5656.0
16664,ID00038,217.0,326,5478.0,5695.0
16665,ID00039,175.0,326,5478.0,5653.0
16666,ID00040,181.0,326,5478.0,5659.0
16667,ID00041,158.0,326,5479.0,5637.0
16668,ID00042,3.0,326,5815.0,5818.0
16669,ID00043,3.0,326,5696.0,5699.0
16670,ID00044,3.0,326,5826.0,5829.0
16671,ID00045,3.0,326,5840.0,5843.0
16672,ID00046,62.0,326,5844.0,5906.0
16673,finish,0.0,326,5907.0,5907.0
16674,entry,0.0,327,5400,5400.0
16675,ID00000,57.0,327,5686.0,5743.0
16676,ID00001,56.0,327,5686.0,5742.0
16677,ID00002,54.0,327,5686.0,5740.0
16678,ID00003,54.0,327,5686.0,5740.0
16679,ID00004,56.0,327,5685.0,5741.0
16680,ID00005,55.0,327,5686.0,5741.0
16681,ID00006,55.0,327,5686.0,5741.0
16682,ID00007,55.0,327,5686.0,5741.0
16683,ID00008,55.0,327,5686.0,5741.0
16684,ID00009,55.0,327,5686.0,5741.0
16685,ID00010,54.0,327,5686.0,5740.0
16686,ID00011,54.0,327,5686.0,5740.0
16687,ID00012,1768.0,327,5750.0,7518.0
16688,ID00013,1486.0,327,5750.0,7236.0
16689,ID00014,1667.0,327,5748.0,7415.0
16690,ID00015,1360.0,327,5747.0,7107.0
16691,ID00016,1286.0,327,5748.0,7034.0
16692,ID00017,1598.0,327,5748.0,7346.0
16693,ID00018,880.0,327,5748.0,6628.0
16694,ID00019,1746.0,327,5748.0,7494.0
16695,ID00020,988.0,327,5748.0,6736.0
16696,ID00021,1553.0,327,5748.0,7301.0
16697,ID00022,2027.0,327,5748.0,7775.0
16698,ID00023,1807.0,327,5747.0,7554.0
16699,ID00024,17.0,327,7778.0,7795.0
16700,ID00025,15.0,327,7798.0,7813.0
16701,ID00026,15.0,327,7798.0,7813.0
16702,ID00027,16.0,327,7798.0,7814.0
16703,ID00028,14.0,327,7798.0,7812.0
16704,ID00029,18.0,327,7798.0,7816.0
16705,ID00030,17.0,327,7798.0,7815.0
16706,ID00031,17.0,327,7798.0,7815.0
16707,ID00032,16.0,327,7798.0,7814.0
16708,ID00033,16.0,327,7798.0,7814.0
16709,ID00034,17.0,327,7798.0,7815.0
16710,ID00035,15.0,327,7798.0,7813.0
16711,ID00036,13.0,327,7798.0,7811.0
16712,ID00037,1607.0,327,7816.0,9423.0
16713,ID00038,1213.0,327,7816.0,9029.0
16714,ID00039,1186.0,327,7817.0,9003.0
16715,ID00040,1749.0,327,7815.0,9564.0
16716,ID00041,1473.0,327,7819.0,9292.0
16717,ID00042,1670.0,327,7818.0,9488.0
16718,ID00043,1139.0,327,7818.0,8957.0
16719,ID00044,1855.0,327,7817.0,9672.0
16720,ID00045,2015.0,327,7817.0,9832.0
16721,ID00046,2007.0,327,7818.0,9825.0
16722,ID00047,1767.0,327,7816.0,9583.0
16723,ID00048,911.0,327,7814.0,8725.0
16724,ID00049,16.0,327,9835.0,9851.0
16725,finish,0.0,327,9852.0,9852.0
16726,entry,0.0,328,5400,5400.0
16727,ID00000,3.0,328,5408.0,5411.0
16728,ID00001,3.0,328,5404.0,5407.0
16729,ID00002,3.0,328,5404.0,5407.0
16730,ID00003,3.0,328,5404.0,5407.0
16731,ID00004,3.0,328,5404.0,5407.0
16732,ID00005,3.0,328,5404.0,5407.0
16733,ID00006,3.0,328,5404.0,5407.0
16734,ID00007,3.0,328,5404.0,5407.0
16735,ID00008,3.0,328,5404.0,5407.0
16736,ID00009,3.0,328,5404.0,5407.0
16737,ID00010,3.0,328,5404.0,5407.0
16738,ID00011,3.0,328,5404.0,5407.0
16739,ID00012,3.0,328,5404.0,5407.0
16740,ID00013,497.0,328,5402.0,5899.0
16741,ID00014,10.0,328,5402.0,5412.0
16742,ID00015,20.0,328,5403.0,5423.0
16743,ID00016,468.0,328,6304.0,6772.0
16744,ID00017,134.0,328,6775.0,6909.0
16745,ID00018,3.0,328,6923.0,6926.0
16746,ID00019,3.0,328,6923.0,6926.0
16747,ID00020,329.0,328,6923.0,7252.0
16748,ID00021,9.0,328,6927.0,6936.0
16749,ID00022,3.0,328,6923.0,6926.0
16750,ID00023,3.0,328,7260.0,7263.0
16751,ID00025,3.0,328,5408.0,5411.0
16752,ID00026,3.0,328,5404.0,5407.0
16753,ID00027,3.0,328,5404.0,5407.0
16754,ID00028,3.0,328,5404.0,5407.0
16755,ID00029,3.0,328,5404.0,5407.0
16756,ID00030,3.0,328,5404.0,5407.0
16757,ID00031,3.0,328,5404.0,5407.0
16758,ID00032,3.0,328,5404.0,5407.0
16759,ID00033,3.0,328,5404.0,5407.0
16760,ID00034,3.0,328,5404.0,5407.0
16761,ID00035,3.0,328,5404.0,5407.0
16762,ID00036,3.0,328,5404.0,5407.0
16763,ID00037,3.0,328,5404.0,5407.0
16764,ID00038,277.0,328,5402.0,5679.0
16765,ID00039,10.0,328,5402.0,5412.0
16766,ID00040,9.0,328,5403.0,5412.0
16767,ID00041,626.0,328,6308.0,6934.0
16768,ID00042,46.0,328,6937.0,6983.0
16769,ID00043,3.0,328,6997.0,7000.0
16770,ID00044,3.0,328,6997.0,7000.0
16771,ID00045,319.0,328,6997.0,7316.0
16772,ID00046,9.0,328,7001.0,7010.0
16773,ID00047,3.0,328,6997.0,7000.0
16774,ID00048,3.0,328,7324.0,7327.0
16775,finish,0.0,328,7335.0,7335.0
16776,entry,0.0,329,5400,5400.0
16777,ID00000,165.0,329,5423.0,5588.0
16778,ID00001,165.0,329,5423.0,5588.0
16779,ID00002,166.0,329,5423.0,5589.0
16780,ID00003,166.0,329,5423.0,5589.0
16781,ID00004,163.0,329,5423.0,5586.0
16782,ID00005,166.0,329,5423.0,5589.0
16783,ID00006,164.0,329,5423.0,5587.0
16784,ID00007,166.0,329,5423.0,5589.0
16785,ID00008,129.0,329,5630.0,5759.0
16786,ID00009,128.0,329,5631.0,5759.0
16787,ID00010,126.0,329,5630.0,5756.0
16788,ID00011,128.0,329,5631.0,5759.0
16789,ID00012,129.0,329,5630.0,5759.0
16790,ID00013,126.0,329,5631.0,5757.0
16791,ID00014,128.0,329,5631.0,5759.0
16792,ID00015,128.0,329,5631.0,5759.0
16793,ID00016,127.0,329,5631.0,5758.0
16794,ID00017,125.0,329,5631.0,5756.0
16795,ID00018,129.0,329,5631.0,5760.0
16796,ID00019,127.0,329,5631.0,5758.0
16797,ID00020,126.0,329,5631.0,5757.0
16798,ID00021,129.0,329,5631.0,5760.0
16799,ID00022,127.0,329,5631.0,5758.0
16800,ID00023,129.0,329,5631.0,5760.0
16801,ID00024,126.0,329,5628.0,5754.0
16802,ID00025,127.0,329,5631.0,5758.0
16803,ID00026,130.0,329,5631.0,5761.0
16804,ID00027,126.0,329,5631.0,5757.0
16805,ID00028,128.0,329,5631.0,5759.0
16806,ID00029,128.0,329,5630.0,5758.0
16807,ID00030,128.0,329,5631.0,5759.0
16808,ID00031,128.0,329,5631.0,5759.0
16809,ID00032,127.0,329,5631.0,5758.0
16810,ID00033,127.0,329,5631.0,5758.0
16811,ID00034,127.0,329,5631.0,5758.0
16812,ID00035,127.0,329,5631.0,5758.0
16813,ID00036,27.0,329,5767.0,5794.0
16814,ID00037,64.0,329,5797.0,5861.0
16815,ID00038,131.0,329,5864.0,5995.0
16816,ID00039,129.0,329,5864.0,5993.0
16817,ID00040,131.0,329,5864.0,5995.0
16818,ID00041,128.0,329,5864.0,5992.0
16819,ID00042,126.0,329,5864.0,5990.0
16820,ID00043,128.0,329,5864.0,5992.0
16821,ID00044,129.0,329,5864.0,5993.0
16822,ID00045,129.0,329,5864.0,5993.0
16823,ID00046,30.0,329,6037.0,6067.0
16824,ID00047,59.0,329,6070.0,6129.0
16825,ID00048,59.0,329,6781.0,6840.0
16826,ID00049,6.0,329,6854.0,6860.0
16827,finish,0.0,329,6862.0,6862.0
16828,entry,0.0,330,5400,5400.0
16829,ID00000,3.0,330,5474.0,5477.0
16830,ID00001,3.0,330,5427.0,5430.0
16831,ID00002,3.0,330,5553.0,5556.0
16832,ID00003,3.0,330,5553.0,5556.0
16833,ID00004,3.0,330,5553.0,5556.0
16834,ID00005,3.0,330,5553.0,5556.0
16835,ID00006,3.0,330,5553.0,5556.0
16836,ID00007,3.0,330,5460.0,5463.0
16837,ID00008,3.0,330,5460.0,5463.0
16838,ID00009,3.0,330,5460.0,5463.0
16839,ID00010,3.0,330,5460.0,5463.0
16840,ID00011,3.0,330,5460.0,5463.0
16841,ID00012,3.0,330,5572.0,5575.0
16842,ID00013,3.0,330,5570.0,5573.0
16843,ID00014,3.0,330,5572.0,5575.0
16844,ID00015,3.0,330,5572.0,5575.0
16845,ID00016,3.0,330,5572.0,5575.0
16846,ID00017,3.0,330,5469.0,5472.0
16847,ID00018,3.0,330,5469.0,5472.0
16848,ID00019,3.0,330,5469.0,5472.0
16849,ID00020,3.0,330,5469.0,5472.0
16850,ID00021,3.0,330,5469.0,5472.0
16851,ID00022,3.0,330,5581.0,5584.0
16852,ID00023,3.0,330,5578.0,5581.0
16853,ID00024,3.0,330,5580.0,5583.0
16854,ID00025,3.0,330,5585.0,5588.0
16855,ID00026,3.0,330,5581.0,5584.0
16856,ID00027,3.0,330,5474.0,5477.0
16857,ID00028,3.0,330,5474.0,5477.0
16858,ID00029,3.0,330,5474.0,5477.0
16859,ID00030,3.0,330,5474.0,5477.0
16860,ID00031,3.0,330,5475.0,5478.0
16861,ID00032,172.0,330,5586.0,5758.0
16862,ID00033,230.0,330,5583.0,5813.0
16863,ID00034,125.0,330,5585.0,5710.0
16864,ID00035,175.0,330,5591.0,5766.0
16865,ID00036,163.0,330,5586.0,5749.0
16866,ID00037,178.0,330,5478.0,5656.0
16867,ID00038,217.0,330,5478.0,5695.0
16868,ID00039,175.0,330,5478.0,5653.0
16869,ID00040,181.0,330,5478.0,5659.0
16870,ID00041,158.0,330,5479.0,5637.0
16871,ID00042,3.0,330,5815.0,5818.0
16872,ID00043,3.0,330,5696.0,5699.0
16873,ID00044,3.0,330,5826.0,5829.0
16874,ID00045,3.0,330,5840.0,5843.0
16875,ID00046,62.0,330,5844.0,5906.0
16876,finish,0.0,330,5907.0,5907.0
16877,entry,0.0,331,5400,5400.0
16878,ID00000,6.0,331,11387.0,11393.0
16879,ID00001,5.0,331,11358.0,11363.0
16880,ID00002,3417.0,331,6967.0,10384.0
16881,ID00003,542.0,331,10408.0,10950.0
16882,ID00004,27.0,331,10953.0,10980.0
16883,ID00005,627.0,331,10408.0,11035.0
16884,ID00006,22.0,331,11038.0,11060.0
16885,ID00007,382.0,331,10408.0,10790.0
16886,ID00008,20.0,331,10793.0,10813.0
16887,ID00009,449.0,331,10408.0,10857.0
16888,ID00010,27.0,331,10860.0,10887.0
16889,ID00011,453.0,331,10408.0,10861.0
16890,ID00012,27.0,331,10864.0,10891.0
16891,ID00013,757.0,331,10408.0,11165.0
16892,ID00014,28.0,331,11168.0,11196.0
16893,ID00015,598.0,331,10408.0,11006.0
16894,ID00016,12.0,331,11009.0,11021.0
16895,ID00017,445.0,331,10408.0,10853.0
16896,ID00018,10.0,331,10856.0,10866.0
16897,ID00019,947.0,331,10408.0,11355.0
16898,ID00020,26.0,331,11358.0,11384.0
16899,ID00021,688.0,331,10408.0,11096.0
16900,ID00022,25.0,331,11099.0,11124.0
16901,ID00023,2589.0,331,6975.0,9564.0
16902,ID00024,1086.0,331,9580.0,10666.0
16903,ID00025,15.0,331,10669.0,10684.0
16904,ID00026,669.0,331,9580.0,10249.0
16905,ID00027,21.0,331,10252.0,10273.0
16906,ID00028,784.0,331,9580.0,10364.0
16907,ID00029,21.0,331,10367.0,10388.0
16908,ID00030,937.0,331,9580.0,10517.0
16909,ID00031,11.0,331,10520.0,10531.0
16910,ID00032,541.0,331,9580.0,10121.0
16911,ID00033,22.0,331,10124.0,10146.0
16912,ID00034,518.0,331,9580.0,10098.0
16913,ID00035,20.0,331,10101.0,10121.0
16914,ID00036,1103.0,331,9580.0,10683.0
16915,ID00037,19.0,331,10686.0,10705.0
16916,ID00038,969.0,331,9580.0,10549.0
16917,ID00039,19.0,331,10552.0,10571.0
16918,ID00040,490.0,331,9580.0,10070.0
16919,ID00041,27.0,331,10073.0,10100.0
16920,ID00042,984.0,331,9580.0,10564.0
16921,ID00043,19.0,331,10567.0,10586.0
16922,ID00044,446.0,331,9580.0,10026.0
16923,ID00045,23.0,331,10029.0,10052.0
16924,ID00046,441.0,331,9580.0,10021.0
16925,ID00047,10.0,331,10024.0,10034.0
16926,ID00048,602.0,331,9580.0,10182.0
16927,ID00049,12.0,331,10185.0,10197.0
16928,finish,0.0,331,11394.0,11394.0
16929,entry,0.0,332,5400,5400.0
16930,ID00000,3.0,332,5474.0,5477.0
16931,ID00001,3.0,332,5427.0,5430.0
16932,ID00002,3.0,332,5553.0,5556.0
16933,ID00003,3.0,332,5553.0,5556.0
16934,ID00004,3.0,332,5553.0,5556.0
16935,ID00005,3.0,332,5553.0,5556.0
16936,ID00006,3.0,332,5553.0,5556.0
16937,ID00007,3.0,332,5460.0,5463.0
16938,ID00008,3.0,332,5460.0,5463.0
16939,ID00009,3.0,332,5460.0,5463.0
16940,ID00010,3.0,332,5460.0,5463.0
16941,ID00011,3.0,332,5460.0,5463.0
16942,ID00012,3.0,332,5572.0,5575.0
16943,ID00013,3.0,332,5570.0,5573.0
16944,ID00014,3.0,332,5572.0,5575.0
16945,ID00015,3.0,332,5572.0,5575.0
16946,ID00016,3.0,332,5572.0,5575.0
16947,ID00017,3.0,332,5469.0,5472.0
16948,ID00018,3.0,332,5469.0,5472.0
16949,ID00019,3.0,332,5469.0,5472.0
16950,ID00020,3.0,332,5469.0,5472.0
16951,ID00021,3.0,332,5469.0,5472.0
16952,ID00022,3.0,332,5581.0,5584.0
16953,ID00023,3.0,332,5578.0,5581.0
16954,ID00024,3.0,332,5580.0,5583.0
16955,ID00025,3.0,332,5585.0,5588.0
16956,ID00026,3.0,332,5581.0,5584.0
16957,ID00027,3.0,332,5474.0,5477.0
16958,ID00028,3.0,332,5474.0,5477.0
16959,ID00029,3.0,332,5474.0,5477.0
16960,ID00030,3.0,332,5474.0,5477.0
16961,ID00031,3.0,332,5475.0,5478.0
16962,ID00032,172.0,332,5586.0,5758.0
16963,ID00033,230.0,332,5583.0,5813.0
16964,ID00034,125.0,332,5585.0,5710.0
16965,ID00035,175.0,332,5591.0,5766.0
16966,ID00036,163.0,332,5586.0,5749.0
16967,ID00037,178.0,332,5478.0,5656.0
16968,ID00038,217.0,332,5478.0,5695.0
16969,ID00039,175.0,332,5478.0,5653.0
16970,ID00040,181.0,332,5478.0,5659.0
16971,ID00041,158.0,332,5479.0,5637.0
16972,ID00042,3.0,332,5815.0,5818.0
16973,ID00043,3.0,332,5696.0,5699.0
16974,ID00044,3.0,332,5826.0,5829.0
16975,ID00045,3.0,332,5840.0,5843.0
16976,ID00046,62.0,332,5844.0,5906.0
16977,finish,0.0,332,5907.0,5907.0
16978,entry,0.0,333,5400,5400.0
16979,ID00000,3.0,333,5474.0,5477.0
16980,ID00001,3.0,333,5427.0,5430.0
16981,ID00002,3.0,333,5553.0,5556.0
16982,ID00003,3.0,333,5553.0,5556.0
16983,ID00004,3.0,333,5553.0,5556.0
16984,ID00005,3.0,333,5553.0,5556.0
16985,ID00006,3.0,333,5553.0,5556.0
16986,ID00007,3.0,333,5460.0,5463.0
16987,ID00008,3.0,333,5460.0,5463.0
16988,ID00009,3.0,333,5460.0,5463.0
16989,ID00010,3.0,333,5460.0,5463.0
16990,ID00011,3.0,333,5460.0,5463.0
16991,ID00012,3.0,333,5572.0,5575.0
16992,ID00013,3.0,333,5570.0,5573.0
16993,ID00014,3.0,333,5572.0,5575.0
16994,ID00015,3.0,333,5572.0,5575.0
16995,ID00016,3.0,333,5572.0,5575.0
16996,ID00017,3.0,333,5469.0,5472.0
16997,ID00018,3.0,333,5469.0,5472.0
16998,ID00019,3.0,333,5469.0,5472.0
16999,ID00020,3.0,333,5469.0,5472.0
17000,ID00021,3.0,333,5469.0,5472.0
17001,ID00022,3.0,333,5581.0,5584.0
17002,ID00023,3.0,333,5578.0,5581.0
17003,ID00024,3.0,333,5580.0,5583.0
17004,ID00025,3.0,333,5585.0,5588.0
17005,ID00026,3.0,333,5581.0,5584.0
17006,ID00027,3.0,333,5474.0,5477.0
17007,ID00028,3.0,333,5474.0,5477.0
17008,ID00029,3.0,333,5474.0,5477.0
17009,ID00030,3.0,333,5474.0,5477.0
17010,ID00031,3.0,333,5475.0,5478.0
17011,ID00032,172.0,333,5586.0,5758.0
17012,ID00033,230.0,333,5583.0,5813.0
17013,ID00034,125.0,333,5585.0,5710.0
17014,ID00035,175.0,333,5591.0,5766.0
17015,ID00036,163.0,333,5586.0,5749.0
17016,ID00037,178.0,333,5478.0,5656.0
17017,ID00038,217.0,333,5478.0,5695.0
17018,ID00039,175.0,333,5478.0,5653.0
17019,ID00040,181.0,333,5478.0,5659.0
17020,ID00041,158.0,333,5479.0,5637.0
17021,ID00042,3.0,333,5815.0,5818.0
17022,ID00043,3.0,333,5696.0,5699.0
17023,ID00044,3.0,333,5826.0,5829.0
17024,ID00045,3.0,333,5840.0,5843.0
17025,ID00046,62.0,333,5844.0,5906.0
17026,finish,0.0,333,5907.0,5907.0
17027,entry,0.0,334,5400,5400.0
17028,ID00000,3.0,334,5474.0,5477.0
17029,ID00001,3.0,334,5427.0,5430.0
17030,ID00002,3.0,334,5553.0,5556.0
17031,ID00003,3.0,334,5553.0,5556.0
17032,ID00004,3.0,334,5553.0,5556.0
17033,ID00005,3.0,334,5553.0,5556.0
17034,ID00006,3.0,334,5553.0,5556.0
17035,ID00007,3.0,334,5460.0,5463.0
17036,ID00008,3.0,334,5460.0,5463.0
17037,ID00009,3.0,334,5460.0,5463.0
17038,ID00010,3.0,334,5460.0,5463.0
17039,ID00011,3.0,334,5460.0,5463.0
17040,ID00012,3.0,334,5572.0,5575.0
17041,ID00013,3.0,334,5570.0,5573.0
17042,ID00014,3.0,334,5572.0,5575.0
17043,ID00015,3.0,334,5572.0,5575.0
17044,ID00016,3.0,334,5572.0,5575.0
17045,ID00017,3.0,334,5469.0,5472.0
17046,ID00018,3.0,334,5469.0,5472.0
17047,ID00019,3.0,334,5469.0,5472.0
17048,ID00020,3.0,334,5469.0,5472.0
17049,ID00021,3.0,334,5469.0,5472.0
17050,ID00022,3.0,334,5581.0,5584.0
17051,ID00023,3.0,334,5578.0,5581.0
17052,ID00024,3.0,334,5580.0,5583.0
17053,ID00025,3.0,334,5585.0,5588.0
17054,ID00026,3.0,334,5581.0,5584.0
17055,ID00027,3.0,334,5474.0,5477.0
17056,ID00028,3.0,334,5474.0,5477.0
17057,ID00029,3.0,334,5474.0,5477.0
17058,ID00030,3.0,334,5474.0,5477.0
17059,ID00031,3.0,334,5475.0,5478.0
17060,ID00032,172.0,334,5586.0,5758.0
17061,ID00033,230.0,334,5583.0,5813.0
17062,ID00034,125.0,334,5585.0,5710.0
17063,ID00035,175.0,334,5591.0,5766.0
17064,ID00036,163.0,334,5586.0,5749.0
17065,ID00037,178.0,334,5478.0,5656.0
17066,ID00038,217.0,334,5478.0,5695.0
17067,ID00039,175.0,334,5478.0,5653.0
17068,ID00040,181.0,334,5478.0,5659.0
17069,ID00041,158.0,334,5479.0,5637.0
17070,ID00042,3.0,334,5815.0,5818.0
17071,ID00043,3.0,334,5696.0,5699.0
17072,ID00044,3.0,334,5826.0,5829.0
17073,ID00045,3.0,334,5840.0,5843.0
17074,ID00046,62.0,334,5844.0,5906.0
17075,finish,0.0,334,5907.0,5907.0
17076,entry,0.0,335,5400,5400.0
17077,ID00000,165.0,335,5423.0,5588.0
17078,ID00001,165.0,335,5423.0,5588.0
17079,ID00002,166.0,335,5423.0,5589.0
17080,ID00003,166.0,335,5423.0,5589.0
17081,ID00004,163.0,335,5423.0,5586.0
17082,ID00005,166.0,335,5423.0,5589.0
17083,ID00006,164.0,335,5423.0,5587.0
17084,ID00007,166.0,335,5423.0,5589.0
17085,ID00008,129.0,335,5630.0,5759.0
17086,ID00009,128.0,335,5631.0,5759.0
17087,ID00010,126.0,335,5630.0,5756.0
17088,ID00011,128.0,335,5631.0,5759.0
17089,ID00012,129.0,335,5630.0,5759.0
17090,ID00013,126.0,335,5631.0,5757.0
17091,ID00014,128.0,335,5631.0,5759.0
17092,ID00015,128.0,335,5631.0,5759.0
17093,ID00016,127.0,335,5631.0,5758.0
17094,ID00017,125.0,335,5631.0,5756.0
17095,ID00018,129.0,335,5631.0,5760.0
17096,ID00019,127.0,335,5631.0,5758.0
17097,ID00020,126.0,335,5631.0,5757.0
17098,ID00021,129.0,335,5631.0,5760.0
17099,ID00022,127.0,335,5631.0,5758.0
17100,ID00023,129.0,335,5631.0,5760.0
17101,ID00024,126.0,335,5628.0,5754.0
17102,ID00025,127.0,335,5631.0,5758.0
17103,ID00026,130.0,335,5631.0,5761.0
17104,ID00027,126.0,335,5631.0,5757.0
17105,ID00028,128.0,335,5631.0,5759.0
17106,ID00029,128.0,335,5630.0,5758.0
17107,ID00030,128.0,335,5631.0,5759.0
17108,ID00031,128.0,335,5631.0,5759.0
17109,ID00032,127.0,335,5631.0,5758.0
17110,ID00033,127.0,335,5631.0,5758.0
17111,ID00034,127.0,335,5631.0,5758.0
17112,ID00035,127.0,335,5631.0,5758.0
17113,ID00036,27.0,335,5767.0,5794.0
17114,ID00037,64.0,335,5797.0,5861.0
17115,ID00038,131.0,335,5864.0,5995.0
17116,ID00039,129.0,335,5864.0,5993.0
17117,ID00040,131.0,335,5864.0,5995.0
17118,ID00041,128.0,335,5864.0,5992.0
17119,ID00042,126.0,335,5864.0,5990.0
17120,ID00043,128.0,335,5864.0,5992.0
17121,ID00044,129.0,335,5864.0,5993.0
17122,ID00045,129.0,335,5864.0,5993.0
17123,ID00046,30.0,335,6037.0,6067.0
17124,ID00047,59.0,335,6070.0,6129.0
17125,ID00048,59.0,335,6781.0,6840.0
17126,ID00049,6.0,335,6854.0,6860.0
17127,finish,0.0,335,6862.0,6862.0
17128,entry,0.0,336,5400,5400.0
17129,ID00000,165.0,336,5423.0,5588.0
17130,ID00001,165.0,336,5423.0,5588.0
17131,ID00002,166.0,336,5423.0,5589.0
17132,ID00003,166.0,336,5423.0,5589.0
17133,ID00004,163.0,336,5423.0,5586.0
17134,ID00005,166.0,336,5423.0,5589.0
17135,ID00006,164.0,336,5423.0,5587.0
17136,ID00007,166.0,336,5423.0,5589.0
17137,ID00008,129.0,336,5630.0,5759.0
17138,ID00009,128.0,336,5631.0,5759.0
17139,ID00010,126.0,336,5630.0,5756.0
17140,ID00011,128.0,336,5631.0,5759.0
17141,ID00012,129.0,336,5630.0,5759.0
17142,ID00013,126.0,336,5631.0,5757.0
17143,ID00014,128.0,336,5631.0,5759.0
17144,ID00015,128.0,336,5631.0,5759.0
17145,ID00016,127.0,336,5631.0,5758.0
17146,ID00017,125.0,336,5631.0,5756.0
17147,ID00018,129.0,336,5631.0,5760.0
17148,ID00019,127.0,336,5631.0,5758.0
17149,ID00020,126.0,336,5631.0,5757.0
17150,ID00021,129.0,336,5631.0,5760.0
17151,ID00022,127.0,336,5631.0,5758.0
17152,ID00023,129.0,336,5631.0,5760.0
17153,ID00024,126.0,336,5628.0,5754.0
17154,ID00025,127.0,336,5631.0,5758.0
17155,ID00026,130.0,336,5631.0,5761.0
17156,ID00027,126.0,336,5631.0,5757.0
17157,ID00028,128.0,336,5631.0,5759.0
17158,ID00029,128.0,336,5630.0,5758.0
17159,ID00030,128.0,336,5631.0,5759.0
17160,ID00031,128.0,336,5631.0,5759.0
17161,ID00032,127.0,336,5631.0,5758.0
17162,ID00033,127.0,336,5631.0,5758.0
17163,ID00034,127.0,336,5631.0,5758.0
17164,ID00035,127.0,336,5631.0,5758.0
17165,ID00036,27.0,336,5767.0,5794.0
17166,ID00037,64.0,336,5797.0,5861.0
17167,ID00038,131.0,336,5864.0,5995.0
17168,ID00039,129.0,336,5864.0,5993.0
17169,ID00040,131.0,336,5864.0,5995.0
17170,ID00041,128.0,336,5864.0,5992.0
17171,ID00042,126.0,336,5864.0,5990.0
17172,ID00043,128.0,336,5864.0,5992.0
17173,ID00044,129.0,336,5864.0,5993.0
17174,ID00045,129.0,336,5864.0,5993.0
17175,ID00046,30.0,336,6037.0,6067.0
17176,ID00047,59.0,336,6070.0,6129.0
17177,ID00048,59.0,336,6781.0,6840.0
17178,ID00049,6.0,336,6854.0,6860.0
17179,finish,0.0,336,6862.0,6862.0
17180,entry,0.0,337,5400,5400.0
17181,ID00000,165.0,337,5423.0,5588.0
17182,ID00001,165.0,337,5423.0,5588.0
17183,ID00002,166.0,337,5423.0,5589.0
17184,ID00003,166.0,337,5423.0,5589.0
17185,ID00004,163.0,337,5423.0,5586.0
17186,ID00005,166.0,337,5423.0,5589.0
17187,ID00006,164.0,337,5423.0,5587.0
17188,ID00007,166.0,337,5423.0,5589.0
17189,ID00008,129.0,337,5630.0,5759.0
17190,ID00009,128.0,337,5631.0,5759.0
17191,ID00010,126.0,337,5630.0,5756.0
17192,ID00011,128.0,337,5631.0,5759.0
17193,ID00012,129.0,337,5630.0,5759.0
17194,ID00013,126.0,337,5631.0,5757.0
17195,ID00014,128.0,337,5631.0,5759.0
17196,ID00015,128.0,337,5631.0,5759.0
17197,ID00016,127.0,337,5631.0,5758.0
17198,ID00017,125.0,337,5631.0,5756.0
17199,ID00018,129.0,337,5631.0,5760.0
17200,ID00019,127.0,337,5631.0,5758.0
17201,ID00020,126.0,337,5631.0,5757.0
17202,ID00021,129.0,337,5631.0,5760.0
17203,ID00022,127.0,337,5631.0,5758.0
17204,ID00023,129.0,337,5631.0,5760.0
17205,ID00024,126.0,337,5628.0,5754.0
17206,ID00025,127.0,337,5631.0,5758.0
17207,ID00026,130.0,337,5631.0,5761.0
17208,ID00027,126.0,337,5631.0,5757.0
17209,ID00028,128.0,337,5631.0,5759.0
17210,ID00029,128.0,337,5630.0,5758.0
17211,ID00030,128.0,337,5631.0,5759.0
17212,ID00031,128.0,337,5631.0,5759.0
17213,ID00032,127.0,337,5631.0,5758.0
17214,ID00033,127.0,337,5631.0,5758.0
17215,ID00034,127.0,337,5631.0,5758.0
17216,ID00035,127.0,337,5631.0,5758.0
17217,ID00036,27.0,337,5767.0,5794.0
17218,ID00037,64.0,337,5797.0,5861.0
17219,ID00038,131.0,337,5864.0,5995.0
17220,ID00039,129.0,337,5864.0,5993.0
17221,ID00040,131.0,337,5864.0,5995.0
17222,ID00041,128.0,337,5864.0,5992.0
17223,ID00042,126.0,337,5864.0,5990.0
17224,ID00043,128.0,337,5864.0,5992.0
17225,ID00044,129.0,337,5864.0,5993.0
17226,ID00045,129.0,337,5864.0,5993.0
17227,ID00046,30.0,337,6037.0,6067.0
17228,ID00047,59.0,337,6070.0,6129.0
17229,ID00048,59.0,337,6781.0,6840.0
17230,ID00049,6.0,337,6854.0,6860.0
17231,finish,0.0,337,6862.0,6862.0
17232,entry,0.0,338,5400,5400.0
17233,ID00000,6.0,338,11387.0,11393.0
17234,ID00001,5.0,338,11358.0,11363.0
17235,ID00002,3417.0,338,6967.0,10384.0
17236,ID00003,542.0,338,10408.0,10950.0
17237,ID00004,27.0,338,10953.0,10980.0
17238,ID00005,627.0,338,10408.0,11035.0
17239,ID00006,22.0,338,11038.0,11060.0
17240,ID00007,382.0,338,10408.0,10790.0
17241,ID00008,20.0,338,10793.0,10813.0
17242,ID00009,449.0,338,10408.0,10857.0
17243,ID00010,27.0,338,10860.0,10887.0
17244,ID00011,453.0,338,10408.0,10861.0
17245,ID00012,27.0,338,10864.0,10891.0
17246,ID00013,757.0,338,10408.0,11165.0
17247,ID00014,28.0,338,11168.0,11196.0
17248,ID00015,598.0,338,10408.0,11006.0
17249,ID00016,12.0,338,11009.0,11021.0
17250,ID00017,445.0,338,10408.0,10853.0
17251,ID00018,10.0,338,10856.0,10866.0
17252,ID00019,947.0,338,10408.0,11355.0
17253,ID00020,26.0,338,11358.0,11384.0
17254,ID00021,688.0,338,10408.0,11096.0
17255,ID00022,25.0,338,11099.0,11124.0
17256,ID00023,2589.0,338,6975.0,9564.0
17257,ID00024,1086.0,338,9580.0,10666.0
17258,ID00025,15.0,338,10669.0,10684.0
17259,ID00026,669.0,338,9580.0,10249.0
17260,ID00027,21.0,338,10252.0,10273.0
17261,ID00028,784.0,338,9580.0,10364.0
17262,ID00029,21.0,338,10367.0,10388.0
17263,ID00030,937.0,338,9580.0,10517.0
17264,ID00031,11.0,338,10520.0,10531.0
17265,ID00032,541.0,338,9580.0,10121.0
17266,ID00033,22.0,338,10124.0,10146.0
17267,ID00034,518.0,338,9580.0,10098.0
17268,ID00035,20.0,338,10101.0,10121.0
17269,ID00036,1103.0,338,9580.0,10683.0
17270,ID00037,19.0,338,10686.0,10705.0
17271,ID00038,969.0,338,9580.0,10549.0
17272,ID00039,19.0,338,10552.0,10571.0
17273,ID00040,490.0,338,9580.0,10070.0
17274,ID00041,27.0,338,10073.0,10100.0
17275,ID00042,984.0,338,9580.0,10564.0
17276,ID00043,19.0,338,10567.0,10586.0
17277,ID00044,446.0,338,9580.0,10026.0
17278,ID00045,23.0,338,10029.0,10052.0
17279,ID00046,441.0,338,9580.0,10021.0
17280,ID00047,10.0,338,10024.0,10034.0
17281,ID00048,602.0,338,9580.0,10182.0
17282,ID00049,12.0,338,10185.0,10197.0
17283,finish,0.0,338,11394.0,11394.0
17284,entry,0.0,339,5400,5400.0
17285,ID00000,3.0,339,5408.0,5411.0
17286,ID00001,3.0,339,5404.0,5407.0
17287,ID00002,3.0,339,5404.0,5407.0
17288,ID00003,3.0,339,5404.0,5407.0
17289,ID00004,3.0,339,5404.0,5407.0
17290,ID00005,3.0,339,5404.0,5407.0
17291,ID00006,3.0,339,5404.0,5407.0
17292,ID00007,3.0,339,5404.0,5407.0
17293,ID00008,3.0,339,5404.0,5407.0
17294,ID00009,3.0,339,5404.0,5407.0
17295,ID00010,3.0,339,5404.0,5407.0
17296,ID00011,3.0,339,5404.0,5407.0
17297,ID00012,3.0,339,5404.0,5407.0
17298,ID00013,497.0,339,5402.0,5899.0
17299,ID00014,10.0,339,5402.0,5412.0
17300,ID00015,20.0,339,5403.0,5423.0
17301,ID00016,468.0,339,6304.0,6772.0
17302,ID00017,134.0,339,6775.0,6909.0
17303,ID00018,3.0,339,6923.0,6926.0
17304,ID00019,3.0,339,6923.0,6926.0
17305,ID00020,329.0,339,6923.0,7252.0
17306,ID00021,9.0,339,6927.0,6936.0
17307,ID00022,3.0,339,6923.0,6926.0
17308,ID00023,3.0,339,7260.0,7263.0
17309,ID00025,3.0,339,5408.0,5411.0
17310,ID00026,3.0,339,5404.0,5407.0
17311,ID00027,3.0,339,5404.0,5407.0
17312,ID00028,3.0,339,5404.0,5407.0
17313,ID00029,3.0,339,5404.0,5407.0
17314,ID00030,3.0,339,5404.0,5407.0
17315,ID00031,3.0,339,5404.0,5407.0
17316,ID00032,3.0,339,5404.0,5407.0
17317,ID00033,3.0,339,5404.0,5407.0
17318,ID00034,3.0,339,5404.0,5407.0
17319,ID00035,3.0,339,5404.0,5407.0
17320,ID00036,3.0,339,5404.0,5407.0
17321,ID00037,3.0,339,5404.0,5407.0
17322,ID00038,277.0,339,5402.0,5679.0
17323,ID00039,10.0,339,5402.0,5412.0
17324,ID00040,9.0,339,5403.0,5412.0
17325,ID00041,626.0,339,6308.0,6934.0
17326,ID00042,46.0,339,6937.0,6983.0
17327,ID00043,3.0,339,6997.0,7000.0
17328,ID00044,3.0,339,6997.0,7000.0
17329,ID00045,319.0,339,6997.0,7316.0
17330,ID00046,9.0,339,7001.0,7010.0
17331,ID00047,3.0,339,6997.0,7000.0
17332,ID00048,3.0,339,7324.0,7327.0
17333,finish,0.0,339,7335.0,7335.0
17334,entry,0.0,340,5400,5400.0
17335,ID00000,165.0,340,5423.0,5588.0
17336,ID00001,165.0,340,5423.0,5588.0
17337,ID00002,166.0,340,5423.0,5589.0
17338,ID00003,166.0,340,5423.0,5589.0
17339,ID00004,163.0,340,5423.0,5586.0
17340,ID00005,166.0,340,5423.0,5589.0
17341,ID00006,164.0,340,5423.0,5587.0
17342,ID00007,166.0,340,5423.0,5589.0
17343,ID00008,129.0,340,5630.0,5759.0
17344,ID00009,128.0,340,5631.0,5759.0
17345,ID00010,126.0,340,5630.0,5756.0
17346,ID00011,128.0,340,5631.0,5759.0
17347,ID00012,129.0,340,5630.0,5759.0
17348,ID00013,126.0,340,5631.0,5757.0
17349,ID00014,128.0,340,5631.0,5759.0
17350,ID00015,128.0,340,5631.0,5759.0
17351,ID00016,127.0,340,5631.0,5758.0
17352,ID00017,125.0,340,5631.0,5756.0
17353,ID00018,129.0,340,5631.0,5760.0
17354,ID00019,127.0,340,5631.0,5758.0
17355,ID00020,126.0,340,5631.0,5757.0
17356,ID00021,129.0,340,5631.0,5760.0
17357,ID00022,127.0,340,5631.0,5758.0
17358,ID00023,129.0,340,5631.0,5760.0
17359,ID00024,126.0,340,5628.0,5754.0
17360,ID00025,127.0,340,5631.0,5758.0
17361,ID00026,130.0,340,5631.0,5761.0
17362,ID00027,126.0,340,5631.0,5757.0
17363,ID00028,128.0,340,5631.0,5759.0
17364,ID00029,128.0,340,5630.0,5758.0
17365,ID00030,128.0,340,5631.0,5759.0
17366,ID00031,128.0,340,5631.0,5759.0
17367,ID00032,127.0,340,5631.0,5758.0
17368,ID00033,127.0,340,5631.0,5758.0
17369,ID00034,127.0,340,5631.0,5758.0
17370,ID00035,127.0,340,5631.0,5758.0
17371,ID00036,27.0,340,5767.0,5794.0
17372,ID00037,64.0,340,5797.0,5861.0
17373,ID00038,131.0,340,5864.0,5995.0
17374,ID00039,129.0,340,5864.0,5993.0
17375,ID00040,131.0,340,5864.0,5995.0
17376,ID00041,128.0,340,5864.0,5992.0
17377,ID00042,126.0,340,5864.0,5990.0
17378,ID00043,128.0,340,5864.0,5992.0
17379,ID00044,129.0,340,5864.0,5993.0
17380,ID00045,129.0,340,5864.0,5993.0
17381,ID00046,30.0,340,6037.0,6067.0
17382,ID00047,59.0,340,6070.0,6129.0
17383,ID00048,59.0,340,6781.0,6840.0
17384,ID00049,6.0,340,6854.0,6860.0
17385,finish,0.0,340,6862.0,6862.0
17386,entry,0.0,341,5400,5400.0
17387,ID00000,165.0,341,5423.0,5588.0
17388,ID00001,165.0,341,5423.0,5588.0
17389,ID00002,166.0,341,5423.0,5589.0
17390,ID00003,166.0,341,5423.0,5589.0
17391,ID00004,163.0,341,5423.0,5586.0
17392,ID00005,166.0,341,5423.0,5589.0
17393,ID00006,164.0,341,5423.0,5587.0
17394,ID00007,166.0,341,5423.0,5589.0
17395,ID00008,129.0,341,5630.0,5759.0
17396,ID00009,128.0,341,5631.0,5759.0
17397,ID00010,126.0,341,5630.0,5756.0
17398,ID00011,128.0,341,5631.0,5759.0
17399,ID00012,129.0,341,5630.0,5759.0
17400,ID00013,126.0,341,5631.0,5757.0
17401,ID00014,128.0,341,5631.0,5759.0
17402,ID00015,128.0,341,5631.0,5759.0
17403,ID00016,127.0,341,5631.0,5758.0
17404,ID00017,125.0,341,5631.0,5756.0
17405,ID00018,129.0,341,5631.0,5760.0
17406,ID00019,127.0,341,5631.0,5758.0
17407,ID00020,126.0,341,5631.0,5757.0
17408,ID00021,129.0,341,5631.0,5760.0
17409,ID00022,127.0,341,5631.0,5758.0
17410,ID00023,129.0,341,5631.0,5760.0
17411,ID00024,126.0,341,5628.0,5754.0
17412,ID00025,127.0,341,5631.0,5758.0
17413,ID00026,130.0,341,5631.0,5761.0
17414,ID00027,126.0,341,5631.0,5757.0
17415,ID00028,128.0,341,5631.0,5759.0
17416,ID00029,128.0,341,5630.0,5758.0
17417,ID00030,128.0,341,5631.0,5759.0
17418,ID00031,128.0,341,5631.0,5759.0
17419,ID00032,127.0,341,5631.0,5758.0
17420,ID00033,127.0,341,5631.0,5758.0
17421,ID00034,127.0,341,5631.0,5758.0
17422,ID00035,127.0,341,5631.0,5758.0
17423,ID00036,27.0,341,5767.0,5794.0
17424,ID00037,64.0,341,5797.0,5861.0
17425,ID00038,131.0,341,5864.0,5995.0
17426,ID00039,129.0,341,5864.0,5993.0
17427,ID00040,131.0,341,5864.0,5995.0
17428,ID00041,128.0,341,5864.0,5992.0
17429,ID00042,126.0,341,5864.0,5990.0
17430,ID00043,128.0,341,5864.0,5992.0
17431,ID00044,129.0,341,5864.0,5993.0
17432,ID00045,129.0,341,5864.0,5993.0
17433,ID00046,30.0,341,6037.0,6067.0
17434,ID00047,59.0,341,6070.0,6129.0
17435,ID00048,59.0,341,6781.0,6840.0
17436,ID00049,6.0,341,6854.0,6860.0
17437,finish,0.0,341,6862.0,6862.0
17438,entry,0.0,342,5400,5400.0
17439,ID00000,3.0,342,5474.0,5477.0
17440,ID00001,3.0,342,5427.0,5430.0
17441,ID00002,3.0,342,5553.0,5556.0
17442,ID00003,3.0,342,5553.0,5556.0
17443,ID00004,3.0,342,5553.0,5556.0
17444,ID00005,3.0,342,5553.0,5556.0
17445,ID00006,3.0,342,5553.0,5556.0
17446,ID00007,3.0,342,5460.0,5463.0
17447,ID00008,3.0,342,5460.0,5463.0
17448,ID00009,3.0,342,5460.0,5463.0
17449,ID00010,3.0,342,5460.0,5463.0
17450,ID00011,3.0,342,5460.0,5463.0
17451,ID00012,3.0,342,5572.0,5575.0
17452,ID00013,3.0,342,5570.0,5573.0
17453,ID00014,3.0,342,5572.0,5575.0
17454,ID00015,3.0,342,5572.0,5575.0
17455,ID00016,3.0,342,5572.0,5575.0
17456,ID00017,3.0,342,5469.0,5472.0
17457,ID00018,3.0,342,5469.0,5472.0
17458,ID00019,3.0,342,5469.0,5472.0
17459,ID00020,3.0,342,5469.0,5472.0
17460,ID00021,3.0,342,5469.0,5472.0
17461,ID00022,3.0,342,5581.0,5584.0
17462,ID00023,3.0,342,5578.0,5581.0
17463,ID00024,3.0,342,5580.0,5583.0
17464,ID00025,3.0,342,5585.0,5588.0
17465,ID00026,3.0,342,5581.0,5584.0
17466,ID00027,3.0,342,5474.0,5477.0
17467,ID00028,3.0,342,5474.0,5477.0
17468,ID00029,3.0,342,5474.0,5477.0
17469,ID00030,3.0,342,5474.0,5477.0
17470,ID00031,3.0,342,5475.0,5478.0
17471,ID00032,172.0,342,5586.0,5758.0
17472,ID00033,230.0,342,5583.0,5813.0
17473,ID00034,125.0,342,5585.0,5710.0
17474,ID00035,175.0,342,5591.0,5766.0
17475,ID00036,163.0,342,5586.0,5749.0
17476,ID00037,178.0,342,5478.0,5656.0
17477,ID00038,217.0,342,5478.0,5695.0
17478,ID00039,175.0,342,5478.0,5653.0
17479,ID00040,181.0,342,5478.0,5659.0
17480,ID00041,158.0,342,5479.0,5637.0
17481,ID00042,3.0,342,5815.0,5818.0
17482,ID00043,3.0,342,5696.0,5699.0
17483,ID00044,3.0,342,5826.0,5829.0
17484,ID00045,3.0,342,5840.0,5843.0
17485,ID00046,62.0,342,5844.0,5906.0
17486,finish,0.0,342,5907.0,5907.0
17487,entry,0.0,343,5400,5400.0
17488,ID00000,57.0,343,5686.0,5743.0
17489,ID00001,56.0,343,5686.0,5742.0
17490,ID00002,54.0,343,5686.0,5740.0
17491,ID00003,54.0,343,5686.0,5740.0
17492,ID00004,56.0,343,5685.0,5741.0
17493,ID00005,55.0,343,5686.0,5741.0
17494,ID00006,55.0,343,5686.0,5741.0
17495,ID00007,55.0,343,5686.0,5741.0
17496,ID00008,55.0,343,5686.0,5741.0
17497,ID00009,55.0,343,5686.0,5741.0
17498,ID00010,54.0,343,5686.0,5740.0
17499,ID00011,54.0,343,5686.0,5740.0
17500,ID00012,1768.0,343,5750.0,7518.0
17501,ID00013,1486.0,343,5750.0,7236.0
17502,ID00014,1667.0,343,5748.0,7415.0
17503,ID00015,1360.0,343,5747.0,7107.0
17504,ID00016,1286.0,343,5748.0,7034.0
17505,ID00017,1598.0,343,5748.0,7346.0
17506,ID00018,880.0,343,5748.0,6628.0
17507,ID00019,1746.0,343,5748.0,7494.0
17508,ID00020,988.0,343,5748.0,6736.0
17509,ID00021,1553.0,343,5748.0,7301.0
17510,ID00022,2027.0,343,5748.0,7775.0
17511,ID00023,1807.0,343,5747.0,7554.0
17512,ID00024,17.0,343,7778.0,7795.0
17513,ID00025,15.0,343,7798.0,7813.0
17514,ID00026,15.0,343,7798.0,7813.0
17515,ID00027,16.0,343,7798.0,7814.0
17516,ID00028,14.0,343,7798.0,7812.0
17517,ID00029,18.0,343,7798.0,7816.0
17518,ID00030,17.0,343,7798.0,7815.0
17519,ID00031,17.0,343,7798.0,7815.0
17520,ID00032,16.0,343,7798.0,7814.0
17521,ID00033,16.0,343,7798.0,7814.0
17522,ID00034,17.0,343,7798.0,7815.0
17523,ID00035,15.0,343,7798.0,7813.0
17524,ID00036,13.0,343,7798.0,7811.0
17525,ID00037,1607.0,343,7816.0,9423.0
17526,ID00038,1213.0,343,7816.0,9029.0
17527,ID00039,1186.0,343,7817.0,9003.0
17528,ID00040,1749.0,343,7815.0,9564.0
17529,ID00041,1473.0,343,7819.0,9292.0
17530,ID00042,1670.0,343,7818.0,9488.0
17531,ID00043,1139.0,343,7818.0,8957.0
17532,ID00044,1855.0,343,7817.0,9672.0
17533,ID00045,2015.0,343,7817.0,9832.0
17534,ID00046,2007.0,343,7818.0,9825.0
17535,ID00047,1767.0,343,7816.0,9583.0
17536,ID00048,911.0,343,7814.0,8725.0
17537,ID00049,16.0,343,9835.0,9851.0
17538,finish,0.0,343,9852.0,9852.0
17539,entry,0.0,344,5400,5400.0
17540,ID00000,57.0,344,5686.0,5743.0
17541,ID00001,56.0,344,5686.0,5742.0
17542,ID00002,54.0,344,5686.0,5740.0
17543,ID00003,54.0,344,5686.0,5740.0
17544,ID00004,56.0,344,5685.0,5741.0
17545,ID00005,55.0,344,5686.0,5741.0
17546,ID00006,55.0,344,5686.0,5741.0
17547,ID00007,55.0,344,5686.0,5741.0
17548,ID00008,55.0,344,5686.0,5741.0
17549,ID00009,55.0,344,5686.0,5741.0
17550,ID00010,54.0,344,5686.0,5740.0
17551,ID00011,54.0,344,5686.0,5740.0
17552,ID00012,1768.0,344,5750.0,7518.0
17553,ID00013,1486.0,344,5750.0,7236.0
17554,ID00014,1667.0,344,5748.0,7415.0
17555,ID00015,1360.0,344,5747.0,7107.0
17556,ID00016,1286.0,344,5748.0,7034.0
17557,ID00017,1598.0,344,5748.0,7346.0
17558,ID00018,880.0,344,5748.0,6628.0
17559,ID00019,1746.0,344,5748.0,7494.0
17560,ID00020,988.0,344,5748.0,6736.0
17561,ID00021,1553.0,344,5748.0,7301.0
17562,ID00022,2027.0,344,5748.0,7775.0
17563,ID00023,1807.0,344,5747.0,7554.0
17564,ID00024,17.0,344,7778.0,7795.0
17565,ID00025,15.0,344,7798.0,7813.0
17566,ID00026,15.0,344,7798.0,7813.0
17567,ID00027,16.0,344,7798.0,7814.0
17568,ID00028,14.0,344,7798.0,7812.0
17569,ID00029,18.0,344,7798.0,7816.0
17570,ID00030,17.0,344,7798.0,7815.0
17571,ID00031,17.0,344,7798.0,7815.0
17572,ID00032,16.0,344,7798.0,7814.0
17573,ID00033,16.0,344,7798.0,7814.0
17574,ID00034,17.0,344,7798.0,7815.0
17575,ID00035,15.0,344,7798.0,7813.0
17576,ID00036,13.0,344,7798.0,7811.0
17577,ID00037,1607.0,344,7816.0,9423.0
17578,ID00038,1213.0,344,7816.0,9029.0
17579,ID00039,1186.0,344,7817.0,9003.0
17580,ID00040,1749.0,344,7815.0,9564.0
17581,ID00041,1473.0,344,7819.0,9292.0
17582,ID00042,1670.0,344,7818.0,9488.0
17583,ID00043,1139.0,344,7818.0,8957.0
17584,ID00044,1855.0,344,7817.0,9672.0
17585,ID00045,2015.0,344,7817.0,9832.0
17586,ID00046,2007.0,344,7818.0,9825.0
17587,ID00047,1767.0,344,7816.0,9583.0
17588,ID00048,911.0,344,7814.0,8725.0
17589,ID00049,16.0,344,9835.0,9851.0
17590,finish,0.0,344,9852.0,9852.0
17591,entry,0.0,345,5400,5400.0
17592,ID00000,3.0,345,5474.0,5477.0
17593,ID00001,3.0,345,5427.0,5430.0
17594,ID00002,3.0,345,5553.0,5556.0
17595,ID00003,3.0,345,5553.0,5556.0
17596,ID00004,3.0,345,5553.0,5556.0
17597,ID00005,3.0,345,5553.0,5556.0
17598,ID00006,3.0,345,5553.0,5556.0
17599,ID00007,3.0,345,5460.0,5463.0
17600,ID00008,3.0,345,5460.0,5463.0
17601,ID00009,3.0,345,5460.0,5463.0
17602,ID00010,3.0,345,5460.0,5463.0
17603,ID00011,3.0,345,5460.0,5463.0
17604,ID00012,3.0,345,5572.0,5575.0
17605,ID00013,3.0,345,5570.0,5573.0
17606,ID00014,3.0,345,5572.0,5575.0
17607,ID00015,3.0,345,5572.0,5575.0
17608,ID00016,3.0,345,5572.0,5575.0
17609,ID00017,3.0,345,5469.0,5472.0
17610,ID00018,3.0,345,5469.0,5472.0
17611,ID00019,3.0,345,5469.0,5472.0
17612,ID00020,3.0,345,5469.0,5472.0
17613,ID00021,3.0,345,5469.0,5472.0
17614,ID00022,3.0,345,5581.0,5584.0
17615,ID00023,3.0,345,5578.0,5581.0
17616,ID00024,3.0,345,5580.0,5583.0
17617,ID00025,3.0,345,5585.0,5588.0
17618,ID00026,3.0,345,5581.0,5584.0
17619,ID00027,3.0,345,5474.0,5477.0
17620,ID00028,3.0,345,5474.0,5477.0
17621,ID00029,3.0,345,5474.0,5477.0
17622,ID00030,3.0,345,5474.0,5477.0
17623,ID00031,3.0,345,5475.0,5478.0
17624,ID00032,172.0,345,5586.0,5758.0
17625,ID00033,230.0,345,5583.0,5813.0
17626,ID00034,125.0,345,5585.0,5710.0
17627,ID00035,175.0,345,5591.0,5766.0
17628,ID00036,163.0,345,5586.0,5749.0
17629,ID00037,178.0,345,5478.0,5656.0
17630,ID00038,217.0,345,5478.0,5695.0
17631,ID00039,175.0,345,5478.0,5653.0
17632,ID00040,181.0,345,5478.0,5659.0
17633,ID00041,158.0,345,5479.0,5637.0
17634,ID00042,3.0,345,5815.0,5818.0
17635,ID00043,3.0,345,5696.0,5699.0
17636,ID00044,3.0,345,5826.0,5829.0
17637,ID00045,3.0,345,5840.0,5843.0
17638,ID00046,62.0,345,5844.0,5906.0
17639,finish,0.0,345,5907.0,5907.0
17640,entry,0.0,346,5400,5400.0
17641,ID00000,165.0,346,5423.0,5588.0
17642,ID00001,165.0,346,5423.0,5588.0
17643,ID00002,166.0,346,5423.0,5589.0
17644,ID00003,166.0,346,5423.0,5589.0
17645,ID00004,163.0,346,5423.0,5586.0
17646,ID00005,166.0,346,5423.0,5589.0
17647,ID00006,164.0,346,5423.0,5587.0
17648,ID00007,166.0,346,5423.0,5589.0
17649,ID00008,129.0,346,5630.0,5759.0
17650,ID00009,128.0,346,5631.0,5759.0
17651,ID00010,126.0,346,5630.0,5756.0
17652,ID00011,128.0,346,5631.0,5759.0
17653,ID00012,129.0,346,5630.0,5759.0
17654,ID00013,126.0,346,5631.0,5757.0
17655,ID00014,128.0,346,5631.0,5759.0
17656,ID00015,128.0,346,5631.0,5759.0
17657,ID00016,127.0,346,5631.0,5758.0
17658,ID00017,125.0,346,5631.0,5756.0
17659,ID00018,129.0,346,5631.0,5760.0
17660,ID00019,127.0,346,5631.0,5758.0
17661,ID00020,126.0,346,5631.0,5757.0
17662,ID00021,129.0,346,5631.0,5760.0
17663,ID00022,127.0,346,5631.0,5758.0
17664,ID00023,129.0,346,5631.0,5760.0
17665,ID00024,126.0,346,5628.0,5754.0
17666,ID00025,127.0,346,5631.0,5758.0
17667,ID00026,130.0,346,5631.0,5761.0
17668,ID00027,126.0,346,5631.0,5757.0
17669,ID00028,128.0,346,5631.0,5759.0
17670,ID00029,128.0,346,5630.0,5758.0
17671,ID00030,128.0,346,5631.0,5759.0
17672,ID00031,128.0,346,5631.0,5759.0
17673,ID00032,127.0,346,5631.0,5758.0
17674,ID00033,127.0,346,5631.0,5758.0
17675,ID00034,127.0,346,5631.0,5758.0
17676,ID00035,127.0,346,5631.0,5758.0
17677,ID00036,27.0,346,5767.0,5794.0
17678,ID00037,64.0,346,5797.0,5861.0
17679,ID00038,131.0,346,5864.0,5995.0
17680,ID00039,129.0,346,5864.0,5993.0
17681,ID00040,131.0,346,5864.0,5995.0
17682,ID00041,128.0,346,5864.0,5992.0
17683,ID00042,126.0,346,5864.0,5990.0
17684,ID00043,128.0,346,5864.0,5992.0
17685,ID00044,129.0,346,5864.0,5993.0
17686,ID00045,129.0,346,5864.0,5993.0
17687,ID00046,30.0,346,6037.0,6067.0
17688,ID00047,59.0,346,6070.0,6129.0
17689,ID00048,59.0,346,6781.0,6840.0
17690,ID00049,6.0,346,6854.0,6860.0
17691,finish,0.0,346,6862.0,6862.0
17692,entry,0.0,347,5400,5400.0
17693,ID00000,6.0,347,11387.0,11393.0
17694,ID00001,5.0,347,11358.0,11363.0
17695,ID00002,3417.0,347,6967.0,10384.0
17696,ID00003,542.0,347,10408.0,10950.0
17697,ID00004,27.0,347,10953.0,10980.0
17698,ID00005,627.0,347,10408.0,11035.0
17699,ID00006,22.0,347,11038.0,11060.0
17700,ID00007,382.0,347,10408.0,10790.0
17701,ID00008,20.0,347,10793.0,10813.0
17702,ID00009,449.0,347,10408.0,10857.0
17703,ID00010,27.0,347,10860.0,10887.0
17704,ID00011,453.0,347,10408.0,10861.0
17705,ID00012,27.0,347,10864.0,10891.0
17706,ID00013,757.0,347,10408.0,11165.0
17707,ID00014,28.0,347,11168.0,11196.0
17708,ID00015,598.0,347,10408.0,11006.0
17709,ID00016,12.0,347,11009.0,11021.0
17710,ID00017,445.0,347,10408.0,10853.0
17711,ID00018,10.0,347,10856.0,10866.0
17712,ID00019,947.0,347,10408.0,11355.0
17713,ID00020,26.0,347,11358.0,11384.0
17714,ID00021,688.0,347,10408.0,11096.0
17715,ID00022,25.0,347,11099.0,11124.0
17716,ID00023,2589.0,347,6975.0,9564.0
17717,ID00024,1086.0,347,9580.0,10666.0
17718,ID00025,15.0,347,10669.0,10684.0
17719,ID00026,669.0,347,9580.0,10249.0
17720,ID00027,21.0,347,10252.0,10273.0
17721,ID00028,784.0,347,9580.0,10364.0
17722,ID00029,21.0,347,10367.0,10388.0
17723,ID00030,937.0,347,9580.0,10517.0
17724,ID00031,11.0,347,10520.0,10531.0
17725,ID00032,541.0,347,9580.0,10121.0
17726,ID00033,22.0,347,10124.0,10146.0
17727,ID00034,518.0,347,9580.0,10098.0
17728,ID00035,20.0,347,10101.0,10121.0
17729,ID00036,1103.0,347,9580.0,10683.0
17730,ID00037,19.0,347,10686.0,10705.0
17731,ID00038,969.0,347,9580.0,10549.0
17732,ID00039,19.0,347,10552.0,10571.0
17733,ID00040,490.0,347,9580.0,10070.0
17734,ID00041,27.0,347,10073.0,10100.0
17735,ID00042,984.0,347,9580.0,10564.0
17736,ID00043,19.0,347,10567.0,10586.0
17737,ID00044,446.0,347,9580.0,10026.0
17738,ID00045,23.0,347,10029.0,10052.0
17739,ID00046,441.0,347,9580.0,10021.0
17740,ID00047,10.0,347,10024.0,10034.0
17741,ID00048,602.0,347,9580.0,10182.0
17742,ID00049,12.0,347,10185.0,10197.0
17743,finish,0.0,347,11394.0,11394.0
17744,entry,0.0,348,5400,5400.0
17745,ID00000,3.0,348,5474.0,5477.0
17746,ID00001,3.0,348,5427.0,5430.0
17747,ID00002,3.0,348,5553.0,5556.0
17748,ID00003,3.0,348,5553.0,5556.0
17749,ID00004,3.0,348,5553.0,5556.0
17750,ID00005,3.0,348,5553.0,5556.0
17751,ID00006,3.0,348,5553.0,5556.0
17752,ID00007,3.0,348,5460.0,5463.0
17753,ID00008,3.0,348,5460.0,5463.0
17754,ID00009,3.0,348,5460.0,5463.0
17755,ID00010,3.0,348,5460.0,5463.0
17756,ID00011,3.0,348,5460.0,5463.0
17757,ID00012,3.0,348,5572.0,5575.0
17758,ID00013,3.0,348,5570.0,5573.0
17759,ID00014,3.0,348,5572.0,5575.0
17760,ID00015,3.0,348,5572.0,5575.0
17761,ID00016,3.0,348,5572.0,5575.0
17762,ID00017,3.0,348,5469.0,5472.0
17763,ID00018,3.0,348,5469.0,5472.0
17764,ID00019,3.0,348,5469.0,5472.0
17765,ID00020,3.0,348,5469.0,5472.0
17766,ID00021,3.0,348,5469.0,5472.0
17767,ID00022,3.0,348,5581.0,5584.0
17768,ID00023,3.0,348,5578.0,5581.0
17769,ID00024,3.0,348,5580.0,5583.0
17770,ID00025,3.0,348,5585.0,5588.0
17771,ID00026,3.0,348,5581.0,5584.0
17772,ID00027,3.0,348,5474.0,5477.0
17773,ID00028,3.0,348,5474.0,5477.0
17774,ID00029,3.0,348,5474.0,5477.0
17775,ID00030,3.0,348,5474.0,5477.0
17776,ID00031,3.0,348,5475.0,5478.0
17777,ID00032,172.0,348,5586.0,5758.0
17778,ID00033,230.0,348,5583.0,5813.0
17779,ID00034,125.0,348,5585.0,5710.0
17780,ID00035,175.0,348,5591.0,5766.0
17781,ID00036,163.0,348,5586.0,5749.0
17782,ID00037,178.0,348,5478.0,5656.0
17783,ID00038,217.0,348,5478.0,5695.0
17784,ID00039,175.0,348,5478.0,5653.0
17785,ID00040,181.0,348,5478.0,5659.0
17786,ID00041,158.0,348,5479.0,5637.0
17787,ID00042,3.0,348,5815.0,5818.0
17788,ID00043,3.0,348,5696.0,5699.0
17789,ID00044,3.0,348,5826.0,5829.0
17790,ID00045,3.0,348,5840.0,5843.0
17791,ID00046,62.0,348,5844.0,5906.0
17792,finish,0.0,348,5907.0,5907.0
17793,entry,0.0,349,5400,5400.0
17794,ID00000,165.0,349,5423.0,5588.0
17795,ID00001,165.0,349,5423.0,5588.0
17796,ID00002,166.0,349,5423.0,5589.0
17797,ID00003,166.0,349,5423.0,5589.0
17798,ID00004,163.0,349,5423.0,5586.0
17799,ID00005,166.0,349,5423.0,5589.0
17800,ID00006,164.0,349,5423.0,5587.0
17801,ID00007,166.0,349,5423.0,5589.0
17802,ID00008,129.0,349,5630.0,5759.0
17803,ID00009,128.0,349,5631.0,5759.0
17804,ID00010,126.0,349,5630.0,5756.0
17805,ID00011,128.0,349,5631.0,5759.0
17806,ID00012,129.0,349,5630.0,5759.0
17807,ID00013,126.0,349,5631.0,5757.0
17808,ID00014,128.0,349,5631.0,5759.0
17809,ID00015,128.0,349,5631.0,5759.0
17810,ID00016,127.0,349,5631.0,5758.0
17811,ID00017,125.0,349,5631.0,5756.0
17812,ID00018,129.0,349,5631.0,5760.0
17813,ID00019,127.0,349,5631.0,5758.0
17814,ID00020,126.0,349,5631.0,5757.0
17815,ID00021,129.0,349,5631.0,5760.0
17816,ID00022,127.0,349,5631.0,5758.0
17817,ID00023,129.0,349,5631.0,5760.0
17818,ID00024,126.0,349,5628.0,5754.0
17819,ID00025,127.0,349,5631.0,5758.0
17820,ID00026,130.0,349,5631.0,5761.0
17821,ID00027,126.0,349,5631.0,5757.0
17822,ID00028,128.0,349,5631.0,5759.0
17823,ID00029,128.0,349,5630.0,5758.0
17824,ID00030,128.0,349,5631.0,5759.0
17825,ID00031,128.0,349,5631.0,5759.0
17826,ID00032,127.0,349,5631.0,5758.0
17827,ID00033,127.0,349,5631.0,5758.0
17828,ID00034,127.0,349,5631.0,5758.0
17829,ID00035,127.0,349,5631.0,5758.0
17830,ID00036,27.0,349,5767.0,5794.0
17831,ID00037,64.0,349,5797.0,5861.0
17832,ID00038,131.0,349,5864.0,5995.0
17833,ID00039,129.0,349,5864.0,5993.0
17834,ID00040,131.0,349,5864.0,5995.0
17835,ID00041,128.0,349,5864.0,5992.0
17836,ID00042,126.0,349,5864.0,5990.0
17837,ID00043,128.0,349,5864.0,5992.0
17838,ID00044,129.0,349,5864.0,5993.0
17839,ID00045,129.0,349,5864.0,5993.0
17840,ID00046,30.0,349,6037.0,6067.0
17841,ID00047,59.0,349,6070.0,6129.0
17842,ID00048,59.0,349,6781.0,6840.0
17843,ID00049,6.0,349,6854.0,6860.0
17844,finish,0.0,349,6862.0,6862.0
17845,entry,0.0,350,6300,6300.0
17846,ID00000,57.0,350,6586.0,6643.0
17847,ID00001,56.0,350,6586.0,6642.0
17848,ID00002,54.0,350,6586.0,6640.0
17849,ID00003,54.0,350,6586.0,6640.0
17850,ID00004,56.0,350,6585.0,6641.0
17851,ID00005,55.0,350,6586.0,6641.0
17852,ID00006,55.0,350,6586.0,6641.0
17853,ID00007,55.0,350,6586.0,6641.0
17854,ID00008,55.0,350,6586.0,6641.0
17855,ID00009,55.0,350,6586.0,6641.0
17856,ID00010,54.0,350,6586.0,6640.0
17857,ID00011,54.0,350,6586.0,6640.0
17858,ID00012,1768.0,350,6650.0,8418.0
17859,ID00013,1486.0,350,6650.0,8136.0
17860,ID00014,1667.0,350,6648.0,8315.0
17861,ID00015,1360.0,350,6647.0,8007.0
17862,ID00016,1286.0,350,6648.0,7934.0
17863,ID00017,1598.0,350,6648.0,8246.0
17864,ID00018,880.0,350,6648.0,7528.0
17865,ID00019,1746.0,350,6648.0,8394.0
17866,ID00020,988.0,350,6648.0,7636.0
17867,ID00021,1553.0,350,6648.0,8201.0
17868,ID00022,2027.0,350,6648.0,8675.0
17869,ID00023,1807.0,350,6647.0,8454.0
17870,ID00024,17.0,350,8678.0,8695.0
17871,ID00025,15.0,350,8698.0,8713.0
17872,ID00026,15.0,350,8698.0,8713.0
17873,ID00027,16.0,350,8698.0,8714.0
17874,ID00028,14.0,350,8698.0,8712.0
17875,ID00029,18.0,350,8698.0,8716.0
17876,ID00030,17.0,350,8698.0,8715.0
17877,ID00031,17.0,350,8698.0,8715.0
17878,ID00032,16.0,350,8698.0,8714.0
17879,ID00033,16.0,350,8698.0,8714.0
17880,ID00034,17.0,350,8698.0,8715.0
17881,ID00035,15.0,350,8698.0,8713.0
17882,ID00036,13.0,350,8698.0,8711.0
17883,ID00037,1607.0,350,8716.0,10323.0
17884,ID00038,1213.0,350,8716.0,9929.0
17885,ID00039,1186.0,350,8717.0,9903.0
17886,ID00040,1749.0,350,8715.0,10464.0
17887,ID00041,1473.0,350,8719.0,10192.0
17888,ID00042,1670.0,350,8718.0,10388.0
17889,ID00043,1139.0,350,8718.0,9857.0
17890,ID00044,1855.0,350,8717.0,10572.0
17891,ID00045,2015.0,350,8717.0,10732.0
17892,ID00046,2007.0,350,8718.0,10725.0
17893,ID00047,1767.0,350,8716.0,10483.0
17894,ID00048,911.0,350,8714.0,9625.0
17895,ID00049,16.0,350,10735.0,10751.0
17896,finish,0.0,350,10752.0,10752.0
17897,entry,0.0,351,6300,6300.0
17898,ID00000,57.0,351,6586.0,6643.0
17899,ID00001,56.0,351,6586.0,6642.0
17900,ID00002,54.0,351,6586.0,6640.0
17901,ID00003,54.0,351,6586.0,6640.0
17902,ID00004,56.0,351,6585.0,6641.0
17903,ID00005,55.0,351,6586.0,6641.0
17904,ID00006,55.0,351,6586.0,6641.0
17905,ID00007,55.0,351,6586.0,6641.0
17906,ID00008,55.0,351,6586.0,6641.0
17907,ID00009,55.0,351,6586.0,6641.0
17908,ID00010,54.0,351,6586.0,6640.0
17909,ID00011,54.0,351,6586.0,6640.0
17910,ID00012,1768.0,351,6650.0,8418.0
17911,ID00013,1486.0,351,6650.0,8136.0
17912,ID00014,1667.0,351,6648.0,8315.0
17913,ID00015,1360.0,351,6647.0,8007.0
17914,ID00016,1286.0,351,6648.0,7934.0
17915,ID00017,1598.0,351,6648.0,8246.0
17916,ID00018,880.0,351,6648.0,7528.0
17917,ID00019,1746.0,351,6648.0,8394.0
17918,ID00020,988.0,351,6648.0,7636.0
17919,ID00021,1553.0,351,6648.0,8201.0
17920,ID00022,2027.0,351,6648.0,8675.0
17921,ID00023,1807.0,351,6647.0,8454.0
17922,ID00024,17.0,351,8678.0,8695.0
17923,ID00025,15.0,351,8698.0,8713.0
17924,ID00026,15.0,351,8698.0,8713.0
17925,ID00027,16.0,351,8698.0,8714.0
17926,ID00028,14.0,351,8698.0,8712.0
17927,ID00029,18.0,351,8698.0,8716.0
17928,ID00030,17.0,351,8698.0,8715.0
17929,ID00031,17.0,351,8698.0,8715.0
17930,ID00032,16.0,351,8698.0,8714.0
17931,ID00033,16.0,351,8698.0,8714.0
17932,ID00034,17.0,351,8698.0,8715.0
17933,ID00035,15.0,351,8698.0,8713.0
17934,ID00036,13.0,351,8698.0,8711.0
17935,ID00037,1607.0,351,8716.0,10323.0
17936,ID00038,1213.0,351,8716.0,9929.0
17937,ID00039,1186.0,351,8717.0,9903.0
17938,ID00040,1749.0,351,8715.0,10464.0
17939,ID00041,1473.0,351,8719.0,10192.0
17940,ID00042,1670.0,351,8718.0,10388.0
17941,ID00043,1139.0,351,8718.0,9857.0
17942,ID00044,1855.0,351,8717.0,10572.0
17943,ID00045,2015.0,351,8717.0,10732.0
17944,ID00046,2007.0,351,8718.0,10725.0
17945,ID00047,1767.0,351,8716.0,10483.0
17946,ID00048,911.0,351,8714.0,9625.0
17947,ID00049,16.0,351,10735.0,10751.0
17948,finish,0.0,351,10752.0,10752.0
17949,entry,0.0,352,6300,6300.0
17950,ID00000,57.0,352,6586.0,6643.0
17951,ID00001,56.0,352,6586.0,6642.0
17952,ID00002,54.0,352,6586.0,6640.0
17953,ID00003,54.0,352,6586.0,6640.0
17954,ID00004,56.0,352,6585.0,6641.0
17955,ID00005,55.0,352,6586.0,6641.0
17956,ID00006,55.0,352,6586.0,6641.0
17957,ID00007,55.0,352,6586.0,6641.0
17958,ID00008,55.0,352,6586.0,6641.0
17959,ID00009,55.0,352,6586.0,6641.0
17960,ID00010,54.0,352,6586.0,6640.0
17961,ID00011,54.0,352,6586.0,6640.0
17962,ID00012,1768.0,352,6650.0,8418.0
17963,ID00013,1486.0,352,6650.0,8136.0
17964,ID00014,1667.0,352,6648.0,8315.0
17965,ID00015,1360.0,352,6647.0,8007.0
17966,ID00016,1286.0,352,6648.0,7934.0
17967,ID00017,1598.0,352,6648.0,8246.0
17968,ID00018,880.0,352,6648.0,7528.0
17969,ID00019,1746.0,352,6648.0,8394.0
17970,ID00020,988.0,352,6648.0,7636.0
17971,ID00021,1553.0,352,6648.0,8201.0
17972,ID00022,2027.0,352,6648.0,8675.0
17973,ID00023,1807.0,352,6647.0,8454.0
17974,ID00024,17.0,352,8678.0,8695.0
17975,ID00025,15.0,352,8698.0,8713.0
17976,ID00026,15.0,352,8698.0,8713.0
17977,ID00027,16.0,352,8698.0,8714.0
17978,ID00028,14.0,352,8698.0,8712.0
17979,ID00029,18.0,352,8698.0,8716.0
17980,ID00030,17.0,352,8698.0,8715.0
17981,ID00031,17.0,352,8698.0,8715.0
17982,ID00032,16.0,352,8698.0,8714.0
17983,ID00033,16.0,352,8698.0,8714.0
17984,ID00034,17.0,352,8698.0,8715.0
17985,ID00035,15.0,352,8698.0,8713.0
17986,ID00036,13.0,352,8698.0,8711.0
17987,ID00037,1607.0,352,8716.0,10323.0
17988,ID00038,1213.0,352,8716.0,9929.0
17989,ID00039,1186.0,352,8717.0,9903.0
17990,ID00040,1749.0,352,8715.0,10464.0
17991,ID00041,1473.0,352,8719.0,10192.0
17992,ID00042,1670.0,352,8718.0,10388.0
17993,ID00043,1139.0,352,8718.0,9857.0
17994,ID00044,1855.0,352,8717.0,10572.0
17995,ID00045,2015.0,352,8717.0,10732.0
17996,ID00046,2007.0,352,8718.0,10725.0
17997,ID00047,1767.0,352,8716.0,10483.0
17998,ID00048,911.0,352,8714.0,9625.0
17999,ID00049,16.0,352,10735.0,10751.0
18000,finish,0.0,352,10752.0,10752.0
18001,entry,0.0,353,6300,6300.0
18002,ID00000,165.0,353,6323.0,6488.0
18003,ID00001,165.0,353,6323.0,6488.0
18004,ID00002,166.0,353,6323.0,6489.0
18005,ID00003,166.0,353,6323.0,6489.0
18006,ID00004,163.0,353,6323.0,6486.0
18007,ID00005,166.0,353,6323.0,6489.0
18008,ID00006,164.0,353,6323.0,6487.0
18009,ID00007,166.0,353,6323.0,6489.0
18010,ID00008,129.0,353,6530.0,6659.0
18011,ID00009,128.0,353,6531.0,6659.0
18012,ID00010,126.0,353,6530.0,6656.0
18013,ID00011,128.0,353,6531.0,6659.0
18014,ID00012,129.0,353,6530.0,6659.0
18015,ID00013,126.0,353,6531.0,6657.0
18016,ID00014,128.0,353,6531.0,6659.0
18017,ID00015,128.0,353,6531.0,6659.0
18018,ID00016,127.0,353,6531.0,6658.0
18019,ID00017,125.0,353,6531.0,6656.0
18020,ID00018,129.0,353,6531.0,6660.0
18021,ID00019,127.0,353,6531.0,6658.0
18022,ID00020,126.0,353,6531.0,6657.0
18023,ID00021,129.0,353,6531.0,6660.0
18024,ID00022,127.0,353,6531.0,6658.0
18025,ID00023,129.0,353,6531.0,6660.0
18026,ID00024,126.0,353,6528.0,6654.0
18027,ID00025,127.0,353,6531.0,6658.0
18028,ID00026,130.0,353,6531.0,6661.0
18029,ID00027,126.0,353,6531.0,6657.0
18030,ID00028,128.0,353,6531.0,6659.0
18031,ID00029,128.0,353,6530.0,6658.0
18032,ID00030,128.0,353,6531.0,6659.0
18033,ID00031,128.0,353,6531.0,6659.0
18034,ID00032,127.0,353,6531.0,6658.0
18035,ID00033,127.0,353,6531.0,6658.0
18036,ID00034,127.0,353,6531.0,6658.0
18037,ID00035,127.0,353,6531.0,6658.0
18038,ID00036,27.0,353,6667.0,6694.0
18039,ID00037,64.0,353,6697.0,6761.0
18040,ID00038,131.0,353,6764.0,6895.0
18041,ID00039,129.0,353,6764.0,6893.0
18042,ID00040,131.0,353,6764.0,6895.0
18043,ID00041,128.0,353,6764.0,6892.0
18044,ID00042,126.0,353,6764.0,6890.0
18045,ID00043,128.0,353,6764.0,6892.0
18046,ID00044,129.0,353,6764.0,6893.0
18047,ID00045,129.0,353,6764.0,6893.0
18048,ID00046,30.0,353,6937.0,6967.0
18049,ID00047,59.0,353,6970.0,7029.0
18050,ID00048,59.0,353,7681.0,7740.0
18051,ID00049,6.0,353,7754.0,7760.0
18052,finish,0.0,353,7762.0,7762.0
18053,entry,0.0,354,6300,6300.0
18054,ID00000,6.0,354,12287.0,12293.0
18055,ID00001,5.0,354,12258.0,12263.0
18056,ID00002,3417.0,354,7867.0,11284.0
18057,ID00003,542.0,354,11308.0,11850.0
18058,ID00004,27.0,354,11853.0,11880.0
18059,ID00005,627.0,354,11308.0,11935.0
18060,ID00006,22.0,354,11938.0,11960.0
18061,ID00007,382.0,354,11308.0,11690.0
18062,ID00008,20.0,354,11693.0,11713.0
18063,ID00009,449.0,354,11308.0,11757.0
18064,ID00010,27.0,354,11760.0,11787.0
18065,ID00011,453.0,354,11308.0,11761.0
18066,ID00012,27.0,354,11764.0,11791.0
18067,ID00013,757.0,354,11308.0,12065.0
18068,ID00014,28.0,354,12068.0,12096.0
18069,ID00015,598.0,354,11308.0,11906.0
18070,ID00016,12.0,354,11909.0,11921.0
18071,ID00017,445.0,354,11308.0,11753.0
18072,ID00018,10.0,354,11756.0,11766.0
18073,ID00019,947.0,354,11308.0,12255.0
18074,ID00020,26.0,354,12258.0,12284.0
18075,ID00021,688.0,354,11308.0,11996.0
18076,ID00022,25.0,354,11999.0,12024.0
18077,ID00023,2589.0,354,7875.0,10464.0
18078,ID00024,1086.0,354,10480.0,11566.0
18079,ID00025,15.0,354,11569.0,11584.0
18080,ID00026,669.0,354,10480.0,11149.0
18081,ID00027,21.0,354,11152.0,11173.0
18082,ID00028,784.0,354,10480.0,11264.0
18083,ID00029,21.0,354,11267.0,11288.0
18084,ID00030,937.0,354,10480.0,11417.0
18085,ID00031,11.0,354,11420.0,11431.0
18086,ID00032,541.0,354,10480.0,11021.0
18087,ID00033,22.0,354,11024.0,11046.0
18088,ID00034,518.0,354,10480.0,10998.0
18089,ID00035,20.0,354,11001.0,11021.0
18090,ID00036,1103.0,354,10480.0,11583.0
18091,ID00037,19.0,354,11586.0,11605.0
18092,ID00038,969.0,354,10480.0,11449.0
18093,ID00039,19.0,354,11452.0,11471.0
18094,ID00040,490.0,354,10480.0,10970.0
18095,ID00041,27.0,354,10973.0,11000.0
18096,ID00042,984.0,354,10480.0,11464.0
18097,ID00043,19.0,354,11467.0,11486.0
18098,ID00044,446.0,354,10480.0,10926.0
18099,ID00045,23.0,354,10929.0,10952.0
18100,ID00046,441.0,354,10480.0,10921.0
18101,ID00047,10.0,354,10924.0,10934.0
18102,ID00048,602.0,354,10480.0,11082.0
18103,ID00049,12.0,354,11085.0,11097.0
18104,finish,0.0,354,12294.0,12294.0
18105,entry,0.0,355,6300,6300.0
18106,ID00000,6.0,355,12287.0,12293.0
18107,ID00001,5.0,355,12258.0,12263.0
18108,ID00002,3417.0,355,7867.0,11284.0
18109,ID00003,542.0,355,11308.0,11850.0
18110,ID00004,27.0,355,11853.0,11880.0
18111,ID00005,627.0,355,11308.0,11935.0
18112,ID00006,22.0,355,11938.0,11960.0
18113,ID00007,382.0,355,11308.0,11690.0
18114,ID00008,20.0,355,11693.0,11713.0
18115,ID00009,449.0,355,11308.0,11757.0
18116,ID00010,27.0,355,11760.0,11787.0
18117,ID00011,453.0,355,11308.0,11761.0
18118,ID00012,27.0,355,11764.0,11791.0
18119,ID00013,757.0,355,11308.0,12065.0
18120,ID00014,28.0,355,12068.0,12096.0
18121,ID00015,598.0,355,11308.0,11906.0
18122,ID00016,12.0,355,11909.0,11921.0
18123,ID00017,445.0,355,11308.0,11753.0
18124,ID00018,10.0,355,11756.0,11766.0
18125,ID00019,947.0,355,11308.0,12255.0
18126,ID00020,26.0,355,12258.0,12284.0
18127,ID00021,688.0,355,11308.0,11996.0
18128,ID00022,25.0,355,11999.0,12024.0
18129,ID00023,2589.0,355,7875.0,10464.0
18130,ID00024,1086.0,355,10480.0,11566.0
18131,ID00025,15.0,355,11569.0,11584.0
18132,ID00026,669.0,355,10480.0,11149.0
18133,ID00027,21.0,355,11152.0,11173.0
18134,ID00028,784.0,355,10480.0,11264.0
18135,ID00029,21.0,355,11267.0,11288.0
18136,ID00030,937.0,355,10480.0,11417.0
18137,ID00031,11.0,355,11420.0,11431.0
18138,ID00032,541.0,355,10480.0,11021.0
18139,ID00033,22.0,355,11024.0,11046.0
18140,ID00034,518.0,355,10480.0,10998.0
18141,ID00035,20.0,355,11001.0,11021.0
18142,ID00036,1103.0,355,10480.0,11583.0
18143,ID00037,19.0,355,11586.0,11605.0
18144,ID00038,969.0,355,10480.0,11449.0
18145,ID00039,19.0,355,11452.0,11471.0
18146,ID00040,490.0,355,10480.0,10970.0
18147,ID00041,27.0,355,10973.0,11000.0
18148,ID00042,984.0,355,10480.0,11464.0
18149,ID00043,19.0,355,11467.0,11486.0
18150,ID00044,446.0,355,10480.0,10926.0
18151,ID00045,23.0,355,10929.0,10952.0
18152,ID00046,441.0,355,10480.0,10921.0
18153,ID00047,10.0,355,10924.0,10934.0
18154,ID00048,602.0,355,10480.0,11082.0
18155,ID00049,12.0,355,11085.0,11097.0
18156,finish,0.0,355,12294.0,12294.0
18157,entry,0.0,356,6300,6300.0
18158,ID00000,57.0,356,6586.0,6643.0
18159,ID00001,56.0,356,6586.0,6642.0
18160,ID00002,54.0,356,6586.0,6640.0
18161,ID00003,54.0,356,6586.0,6640.0
18162,ID00004,56.0,356,6585.0,6641.0
18163,ID00005,55.0,356,6586.0,6641.0
18164,ID00006,55.0,356,6586.0,6641.0
18165,ID00007,55.0,356,6586.0,6641.0
18166,ID00008,55.0,356,6586.0,6641.0
18167,ID00009,55.0,356,6586.0,6641.0
18168,ID00010,54.0,356,6586.0,6640.0
18169,ID00011,54.0,356,6586.0,6640.0
18170,ID00012,1768.0,356,6650.0,8418.0
18171,ID00013,1486.0,356,6650.0,8136.0
18172,ID00014,1667.0,356,6648.0,8315.0
18173,ID00015,1360.0,356,6647.0,8007.0
18174,ID00016,1286.0,356,6648.0,7934.0
18175,ID00017,1598.0,356,6648.0,8246.0
18176,ID00018,880.0,356,6648.0,7528.0
18177,ID00019,1746.0,356,6648.0,8394.0
18178,ID00020,988.0,356,6648.0,7636.0
18179,ID00021,1553.0,356,6648.0,8201.0
18180,ID00022,2027.0,356,6648.0,8675.0
18181,ID00023,1807.0,356,6647.0,8454.0
18182,ID00024,17.0,356,8678.0,8695.0
18183,ID00025,15.0,356,8698.0,8713.0
18184,ID00026,15.0,356,8698.0,8713.0
18185,ID00027,16.0,356,8698.0,8714.0
18186,ID00028,14.0,356,8698.0,8712.0
18187,ID00029,18.0,356,8698.0,8716.0
18188,ID00030,17.0,356,8698.0,8715.0
18189,ID00031,17.0,356,8698.0,8715.0
18190,ID00032,16.0,356,8698.0,8714.0
18191,ID00033,16.0,356,8698.0,8714.0
18192,ID00034,17.0,356,8698.0,8715.0
18193,ID00035,15.0,356,8698.0,8713.0
18194,ID00036,13.0,356,8698.0,8711.0
18195,ID00037,1607.0,356,8716.0,10323.0
18196,ID00038,1213.0,356,8716.0,9929.0
18197,ID00039,1186.0,356,8717.0,9903.0
18198,ID00040,1749.0,356,8715.0,10464.0
18199,ID00041,1473.0,356,8719.0,10192.0
18200,ID00042,1670.0,356,8718.0,10388.0
18201,ID00043,1139.0,356,8718.0,9857.0
18202,ID00044,1855.0,356,8717.0,10572.0
18203,ID00045,2015.0,356,8717.0,10732.0
18204,ID00046,2007.0,356,8718.0,10725.0
18205,ID00047,1767.0,356,8716.0,10483.0
18206,ID00048,911.0,356,8714.0,9625.0
18207,ID00049,16.0,356,10735.0,10751.0
18208,finish,0.0,356,10752.0,10752.0
18209,entry,0.0,357,6300,6300.0
18210,ID00000,3.0,357,6374.0,6377.0
18211,ID00001,3.0,357,6327.0,6330.0
18212,ID00002,3.0,357,6453.0,6456.0
18213,ID00003,3.0,357,6453.0,6456.0
18214,ID00004,3.0,357,6453.0,6456.0
18215,ID00005,3.0,357,6453.0,6456.0
18216,ID00006,3.0,357,6453.0,6456.0
18217,ID00007,3.0,357,6360.0,6363.0
18218,ID00008,3.0,357,6360.0,6363.0
18219,ID00009,3.0,357,6360.0,6363.0
18220,ID00010,3.0,357,6360.0,6363.0
18221,ID00011,3.0,357,6360.0,6363.0
18222,ID00012,3.0,357,6472.0,6475.0
18223,ID00013,3.0,357,6470.0,6473.0
18224,ID00014,3.0,357,6472.0,6475.0
18225,ID00015,3.0,357,6472.0,6475.0
18226,ID00016,3.0,357,6472.0,6475.0
18227,ID00017,3.0,357,6369.0,6372.0
18228,ID00018,3.0,357,6369.0,6372.0
18229,ID00019,3.0,357,6369.0,6372.0
18230,ID00020,3.0,357,6369.0,6372.0
18231,ID00021,3.0,357,6369.0,6372.0
18232,ID00022,3.0,357,6481.0,6484.0
18233,ID00023,3.0,357,6478.0,6481.0
18234,ID00024,3.0,357,6480.0,6483.0
18235,ID00025,3.0,357,6485.0,6488.0
18236,ID00026,3.0,357,6481.0,6484.0
18237,ID00027,3.0,357,6374.0,6377.0
18238,ID00028,3.0,357,6374.0,6377.0
18239,ID00029,3.0,357,6374.0,6377.0
18240,ID00030,3.0,357,6374.0,6377.0
18241,ID00031,3.0,357,6375.0,6378.0
18242,ID00032,172.0,357,6486.0,6658.0
18243,ID00033,230.0,357,6483.0,6713.0
18244,ID00034,125.0,357,6485.0,6610.0
18245,ID00035,175.0,357,6491.0,6666.0
18246,ID00036,163.0,357,6486.0,6649.0
18247,ID00037,178.0,357,6378.0,6556.0
18248,ID00038,217.0,357,6378.0,6595.0
18249,ID00039,175.0,357,6378.0,6553.0
18250,ID00040,181.0,357,6378.0,6559.0
18251,ID00041,158.0,357,6379.0,6537.0
18252,ID00042,3.0,357,6715.0,6718.0
18253,ID00043,3.0,357,6596.0,6599.0
18254,ID00044,3.0,357,6726.0,6729.0
18255,ID00045,3.0,357,6740.0,6743.0
18256,ID00046,62.0,357,6744.0,6806.0
18257,finish,0.0,357,6807.0,6807.0
18258,entry,0.0,358,6300,6300.0
18259,ID00000,3.0,358,6308.0,6311.0
18260,ID00001,3.0,358,6304.0,6307.0
18261,ID00002,3.0,358,6304.0,6307.0
18262,ID00003,3.0,358,6304.0,6307.0
18263,ID00004,3.0,358,6304.0,6307.0
18264,ID00005,3.0,358,6304.0,6307.0
18265,ID00006,3.0,358,6304.0,6307.0
18266,ID00007,3.0,358,6304.0,6307.0
18267,ID00008,3.0,358,6304.0,6307.0
18268,ID00009,3.0,358,6304.0,6307.0
18269,ID00010,3.0,358,6304.0,6307.0
18270,ID00011,3.0,358,6304.0,6307.0
18271,ID00012,3.0,358,6304.0,6307.0
18272,ID00013,497.0,358,6302.0,6799.0
18273,ID00014,10.0,358,6302.0,6312.0
18274,ID00015,20.0,358,6303.0,6323.0
18275,ID00016,468.0,358,7204.0,7672.0
18276,ID00017,134.0,358,7675.0,7809.0
18277,ID00018,3.0,358,7823.0,7826.0
18278,ID00019,3.0,358,7823.0,7826.0
18279,ID00020,329.0,358,7823.0,8152.0
18280,ID00021,9.0,358,7827.0,7836.0
18281,ID00022,3.0,358,7823.0,7826.0
18282,ID00023,3.0,358,8160.0,8163.0
18283,ID00025,3.0,358,6308.0,6311.0
18284,ID00026,3.0,358,6304.0,6307.0
18285,ID00027,3.0,358,6304.0,6307.0
18286,ID00028,3.0,358,6304.0,6307.0
18287,ID00029,3.0,358,6304.0,6307.0
18288,ID00030,3.0,358,6304.0,6307.0
18289,ID00031,3.0,358,6304.0,6307.0
18290,ID00032,3.0,358,6304.0,6307.0
18291,ID00033,3.0,358,6304.0,6307.0
18292,ID00034,3.0,358,6304.0,6307.0
18293,ID00035,3.0,358,6304.0,6307.0
18294,ID00036,3.0,358,6304.0,6307.0
18295,ID00037,3.0,358,6304.0,6307.0
18296,ID00038,277.0,358,6302.0,6579.0
18297,ID00039,10.0,358,6302.0,6312.0
18298,ID00040,9.0,358,6303.0,6312.0
18299,ID00041,626.0,358,7208.0,7834.0
18300,ID00042,46.0,358,7837.0,7883.0
18301,ID00043,3.0,358,7897.0,7900.0
18302,ID00044,3.0,358,7897.0,7900.0
18303,ID00045,319.0,358,7897.0,8216.0
18304,ID00046,9.0,358,7901.0,7910.0
18305,ID00047,3.0,358,7897.0,7900.0
18306,ID00048,3.0,358,8224.0,8227.0
18307,finish,0.0,358,8235.0,8235.0
18308,entry,0.0,359,6300,6300.0
18309,ID00000,3.0,359,6308.0,6311.0
18310,ID00001,3.0,359,6304.0,6307.0
18311,ID00002,3.0,359,6304.0,6307.0
18312,ID00003,3.0,359,6304.0,6307.0
18313,ID00004,3.0,359,6304.0,6307.0
18314,ID00005,3.0,359,6304.0,6307.0
18315,ID00006,3.0,359,6304.0,6307.0
18316,ID00007,3.0,359,6304.0,6307.0
18317,ID00008,3.0,359,6304.0,6307.0
18318,ID00009,3.0,359,6304.0,6307.0
18319,ID00010,3.0,359,6304.0,6307.0
18320,ID00011,3.0,359,6304.0,6307.0
18321,ID00012,3.0,359,6304.0,6307.0
18322,ID00013,497.0,359,6302.0,6799.0
18323,ID00014,10.0,359,6302.0,6312.0
18324,ID00015,20.0,359,6303.0,6323.0
18325,ID00016,468.0,359,7204.0,7672.0
18326,ID00017,134.0,359,7675.0,7809.0
18327,ID00018,3.0,359,7823.0,7826.0
18328,ID00019,3.0,359,7823.0,7826.0
18329,ID00020,329.0,359,7823.0,8152.0
18330,ID00021,9.0,359,7827.0,7836.0
18331,ID00022,3.0,359,7823.0,7826.0
18332,ID00023,3.0,359,8160.0,8163.0
18333,ID00025,3.0,359,6308.0,6311.0
18334,ID00026,3.0,359,6304.0,6307.0
18335,ID00027,3.0,359,6304.0,6307.0
18336,ID00028,3.0,359,6304.0,6307.0
18337,ID00029,3.0,359,6304.0,6307.0
18338,ID00030,3.0,359,6304.0,6307.0
18339,ID00031,3.0,359,6304.0,6307.0
18340,ID00032,3.0,359,6304.0,6307.0
18341,ID00033,3.0,359,6304.0,6307.0
18342,ID00034,3.0,359,6304.0,6307.0
18343,ID00035,3.0,359,6304.0,6307.0
18344,ID00036,3.0,359,6304.0,6307.0
18345,ID00037,3.0,359,6304.0,6307.0
18346,ID00038,277.0,359,6302.0,6579.0
18347,ID00039,10.0,359,6302.0,6312.0
18348,ID00040,9.0,359,6303.0,6312.0
18349,ID00041,626.0,359,7208.0,7834.0
18350,ID00042,46.0,359,7837.0,7883.0
18351,ID00043,3.0,359,7897.0,7900.0
18352,ID00044,3.0,359,7897.0,7900.0
18353,ID00045,319.0,359,7897.0,8216.0
18354,ID00046,9.0,359,7901.0,7910.0
18355,ID00047,3.0,359,7897.0,7900.0
18356,ID00048,3.0,359,8224.0,8227.0
18357,finish,0.0,359,8235.0,8235.0
18358,entry,0.0,360,6300,6300.0
18359,ID00000,57.0,360,6586.0,6643.0
18360,ID00001,56.0,360,6586.0,6642.0
18361,ID00002,54.0,360,6586.0,6640.0
18362,ID00003,54.0,360,6586.0,6640.0
18363,ID00004,56.0,360,6585.0,6641.0
18364,ID00005,55.0,360,6586.0,6641.0
18365,ID00006,55.0,360,6586.0,6641.0
18366,ID00007,55.0,360,6586.0,6641.0
18367,ID00008,55.0,360,6586.0,6641.0
18368,ID00009,55.0,360,6586.0,6641.0
18369,ID00010,54.0,360,6586.0,6640.0
18370,ID00011,54.0,360,6586.0,6640.0
18371,ID00012,1768.0,360,6650.0,8418.0
18372,ID00013,1486.0,360,6650.0,8136.0
18373,ID00014,1667.0,360,6648.0,8315.0
18374,ID00015,1360.0,360,6647.0,8007.0
18375,ID00016,1286.0,360,6648.0,7934.0
18376,ID00017,1598.0,360,6648.0,8246.0
18377,ID00018,880.0,360,6648.0,7528.0
18378,ID00019,1746.0,360,6648.0,8394.0
18379,ID00020,988.0,360,6648.0,7636.0
18380,ID00021,1553.0,360,6648.0,8201.0
18381,ID00022,2027.0,360,6648.0,8675.0
18382,ID00023,1807.0,360,6647.0,8454.0
18383,ID00024,17.0,360,8678.0,8695.0
18384,ID00025,15.0,360,8698.0,8713.0
18385,ID00026,15.0,360,8698.0,8713.0
18386,ID00027,16.0,360,8698.0,8714.0
18387,ID00028,14.0,360,8698.0,8712.0
18388,ID00029,18.0,360,8698.0,8716.0
18389,ID00030,17.0,360,8698.0,8715.0
18390,ID00031,17.0,360,8698.0,8715.0
18391,ID00032,16.0,360,8698.0,8714.0
18392,ID00033,16.0,360,8698.0,8714.0
18393,ID00034,17.0,360,8698.0,8715.0
18394,ID00035,15.0,360,8698.0,8713.0
18395,ID00036,13.0,360,8698.0,8711.0
18396,ID00037,1607.0,360,8716.0,10323.0
18397,ID00038,1213.0,360,8716.0,9929.0
18398,ID00039,1186.0,360,8717.0,9903.0
18399,ID00040,1749.0,360,8715.0,10464.0
18400,ID00041,1473.0,360,8719.0,10192.0
18401,ID00042,1670.0,360,8718.0,10388.0
18402,ID00043,1139.0,360,8718.0,9857.0
18403,ID00044,1855.0,360,8717.0,10572.0
18404,ID00045,2015.0,360,8717.0,10732.0
18405,ID00046,2007.0,360,8718.0,10725.0
18406,ID00047,1767.0,360,8716.0,10483.0
18407,ID00048,911.0,360,8714.0,9625.0
18408,ID00049,16.0,360,10735.0,10751.0
18409,finish,0.0,360,10752.0,10752.0
18410,entry,0.0,361,6300,6300.0
18411,ID00000,3.0,361,6308.0,6311.0
18412,ID00001,3.0,361,6304.0,6307.0
18413,ID00002,3.0,361,6304.0,6307.0
18414,ID00003,3.0,361,6304.0,6307.0
18415,ID00004,3.0,361,6304.0,6307.0
18416,ID00005,3.0,361,6304.0,6307.0
18417,ID00006,3.0,361,6304.0,6307.0
18418,ID00007,3.0,361,6304.0,6307.0
18419,ID00008,3.0,361,6304.0,6307.0
18420,ID00009,3.0,361,6304.0,6307.0
18421,ID00010,3.0,361,6304.0,6307.0
18422,ID00011,3.0,361,6304.0,6307.0
18423,ID00012,3.0,361,6304.0,6307.0
18424,ID00013,497.0,361,6302.0,6799.0
18425,ID00014,10.0,361,6302.0,6312.0
18426,ID00015,20.0,361,6303.0,6323.0
18427,ID00016,468.0,361,7204.0,7672.0
18428,ID00017,134.0,361,7675.0,7809.0
18429,ID00018,3.0,361,7823.0,7826.0
18430,ID00019,3.0,361,7823.0,7826.0
18431,ID00020,329.0,361,7823.0,8152.0
18432,ID00021,9.0,361,7827.0,7836.0
18433,ID00022,3.0,361,7823.0,7826.0
18434,ID00023,3.0,361,8160.0,8163.0
18435,ID00025,3.0,361,6308.0,6311.0
18436,ID00026,3.0,361,6304.0,6307.0
18437,ID00027,3.0,361,6304.0,6307.0
18438,ID00028,3.0,361,6304.0,6307.0
18439,ID00029,3.0,361,6304.0,6307.0
18440,ID00030,3.0,361,6304.0,6307.0
18441,ID00031,3.0,361,6304.0,6307.0
18442,ID00032,3.0,361,6304.0,6307.0
18443,ID00033,3.0,361,6304.0,6307.0
18444,ID00034,3.0,361,6304.0,6307.0
18445,ID00035,3.0,361,6304.0,6307.0
18446,ID00036,3.0,361,6304.0,6307.0
18447,ID00037,3.0,361,6304.0,6307.0
18448,ID00038,277.0,361,6302.0,6579.0
18449,ID00039,10.0,361,6302.0,6312.0
18450,ID00040,9.0,361,6303.0,6312.0
18451,ID00041,626.0,361,7208.0,7834.0
18452,ID00042,46.0,361,7837.0,7883.0
18453,ID00043,3.0,361,7897.0,7900.0
18454,ID00044,3.0,361,7897.0,7900.0
18455,ID00045,319.0,361,7897.0,8216.0
18456,ID00046,9.0,361,7901.0,7910.0
18457,ID00047,3.0,361,7897.0,7900.0
18458,ID00048,3.0,361,8224.0,8227.0
18459,finish,0.0,361,8235.0,8235.0
18460,entry,0.0,362,6300,6300.0
18461,ID00000,165.0,362,6323.0,6488.0
18462,ID00001,165.0,362,6323.0,6488.0
18463,ID00002,166.0,362,6323.0,6489.0
18464,ID00003,166.0,362,6323.0,6489.0
18465,ID00004,163.0,362,6323.0,6486.0
18466,ID00005,166.0,362,6323.0,6489.0
18467,ID00006,164.0,362,6323.0,6487.0
18468,ID00007,166.0,362,6323.0,6489.0
18469,ID00008,129.0,362,6530.0,6659.0
18470,ID00009,128.0,362,6531.0,6659.0
18471,ID00010,126.0,362,6530.0,6656.0
18472,ID00011,128.0,362,6531.0,6659.0
18473,ID00012,129.0,362,6530.0,6659.0
18474,ID00013,126.0,362,6531.0,6657.0
18475,ID00014,128.0,362,6531.0,6659.0
18476,ID00015,128.0,362,6531.0,6659.0
18477,ID00016,127.0,362,6531.0,6658.0
18478,ID00017,125.0,362,6531.0,6656.0
18479,ID00018,129.0,362,6531.0,6660.0
18480,ID00019,127.0,362,6531.0,6658.0
18481,ID00020,126.0,362,6531.0,6657.0
18482,ID00021,129.0,362,6531.0,6660.0
18483,ID00022,127.0,362,6531.0,6658.0
18484,ID00023,129.0,362,6531.0,6660.0
18485,ID00024,126.0,362,6528.0,6654.0
18486,ID00025,127.0,362,6531.0,6658.0
18487,ID00026,130.0,362,6531.0,6661.0
18488,ID00027,126.0,362,6531.0,6657.0
18489,ID00028,128.0,362,6531.0,6659.0
18490,ID00029,128.0,362,6530.0,6658.0
18491,ID00030,128.0,362,6531.0,6659.0
18492,ID00031,128.0,362,6531.0,6659.0
18493,ID00032,127.0,362,6531.0,6658.0
18494,ID00033,127.0,362,6531.0,6658.0
18495,ID00034,127.0,362,6531.0,6658.0
18496,ID00035,127.0,362,6531.0,6658.0
18497,ID00036,27.0,362,6667.0,6694.0
18498,ID00037,64.0,362,6697.0,6761.0
18499,ID00038,131.0,362,6764.0,6895.0
18500,ID00039,129.0,362,6764.0,6893.0
18501,ID00040,131.0,362,6764.0,6895.0
18502,ID00041,128.0,362,6764.0,6892.0
18503,ID00042,126.0,362,6764.0,6890.0
18504,ID00043,128.0,362,6764.0,6892.0
18505,ID00044,129.0,362,6764.0,6893.0
18506,ID00045,129.0,362,6764.0,6893.0
18507,ID00046,30.0,362,6937.0,6967.0
18508,ID00047,59.0,362,6970.0,7029.0
18509,ID00048,59.0,362,7681.0,7740.0
18510,ID00049,6.0,362,7754.0,7760.0
18511,finish,0.0,362,7762.0,7762.0
18512,entry,0.0,363,6300,6300.0
18513,ID00000,57.0,363,6586.0,6643.0
18514,ID00001,56.0,363,6586.0,6642.0
18515,ID00002,54.0,363,6586.0,6640.0
18516,ID00003,54.0,363,6586.0,6640.0
18517,ID00004,56.0,363,6585.0,6641.0
18518,ID00005,55.0,363,6586.0,6641.0
18519,ID00006,55.0,363,6586.0,6641.0
18520,ID00007,55.0,363,6586.0,6641.0
18521,ID00008,55.0,363,6586.0,6641.0
18522,ID00009,55.0,363,6586.0,6641.0
18523,ID00010,54.0,363,6586.0,6640.0
18524,ID00011,54.0,363,6586.0,6640.0
18525,ID00012,1768.0,363,6650.0,8418.0
18526,ID00013,1486.0,363,6650.0,8136.0
18527,ID00014,1667.0,363,6648.0,8315.0
18528,ID00015,1360.0,363,6647.0,8007.0
18529,ID00016,1286.0,363,6648.0,7934.0
18530,ID00017,1598.0,363,6648.0,8246.0
18531,ID00018,880.0,363,6648.0,7528.0
18532,ID00019,1746.0,363,6648.0,8394.0
18533,ID00020,988.0,363,6648.0,7636.0
18534,ID00021,1553.0,363,6648.0,8201.0
18535,ID00022,2027.0,363,6648.0,8675.0
18536,ID00023,1807.0,363,6647.0,8454.0
18537,ID00024,17.0,363,8678.0,8695.0
18538,ID00025,15.0,363,8698.0,8713.0
18539,ID00026,15.0,363,8698.0,8713.0
18540,ID00027,16.0,363,8698.0,8714.0
18541,ID00028,14.0,363,8698.0,8712.0
18542,ID00029,18.0,363,8698.0,8716.0
18543,ID00030,17.0,363,8698.0,8715.0
18544,ID00031,17.0,363,8698.0,8715.0
18545,ID00032,16.0,363,8698.0,8714.0
18546,ID00033,16.0,363,8698.0,8714.0
18547,ID00034,17.0,363,8698.0,8715.0
18548,ID00035,15.0,363,8698.0,8713.0
18549,ID00036,13.0,363,8698.0,8711.0
18550,ID00037,1607.0,363,8716.0,10323.0
18551,ID00038,1213.0,363,8716.0,9929.0
18552,ID00039,1186.0,363,8717.0,9903.0
18553,ID00040,1749.0,363,8715.0,10464.0
18554,ID00041,1473.0,363,8719.0,10192.0
18555,ID00042,1670.0,363,8718.0,10388.0
18556,ID00043,1139.0,363,8718.0,9857.0
18557,ID00044,1855.0,363,8717.0,10572.0
18558,ID00045,2015.0,363,8717.0,10732.0
18559,ID00046,2007.0,363,8718.0,10725.0
18560,ID00047,1767.0,363,8716.0,10483.0
18561,ID00048,911.0,363,8714.0,9625.0
18562,ID00049,16.0,363,10735.0,10751.0
18563,finish,0.0,363,10752.0,10752.0
18564,entry,0.0,364,6300,6300.0
18565,ID00000,6.0,364,12287.0,12293.0
18566,ID00001,5.0,364,12258.0,12263.0
18567,ID00002,3417.0,364,7867.0,11284.0
18568,ID00003,542.0,364,11308.0,11850.0
18569,ID00004,27.0,364,11853.0,11880.0
18570,ID00005,627.0,364,11308.0,11935.0
18571,ID00006,22.0,364,11938.0,11960.0
18572,ID00007,382.0,364,11308.0,11690.0
18573,ID00008,20.0,364,11693.0,11713.0
18574,ID00009,449.0,364,11308.0,11757.0
18575,ID00010,27.0,364,11760.0,11787.0
18576,ID00011,453.0,364,11308.0,11761.0
18577,ID00012,27.0,364,11764.0,11791.0
18578,ID00013,757.0,364,11308.0,12065.0
18579,ID00014,28.0,364,12068.0,12096.0
18580,ID00015,598.0,364,11308.0,11906.0
18581,ID00016,12.0,364,11909.0,11921.0
18582,ID00017,445.0,364,11308.0,11753.0
18583,ID00018,10.0,364,11756.0,11766.0
18584,ID00019,947.0,364,11308.0,12255.0
18585,ID00020,26.0,364,12258.0,12284.0
18586,ID00021,688.0,364,11308.0,11996.0
18587,ID00022,25.0,364,11999.0,12024.0
18588,ID00023,2589.0,364,7875.0,10464.0
18589,ID00024,1086.0,364,10480.0,11566.0
18590,ID00025,15.0,364,11569.0,11584.0
18591,ID00026,669.0,364,10480.0,11149.0
18592,ID00027,21.0,364,11152.0,11173.0
18593,ID00028,784.0,364,10480.0,11264.0
18594,ID00029,21.0,364,11267.0,11288.0
18595,ID00030,937.0,364,10480.0,11417.0
18596,ID00031,11.0,364,11420.0,11431.0
18597,ID00032,541.0,364,10480.0,11021.0
18598,ID00033,22.0,364,11024.0,11046.0
18599,ID00034,518.0,364,10480.0,10998.0
18600,ID00035,20.0,364,11001.0,11021.0
18601,ID00036,1103.0,364,10480.0,11583.0
18602,ID00037,19.0,364,11586.0,11605.0
18603,ID00038,969.0,364,10480.0,11449.0
18604,ID00039,19.0,364,11452.0,11471.0
18605,ID00040,490.0,364,10480.0,10970.0
18606,ID00041,27.0,364,10973.0,11000.0
18607,ID00042,984.0,364,10480.0,11464.0
18608,ID00043,19.0,364,11467.0,11486.0
18609,ID00044,446.0,364,10480.0,10926.0
18610,ID00045,23.0,364,10929.0,10952.0
18611,ID00046,441.0,364,10480.0,10921.0
18612,ID00047,10.0,364,10924.0,10934.0
18613,ID00048,602.0,364,10480.0,11082.0
18614,ID00049,12.0,364,11085.0,11097.0
18615,finish,0.0,364,12294.0,12294.0
18616,entry,0.0,365,6300,6300.0
18617,ID00000,6.0,365,12287.0,12293.0
18618,ID00001,5.0,365,12258.0,12263.0
18619,ID00002,3417.0,365,7867.0,11284.0
18620,ID00003,542.0,365,11308.0,11850.0
18621,ID00004,27.0,365,11853.0,11880.0
18622,ID00005,627.0,365,11308.0,11935.0
18623,ID00006,22.0,365,11938.0,11960.0
18624,ID00007,382.0,365,11308.0,11690.0
18625,ID00008,20.0,365,11693.0,11713.0
18626,ID00009,449.0,365,11308.0,11757.0
18627,ID00010,27.0,365,11760.0,11787.0
18628,ID00011,453.0,365,11308.0,11761.0
18629,ID00012,27.0,365,11764.0,11791.0
18630,ID00013,757.0,365,11308.0,12065.0
18631,ID00014,28.0,365,12068.0,12096.0
18632,ID00015,598.0,365,11308.0,11906.0
18633,ID00016,12.0,365,11909.0,11921.0
18634,ID00017,445.0,365,11308.0,11753.0
18635,ID00018,10.0,365,11756.0,11766.0
18636,ID00019,947.0,365,11308.0,12255.0
18637,ID00020,26.0,365,12258.0,12284.0
18638,ID00021,688.0,365,11308.0,11996.0
18639,ID00022,25.0,365,11999.0,12024.0
18640,ID00023,2589.0,365,7875.0,10464.0
18641,ID00024,1086.0,365,10480.0,11566.0
18642,ID00025,15.0,365,11569.0,11584.0
18643,ID00026,669.0,365,10480.0,11149.0
18644,ID00027,21.0,365,11152.0,11173.0
18645,ID00028,784.0,365,10480.0,11264.0
18646,ID00029,21.0,365,11267.0,11288.0
18647,ID00030,937.0,365,10480.0,11417.0
18648,ID00031,11.0,365,11420.0,11431.0
18649,ID00032,541.0,365,10480.0,11021.0
18650,ID00033,22.0,365,11024.0,11046.0
18651,ID00034,518.0,365,10480.0,10998.0
18652,ID00035,20.0,365,11001.0,11021.0
18653,ID00036,1103.0,365,10480.0,11583.0
18654,ID00037,19.0,365,11586.0,11605.0
18655,ID00038,969.0,365,10480.0,11449.0
18656,ID00039,19.0,365,11452.0,11471.0
18657,ID00040,490.0,365,10480.0,10970.0
18658,ID00041,27.0,365,10973.0,11000.0
18659,ID00042,984.0,365,10480.0,11464.0
18660,ID00043,19.0,365,11467.0,11486.0
18661,ID00044,446.0,365,10480.0,10926.0
18662,ID00045,23.0,365,10929.0,10952.0
18663,ID00046,441.0,365,10480.0,10921.0
18664,ID00047,10.0,365,10924.0,10934.0
18665,ID00048,602.0,365,10480.0,11082.0
18666,ID00049,12.0,365,11085.0,11097.0
18667,finish,0.0,365,12294.0,12294.0
18668,entry,0.0,366,6300,6300.0
18669,ID00000,165.0,366,6323.0,6488.0
18670,ID00001,165.0,366,6323.0,6488.0
18671,ID00002,166.0,366,6323.0,6489.0
18672,ID00003,166.0,366,6323.0,6489.0
18673,ID00004,163.0,366,6323.0,6486.0
18674,ID00005,166.0,366,6323.0,6489.0
18675,ID00006,164.0,366,6323.0,6487.0
18676,ID00007,166.0,366,6323.0,6489.0
18677,ID00008,129.0,366,6530.0,6659.0
18678,ID00009,128.0,366,6531.0,6659.0
18679,ID00010,126.0,366,6530.0,6656.0
18680,ID00011,128.0,366,6531.0,6659.0
18681,ID00012,129.0,366,6530.0,6659.0
18682,ID00013,126.0,366,6531.0,6657.0
18683,ID00014,128.0,366,6531.0,6659.0
18684,ID00015,128.0,366,6531.0,6659.0
18685,ID00016,127.0,366,6531.0,6658.0
18686,ID00017,125.0,366,6531.0,6656.0
18687,ID00018,129.0,366,6531.0,6660.0
18688,ID00019,127.0,366,6531.0,6658.0
18689,ID00020,126.0,366,6531.0,6657.0
18690,ID00021,129.0,366,6531.0,6660.0
18691,ID00022,127.0,366,6531.0,6658.0
18692,ID00023,129.0,366,6531.0,6660.0
18693,ID00024,126.0,366,6528.0,6654.0
18694,ID00025,127.0,366,6531.0,6658.0
18695,ID00026,130.0,366,6531.0,6661.0
18696,ID00027,126.0,366,6531.0,6657.0
18697,ID00028,128.0,366,6531.0,6659.0
18698,ID00029,128.0,366,6530.0,6658.0
18699,ID00030,128.0,366,6531.0,6659.0
18700,ID00031,128.0,366,6531.0,6659.0
18701,ID00032,127.0,366,6531.0,6658.0
18702,ID00033,127.0,366,6531.0,6658.0
18703,ID00034,127.0,366,6531.0,6658.0
18704,ID00035,127.0,366,6531.0,6658.0
18705,ID00036,27.0,366,6667.0,6694.0
18706,ID00037,64.0,366,6697.0,6761.0
18707,ID00038,131.0,366,6764.0,6895.0
18708,ID00039,129.0,366,6764.0,6893.0
18709,ID00040,131.0,366,6764.0,6895.0
18710,ID00041,128.0,366,6764.0,6892.0
18711,ID00042,126.0,366,6764.0,6890.0
18712,ID00043,128.0,366,6764.0,6892.0
18713,ID00044,129.0,366,6764.0,6893.0
18714,ID00045,129.0,366,6764.0,6893.0
18715,ID00046,30.0,366,6937.0,6967.0
18716,ID00047,59.0,366,6970.0,7029.0
18717,ID00048,59.0,366,7681.0,7740.0
18718,ID00049,6.0,366,7754.0,7760.0
18719,finish,0.0,366,7762.0,7762.0
18720,entry,0.0,367,6300,6300.0
18721,ID00000,6.0,367,12287.0,12293.0
18722,ID00001,5.0,367,12258.0,12263.0
18723,ID00002,3417.0,367,7867.0,11284.0
18724,ID00003,542.0,367,11308.0,11850.0
18725,ID00004,27.0,367,11853.0,11880.0
18726,ID00005,627.0,367,11308.0,11935.0
18727,ID00006,22.0,367,11938.0,11960.0
18728,ID00007,382.0,367,11308.0,11690.0
18729,ID00008,20.0,367,11693.0,11713.0
18730,ID00009,449.0,367,11308.0,11757.0
18731,ID00010,27.0,367,11760.0,11787.0
18732,ID00011,453.0,367,11308.0,11761.0
18733,ID00012,27.0,367,11764.0,11791.0
18734,ID00013,757.0,367,11308.0,12065.0
18735,ID00014,28.0,367,12068.0,12096.0
18736,ID00015,598.0,367,11308.0,11906.0
18737,ID00016,12.0,367,11909.0,11921.0
18738,ID00017,445.0,367,11308.0,11753.0
18739,ID00018,10.0,367,11756.0,11766.0
18740,ID00019,947.0,367,11308.0,12255.0
18741,ID00020,26.0,367,12258.0,12284.0
18742,ID00021,688.0,367,11308.0,11996.0
18743,ID00022,25.0,367,11999.0,12024.0
18744,ID00023,2589.0,367,7875.0,10464.0
18745,ID00024,1086.0,367,10480.0,11566.0
18746,ID00025,15.0,367,11569.0,11584.0
18747,ID00026,669.0,367,10480.0,11149.0
18748,ID00027,21.0,367,11152.0,11173.0
18749,ID00028,784.0,367,10480.0,11264.0
18750,ID00029,21.0,367,11267.0,11288.0
18751,ID00030,937.0,367,10480.0,11417.0
18752,ID00031,11.0,367,11420.0,11431.0
18753,ID00032,541.0,367,10480.0,11021.0
18754,ID00033,22.0,367,11024.0,11046.0
18755,ID00034,518.0,367,10480.0,10998.0
18756,ID00035,20.0,367,11001.0,11021.0
18757,ID00036,1103.0,367,10480.0,11583.0
18758,ID00037,19.0,367,11586.0,11605.0
18759,ID00038,969.0,367,10480.0,11449.0
18760,ID00039,19.0,367,11452.0,11471.0
18761,ID00040,490.0,367,10480.0,10970.0
18762,ID00041,27.0,367,10973.0,11000.0
18763,ID00042,984.0,367,10480.0,11464.0
18764,ID00043,19.0,367,11467.0,11486.0
18765,ID00044,446.0,367,10480.0,10926.0
18766,ID00045,23.0,367,10929.0,10952.0
18767,ID00046,441.0,367,10480.0,10921.0
18768,ID00047,10.0,367,10924.0,10934.0
18769,ID00048,602.0,367,10480.0,11082.0
18770,ID00049,12.0,367,11085.0,11097.0
18771,finish,0.0,367,12294.0,12294.0
18772,entry,0.0,368,6300,6300.0
18773,ID00000,3.0,368,6308.0,6311.0
18774,ID00001,3.0,368,6304.0,6307.0
18775,ID00002,3.0,368,6304.0,6307.0
18776,ID00003,3.0,368,6304.0,6307.0
18777,ID00004,3.0,368,6304.0,6307.0
18778,ID00005,3.0,368,6304.0,6307.0
18779,ID00006,3.0,368,6304.0,6307.0
18780,ID00007,3.0,368,6304.0,6307.0
18781,ID00008,3.0,368,6304.0,6307.0
18782,ID00009,3.0,368,6304.0,6307.0
18783,ID00010,3.0,368,6304.0,6307.0
18784,ID00011,3.0,368,6304.0,6307.0
18785,ID00012,3.0,368,6304.0,6307.0
18786,ID00013,497.0,368,6302.0,6799.0
18787,ID00014,10.0,368,6302.0,6312.0
18788,ID00015,20.0,368,6303.0,6323.0
18789,ID00016,468.0,368,7204.0,7672.0
18790,ID00017,134.0,368,7675.0,7809.0
18791,ID00018,3.0,368,7823.0,7826.0
18792,ID00019,3.0,368,7823.0,7826.0
18793,ID00020,329.0,368,7823.0,8152.0
18794,ID00021,9.0,368,7827.0,7836.0
18795,ID00022,3.0,368,7823.0,7826.0
18796,ID00023,3.0,368,8160.0,8163.0
18797,ID00025,3.0,368,6308.0,6311.0
18798,ID00026,3.0,368,6304.0,6307.0
18799,ID00027,3.0,368,6304.0,6307.0
18800,ID00028,3.0,368,6304.0,6307.0
18801,ID00029,3.0,368,6304.0,6307.0
18802,ID00030,3.0,368,6304.0,6307.0
18803,ID00031,3.0,368,6304.0,6307.0
18804,ID00032,3.0,368,6304.0,6307.0
18805,ID00033,3.0,368,6304.0,6307.0
18806,ID00034,3.0,368,6304.0,6307.0
18807,ID00035,3.0,368,6304.0,6307.0
18808,ID00036,3.0,368,6304.0,6307.0
18809,ID00037,3.0,368,6304.0,6307.0
18810,ID00038,277.0,368,6302.0,6579.0
18811,ID00039,10.0,368,6302.0,6312.0
18812,ID00040,9.0,368,6303.0,6312.0
18813,ID00041,626.0,368,7208.0,7834.0
18814,ID00042,46.0,368,7837.0,7883.0
18815,ID00043,3.0,368,7897.0,7900.0
18816,ID00044,3.0,368,7897.0,7900.0
18817,ID00045,319.0,368,7897.0,8216.0
18818,ID00046,9.0,368,7901.0,7910.0
18819,ID00047,3.0,368,7897.0,7900.0
18820,ID00048,3.0,368,8224.0,8227.0
18821,finish,0.0,368,8235.0,8235.0
18822,entry,0.0,369,6300,6300.0
18823,ID00000,3.0,369,6374.0,6377.0
18824,ID00001,3.0,369,6327.0,6330.0
18825,ID00002,3.0,369,6453.0,6456.0
18826,ID00003,3.0,369,6453.0,6456.0
18827,ID00004,3.0,369,6453.0,6456.0
18828,ID00005,3.0,369,6453.0,6456.0
18829,ID00006,3.0,369,6453.0,6456.0
18830,ID00007,3.0,369,6360.0,6363.0
18831,ID00008,3.0,369,6360.0,6363.0
18832,ID00009,3.0,369,6360.0,6363.0
18833,ID00010,3.0,369,6360.0,6363.0
18834,ID00011,3.0,369,6360.0,6363.0
18835,ID00012,3.0,369,6472.0,6475.0
18836,ID00013,3.0,369,6470.0,6473.0
18837,ID00014,3.0,369,6472.0,6475.0
18838,ID00015,3.0,369,6472.0,6475.0
18839,ID00016,3.0,369,6472.0,6475.0
18840,ID00017,3.0,369,6369.0,6372.0
18841,ID00018,3.0,369,6369.0,6372.0
18842,ID00019,3.0,369,6369.0,6372.0
18843,ID00020,3.0,369,6369.0,6372.0
18844,ID00021,3.0,369,6369.0,6372.0
18845,ID00022,3.0,369,6481.0,6484.0
18846,ID00023,3.0,369,6478.0,6481.0
18847,ID00024,3.0,369,6480.0,6483.0
18848,ID00025,3.0,369,6485.0,6488.0
18849,ID00026,3.0,369,6481.0,6484.0
18850,ID00027,3.0,369,6374.0,6377.0
18851,ID00028,3.0,369,6374.0,6377.0
18852,ID00029,3.0,369,6374.0,6377.0
18853,ID00030,3.0,369,6374.0,6377.0
18854,ID00031,3.0,369,6375.0,6378.0
18855,ID00032,172.0,369,6486.0,6658.0
18856,ID00033,230.0,369,6483.0,6713.0
18857,ID00034,125.0,369,6485.0,6610.0
18858,ID00035,175.0,369,6491.0,6666.0
18859,ID00036,163.0,369,6486.0,6649.0
18860,ID00037,178.0,369,6378.0,6556.0
18861,ID00038,217.0,369,6378.0,6595.0
18862,ID00039,175.0,369,6378.0,6553.0
18863,ID00040,181.0,369,6378.0,6559.0
18864,ID00041,158.0,369,6379.0,6537.0
18865,ID00042,3.0,369,6715.0,6718.0
18866,ID00043,3.0,369,6596.0,6599.0
18867,ID00044,3.0,369,6726.0,6729.0
18868,ID00045,3.0,369,6740.0,6743.0
18869,ID00046,62.0,369,6744.0,6806.0
18870,finish,0.0,369,6807.0,6807.0
18871,entry,0.0,370,6300,6300.0
18872,ID00000,6.0,370,12287.0,12293.0
18873,ID00001,5.0,370,12258.0,12263.0
18874,ID00002,3417.0,370,7867.0,11284.0
18875,ID00003,542.0,370,11308.0,11850.0
18876,ID00004,27.0,370,11853.0,11880.0
18877,ID00005,627.0,370,11308.0,11935.0
18878,ID00006,22.0,370,11938.0,11960.0
18879,ID00007,382.0,370,11308.0,11690.0
18880,ID00008,20.0,370,11693.0,11713.0
18881,ID00009,449.0,370,11308.0,11757.0
18882,ID00010,27.0,370,11760.0,11787.0
18883,ID00011,453.0,370,11308.0,11761.0
18884,ID00012,27.0,370,11764.0,11791.0
18885,ID00013,757.0,370,11308.0,12065.0
18886,ID00014,28.0,370,12068.0,12096.0
18887,ID00015,598.0,370,11308.0,11906.0
18888,ID00016,12.0,370,11909.0,11921.0
18889,ID00017,445.0,370,11308.0,11753.0
18890,ID00018,10.0,370,11756.0,11766.0
18891,ID00019,947.0,370,11308.0,12255.0
18892,ID00020,26.0,370,12258.0,12284.0
18893,ID00021,688.0,370,11308.0,11996.0
18894,ID00022,25.0,370,11999.0,12024.0
18895,ID00023,2589.0,370,7875.0,10464.0
18896,ID00024,1086.0,370,10480.0,11566.0
18897,ID00025,15.0,370,11569.0,11584.0
18898,ID00026,669.0,370,10480.0,11149.0
18899,ID00027,21.0,370,11152.0,11173.0
18900,ID00028,784.0,370,10480.0,11264.0
18901,ID00029,21.0,370,11267.0,11288.0
18902,ID00030,937.0,370,10480.0,11417.0
18903,ID00031,11.0,370,11420.0,11431.0
18904,ID00032,541.0,370,10480.0,11021.0
18905,ID00033,22.0,370,11024.0,11046.0
18906,ID00034,518.0,370,10480.0,10998.0
18907,ID00035,20.0,370,11001.0,11021.0
18908,ID00036,1103.0,370,10480.0,11583.0
18909,ID00037,19.0,370,11586.0,11605.0
18910,ID00038,969.0,370,10480.0,11449.0
18911,ID00039,19.0,370,11452.0,11471.0
18912,ID00040,490.0,370,10480.0,10970.0
18913,ID00041,27.0,370,10973.0,11000.0
18914,ID00042,984.0,370,10480.0,11464.0
18915,ID00043,19.0,370,11467.0,11486.0
18916,ID00044,446.0,370,10480.0,10926.0
18917,ID00045,23.0,370,10929.0,10952.0
18918,ID00046,441.0,370,10480.0,10921.0
18919,ID00047,10.0,370,10924.0,10934.0
18920,ID00048,602.0,370,10480.0,11082.0
18921,ID00049,12.0,370,11085.0,11097.0
18922,finish,0.0,370,12294.0,12294.0
18923,entry,0.0,371,6300,6300.0
18924,ID00000,3.0,371,6374.0,6377.0
18925,ID00001,3.0,371,6327.0,6330.0
18926,ID00002,3.0,371,6453.0,6456.0
18927,ID00003,3.0,371,6453.0,6456.0
18928,ID00004,3.0,371,6453.0,6456.0
18929,ID00005,3.0,371,6453.0,6456.0
18930,ID00006,3.0,371,6453.0,6456.0
18931,ID00007,3.0,371,6360.0,6363.0
18932,ID00008,3.0,371,6360.0,6363.0
18933,ID00009,3.0,371,6360.0,6363.0
18934,ID00010,3.0,371,6360.0,6363.0
18935,ID00011,3.0,371,6360.0,6363.0
18936,ID00012,3.0,371,6472.0,6475.0
18937,ID00013,3.0,371,6470.0,6473.0
18938,ID00014,3.0,371,6472.0,6475.0
18939,ID00015,3.0,371,6472.0,6475.0
18940,ID00016,3.0,371,6472.0,6475.0
18941,ID00017,3.0,371,6369.0,6372.0
18942,ID00018,3.0,371,6369.0,6372.0
18943,ID00019,3.0,371,6369.0,6372.0
18944,ID00020,3.0,371,6369.0,6372.0
18945,ID00021,3.0,371,6369.0,6372.0
18946,ID00022,3.0,371,6481.0,6484.0
18947,ID00023,3.0,371,6478.0,6481.0
18948,ID00024,3.0,371,6480.0,6483.0
18949,ID00025,3.0,371,6485.0,6488.0
18950,ID00026,3.0,371,6481.0,6484.0
18951,ID00027,3.0,371,6374.0,6377.0
18952,ID00028,3.0,371,6374.0,6377.0
18953,ID00029,3.0,371,6374.0,6377.0
18954,ID00030,3.0,371,6374.0,6377.0
18955,ID00031,3.0,371,6375.0,6378.0
18956,ID00032,172.0,371,6486.0,6658.0
18957,ID00033,230.0,371,6483.0,6713.0
18958,ID00034,125.0,371,6485.0,6610.0
18959,ID00035,175.0,371,6491.0,6666.0
18960,ID00036,163.0,371,6486.0,6649.0
18961,ID00037,178.0,371,6378.0,6556.0
18962,ID00038,217.0,371,6378.0,6595.0
18963,ID00039,175.0,371,6378.0,6553.0
18964,ID00040,181.0,371,6378.0,6559.0
18965,ID00041,158.0,371,6379.0,6537.0
18966,ID00042,3.0,371,6715.0,6718.0
18967,ID00043,3.0,371,6596.0,6599.0
18968,ID00044,3.0,371,6726.0,6729.0
18969,ID00045,3.0,371,6740.0,6743.0
18970,ID00046,62.0,371,6744.0,6806.0
18971,finish,0.0,371,6807.0,6807.0
18972,entry,0.0,372,6300,6300.0
18973,ID00000,3.0,372,6308.0,6311.0
18974,ID00001,3.0,372,6304.0,6307.0
18975,ID00002,3.0,372,6304.0,6307.0
18976,ID00003,3.0,372,6304.0,6307.0
18977,ID00004,3.0,372,6304.0,6307.0
18978,ID00005,3.0,372,6304.0,6307.0
18979,ID00006,3.0,372,6304.0,6307.0
18980,ID00007,3.0,372,6304.0,6307.0
18981,ID00008,3.0,372,6304.0,6307.0
18982,ID00009,3.0,372,6304.0,6307.0
18983,ID00010,3.0,372,6304.0,6307.0
18984,ID00011,3.0,372,6304.0,6307.0
18985,ID00012,3.0,372,6304.0,6307.0
18986,ID00013,497.0,372,6302.0,6799.0
18987,ID00014,10.0,372,6302.0,6312.0
18988,ID00015,20.0,372,6303.0,6323.0
18989,ID00016,468.0,372,7204.0,7672.0
18990,ID00017,134.0,372,7675.0,7809.0
18991,ID00018,3.0,372,7823.0,7826.0
18992,ID00019,3.0,372,7823.0,7826.0
18993,ID00020,329.0,372,7823.0,8152.0
18994,ID00021,9.0,372,7827.0,7836.0
18995,ID00022,3.0,372,7823.0,7826.0
18996,ID00023,3.0,372,8160.0,8163.0
18997,ID00025,3.0,372,6308.0,6311.0
18998,ID00026,3.0,372,6304.0,6307.0
18999,ID00027,3.0,372,6304.0,6307.0
19000,ID00028,3.0,372,6304.0,6307.0
19001,ID00029,3.0,372,6304.0,6307.0
19002,ID00030,3.0,372,6304.0,6307.0
19003,ID00031,3.0,372,6304.0,6307.0
19004,ID00032,3.0,372,6304.0,6307.0
19005,ID00033,3.0,372,6304.0,6307.0
19006,ID00034,3.0,372,6304.0,6307.0
19007,ID00035,3.0,372,6304.0,6307.0
19008,ID00036,3.0,372,6304.0,6307.0
19009,ID00037,3.0,372,6304.0,6307.0
19010,ID00038,277.0,372,6302.0,6579.0
19011,ID00039,10.0,372,6302.0,6312.0
19012,ID00040,9.0,372,6303.0,6312.0
19013,ID00041,626.0,372,7208.0,7834.0
19014,ID00042,46.0,372,7837.0,7883.0
19015,ID00043,3.0,372,7897.0,7900.0
19016,ID00044,3.0,372,7897.0,7900.0
19017,ID00045,319.0,372,7897.0,8216.0
19018,ID00046,9.0,372,7901.0,7910.0
19019,ID00047,3.0,372,7897.0,7900.0
19020,ID00048,3.0,372,8224.0,8227.0
19021,finish,0.0,372,8235.0,8235.0
19022,entry,0.0,373,6300,6300.0
19023,ID00000,57.0,373,6586.0,6643.0
19024,ID00001,56.0,373,6586.0,6642.0
19025,ID00002,54.0,373,6586.0,6640.0
19026,ID00003,54.0,373,6586.0,6640.0
19027,ID00004,56.0,373,6585.0,6641.0
19028,ID00005,55.0,373,6586.0,6641.0
19029,ID00006,55.0,373,6586.0,6641.0
19030,ID00007,55.0,373,6586.0,6641.0
19031,ID00008,55.0,373,6586.0,6641.0
19032,ID00009,55.0,373,6586.0,6641.0
19033,ID00010,54.0,373,6586.0,6640.0
19034,ID00011,54.0,373,6586.0,6640.0
19035,ID00012,1768.0,373,6650.0,8418.0
19036,ID00013,1486.0,373,6650.0,8136.0
19037,ID00014,1667.0,373,6648.0,8315.0
19038,ID00015,1360.0,373,6647.0,8007.0
19039,ID00016,1286.0,373,6648.0,7934.0
19040,ID00017,1598.0,373,6648.0,8246.0
19041,ID00018,880.0,373,6648.0,7528.0
19042,ID00019,1746.0,373,6648.0,8394.0
19043,ID00020,988.0,373,6648.0,7636.0
19044,ID00021,1553.0,373,6648.0,8201.0
19045,ID00022,2027.0,373,6648.0,8675.0
19046,ID00023,1807.0,373,6647.0,8454.0
19047,ID00024,17.0,373,8678.0,8695.0
19048,ID00025,15.0,373,8698.0,8713.0
19049,ID00026,15.0,373,8698.0,8713.0
19050,ID00027,16.0,373,8698.0,8714.0
19051,ID00028,14.0,373,8698.0,8712.0
19052,ID00029,18.0,373,8698.0,8716.0
19053,ID00030,17.0,373,8698.0,8715.0
19054,ID00031,17.0,373,8698.0,8715.0
19055,ID00032,16.0,373,8698.0,8714.0
19056,ID00033,16.0,373,8698.0,8714.0
19057,ID00034,17.0,373,8698.0,8715.0
19058,ID00035,15.0,373,8698.0,8713.0
19059,ID00036,13.0,373,8698.0,8711.0
19060,ID00037,1607.0,373,8716.0,10323.0
19061,ID00038,1213.0,373,8716.0,9929.0
19062,ID00039,1186.0,373,8717.0,9903.0
19063,ID00040,1749.0,373,8715.0,10464.0
19064,ID00041,1473.0,373,8719.0,10192.0
19065,ID00042,1670.0,373,8718.0,10388.0
19066,ID00043,1139.0,373,8718.0,9857.0
19067,ID00044,1855.0,373,8717.0,10572.0
19068,ID00045,2015.0,373,8717.0,10732.0
19069,ID00046,2007.0,373,8718.0,10725.0
19070,ID00047,1767.0,373,8716.0,10483.0
19071,ID00048,911.0,373,8714.0,9625.0
19072,ID00049,16.0,373,10735.0,10751.0
19073,finish,0.0,373,10752.0,10752.0
19074,entry,0.0,374,6300,6300.0
19075,ID00000,3.0,374,6308.0,6311.0
19076,ID00001,3.0,374,6304.0,6307.0
19077,ID00002,3.0,374,6304.0,6307.0
19078,ID00003,3.0,374,6304.0,6307.0
19079,ID00004,3.0,374,6304.0,6307.0
19080,ID00005,3.0,374,6304.0,6307.0
19081,ID00006,3.0,374,6304.0,6307.0
19082,ID00007,3.0,374,6304.0,6307.0
19083,ID00008,3.0,374,6304.0,6307.0
19084,ID00009,3.0,374,6304.0,6307.0
19085,ID00010,3.0,374,6304.0,6307.0
19086,ID00011,3.0,374,6304.0,6307.0
19087,ID00012,3.0,374,6304.0,6307.0
19088,ID00013,497.0,374,6302.0,6799.0
19089,ID00014,10.0,374,6302.0,6312.0
19090,ID00015,20.0,374,6303.0,6323.0
19091,ID00016,468.0,374,7204.0,7672.0
19092,ID00017,134.0,374,7675.0,7809.0
19093,ID00018,3.0,374,7823.0,7826.0
19094,ID00019,3.0,374,7823.0,7826.0
19095,ID00020,329.0,374,7823.0,8152.0
19096,ID00021,9.0,374,7827.0,7836.0
19097,ID00022,3.0,374,7823.0,7826.0
19098,ID00023,3.0,374,8160.0,8163.0
19099,ID00025,3.0,374,6308.0,6311.0
19100,ID00026,3.0,374,6304.0,6307.0
19101,ID00027,3.0,374,6304.0,6307.0
19102,ID00028,3.0,374,6304.0,6307.0
19103,ID00029,3.0,374,6304.0,6307.0
19104,ID00030,3.0,374,6304.0,6307.0
19105,ID00031,3.0,374,6304.0,6307.0
19106,ID00032,3.0,374,6304.0,6307.0
19107,ID00033,3.0,374,6304.0,6307.0
19108,ID00034,3.0,374,6304.0,6307.0
19109,ID00035,3.0,374,6304.0,6307.0
19110,ID00036,3.0,374,6304.0,6307.0
19111,ID00037,3.0,374,6304.0,6307.0
19112,ID00038,277.0,374,6302.0,6579.0
19113,ID00039,10.0,374,6302.0,6312.0
19114,ID00040,9.0,374,6303.0,6312.0
19115,ID00041,626.0,374,7208.0,7834.0
19116,ID00042,46.0,374,7837.0,7883.0
19117,ID00043,3.0,374,7897.0,7900.0
19118,ID00044,3.0,374,7897.0,7900.0
19119,ID00045,319.0,374,7897.0,8216.0
19120,ID00046,9.0,374,7901.0,7910.0
19121,ID00047,3.0,374,7897.0,7900.0
19122,ID00048,3.0,374,8224.0,8227.0
19123,finish,0.0,374,8235.0,8235.0
19124,entry,0.0,375,6300,6300.0
19125,ID00000,57.0,375,6586.0,6643.0
19126,ID00001,56.0,375,6586.0,6642.0
19127,ID00002,54.0,375,6586.0,6640.0
19128,ID00003,54.0,375,6586.0,6640.0
19129,ID00004,56.0,375,6585.0,6641.0
19130,ID00005,55.0,375,6586.0,6641.0
19131,ID00006,55.0,375,6586.0,6641.0
19132,ID00007,55.0,375,6586.0,6641.0
19133,ID00008,55.0,375,6586.0,6641.0
19134,ID00009,55.0,375,6586.0,6641.0
19135,ID00010,54.0,375,6586.0,6640.0
19136,ID00011,54.0,375,6586.0,6640.0
19137,ID00012,1768.0,375,6650.0,8418.0
19138,ID00013,1486.0,375,6650.0,8136.0
19139,ID00014,1667.0,375,6648.0,8315.0
19140,ID00015,1360.0,375,6647.0,8007.0
19141,ID00016,1286.0,375,6648.0,7934.0
19142,ID00017,1598.0,375,6648.0,8246.0
19143,ID00018,880.0,375,6648.0,7528.0
19144,ID00019,1746.0,375,6648.0,8394.0
19145,ID00020,988.0,375,6648.0,7636.0
19146,ID00021,1553.0,375,6648.0,8201.0
19147,ID00022,2027.0,375,6648.0,8675.0
19148,ID00023,1807.0,375,6647.0,8454.0
19149,ID00024,17.0,375,8678.0,8695.0
19150,ID00025,15.0,375,8698.0,8713.0
19151,ID00026,15.0,375,8698.0,8713.0
19152,ID00027,16.0,375,8698.0,8714.0
19153,ID00028,14.0,375,8698.0,8712.0
19154,ID00029,18.0,375,8698.0,8716.0
19155,ID00030,17.0,375,8698.0,8715.0
19156,ID00031,17.0,375,8698.0,8715.0
19157,ID00032,16.0,375,8698.0,8714.0
19158,ID00033,16.0,375,8698.0,8714.0
19159,ID00034,17.0,375,8698.0,8715.0
19160,ID00035,15.0,375,8698.0,8713.0
19161,ID00036,13.0,375,8698.0,8711.0
19162,ID00037,1607.0,375,8716.0,10323.0
19163,ID00038,1213.0,375,8716.0,9929.0
19164,ID00039,1186.0,375,8717.0,9903.0
19165,ID00040,1749.0,375,8715.0,10464.0
19166,ID00041,1473.0,375,8719.0,10192.0
19167,ID00042,1670.0,375,8718.0,10388.0
19168,ID00043,1139.0,375,8718.0,9857.0
19169,ID00044,1855.0,375,8717.0,10572.0
19170,ID00045,2015.0,375,8717.0,10732.0
19171,ID00046,2007.0,375,8718.0,10725.0
19172,ID00047,1767.0,375,8716.0,10483.0
19173,ID00048,911.0,375,8714.0,9625.0
19174,ID00049,16.0,375,10735.0,10751.0
19175,finish,0.0,375,10752.0,10752.0
19176,entry,0.0,376,6300,6300.0
19177,ID00000,57.0,376,6586.0,6643.0
19178,ID00001,56.0,376,6586.0,6642.0
19179,ID00002,54.0,376,6586.0,6640.0
19180,ID00003,54.0,376,6586.0,6640.0
19181,ID00004,56.0,376,6585.0,6641.0
19182,ID00005,55.0,376,6586.0,6641.0
19183,ID00006,55.0,376,6586.0,6641.0
19184,ID00007,55.0,376,6586.0,6641.0
19185,ID00008,55.0,376,6586.0,6641.0
19186,ID00009,55.0,376,6586.0,6641.0
19187,ID00010,54.0,376,6586.0,6640.0
19188,ID00011,54.0,376,6586.0,6640.0
19189,ID00012,1768.0,376,6650.0,8418.0
19190,ID00013,1486.0,376,6650.0,8136.0
19191,ID00014,1667.0,376,6648.0,8315.0
19192,ID00015,1360.0,376,6647.0,8007.0
19193,ID00016,1286.0,376,6648.0,7934.0
19194,ID00017,1598.0,376,6648.0,8246.0
19195,ID00018,880.0,376,6648.0,7528.0
19196,ID00019,1746.0,376,6648.0,8394.0
19197,ID00020,988.0,376,6648.0,7636.0
19198,ID00021,1553.0,376,6648.0,8201.0
19199,ID00022,2027.0,376,6648.0,8675.0
19200,ID00023,1807.0,376,6647.0,8454.0
19201,ID00024,17.0,376,8678.0,8695.0
19202,ID00025,15.0,376,8698.0,8713.0
19203,ID00026,15.0,376,8698.0,8713.0
19204,ID00027,16.0,376,8698.0,8714.0
19205,ID00028,14.0,376,8698.0,8712.0
19206,ID00029,18.0,376,8698.0,8716.0
19207,ID00030,17.0,376,8698.0,8715.0
19208,ID00031,17.0,376,8698.0,8715.0
19209,ID00032,16.0,376,8698.0,8714.0
19210,ID00033,16.0,376,8698.0,8714.0
19211,ID00034,17.0,376,8698.0,8715.0
19212,ID00035,15.0,376,8698.0,8713.0
19213,ID00036,13.0,376,8698.0,8711.0
19214,ID00037,1607.0,376,8716.0,10323.0
19215,ID00038,1213.0,376,8716.0,9929.0
19216,ID00039,1186.0,376,8717.0,9903.0
19217,ID00040,1749.0,376,8715.0,10464.0
19218,ID00041,1473.0,376,8719.0,10192.0
19219,ID00042,1670.0,376,8718.0,10388.0
19220,ID00043,1139.0,376,8718.0,9857.0
19221,ID00044,1855.0,376,8717.0,10572.0
19222,ID00045,2015.0,376,8717.0,10732.0
19223,ID00046,2007.0,376,8718.0,10725.0
19224,ID00047,1767.0,376,8716.0,10483.0
19225,ID00048,911.0,376,8714.0,9625.0
19226,ID00049,16.0,376,10735.0,10751.0
19227,finish,0.0,376,10752.0,10752.0
19228,entry,0.0,377,6300,6300.0
19229,ID00000,3.0,377,6308.0,6311.0
19230,ID00001,3.0,377,6304.0,6307.0
19231,ID00002,3.0,377,6304.0,6307.0
19232,ID00003,3.0,377,6304.0,6307.0
19233,ID00004,3.0,377,6304.0,6307.0
19234,ID00005,3.0,377,6304.0,6307.0
19235,ID00006,3.0,377,6304.0,6307.0
19236,ID00007,3.0,377,6304.0,6307.0
19237,ID00008,3.0,377,6304.0,6307.0
19238,ID00009,3.0,377,6304.0,6307.0
19239,ID00010,3.0,377,6304.0,6307.0
19240,ID00011,3.0,377,6304.0,6307.0
19241,ID00012,3.0,377,6304.0,6307.0
19242,ID00013,497.0,377,6302.0,6799.0
19243,ID00014,10.0,377,6302.0,6312.0
19244,ID00015,20.0,377,6303.0,6323.0
19245,ID00016,468.0,377,7204.0,7672.0
19246,ID00017,134.0,377,7675.0,7809.0
19247,ID00018,3.0,377,7823.0,7826.0
19248,ID00019,3.0,377,7823.0,7826.0
19249,ID00020,329.0,377,7823.0,8152.0
19250,ID00021,9.0,377,7827.0,7836.0
19251,ID00022,3.0,377,7823.0,7826.0
19252,ID00023,3.0,377,8160.0,8163.0
19253,ID00025,3.0,377,6308.0,6311.0
19254,ID00026,3.0,377,6304.0,6307.0
19255,ID00027,3.0,377,6304.0,6307.0
19256,ID00028,3.0,377,6304.0,6307.0
19257,ID00029,3.0,377,6304.0,6307.0
19258,ID00030,3.0,377,6304.0,6307.0
19259,ID00031,3.0,377,6304.0,6307.0
19260,ID00032,3.0,377,6304.0,6307.0
19261,ID00033,3.0,377,6304.0,6307.0
19262,ID00034,3.0,377,6304.0,6307.0
19263,ID00035,3.0,377,6304.0,6307.0
19264,ID00036,3.0,377,6304.0,6307.0
19265,ID00037,3.0,377,6304.0,6307.0
19266,ID00038,277.0,377,6302.0,6579.0
19267,ID00039,10.0,377,6302.0,6312.0
19268,ID00040,9.0,377,6303.0,6312.0
19269,ID00041,626.0,377,7208.0,7834.0
19270,ID00042,46.0,377,7837.0,7883.0
19271,ID00043,3.0,377,7897.0,7900.0
19272,ID00044,3.0,377,7897.0,7900.0
19273,ID00045,319.0,377,7897.0,8216.0
19274,ID00046,9.0,377,7901.0,7910.0
19275,ID00047,3.0,377,7897.0,7900.0
19276,ID00048,3.0,377,8224.0,8227.0
19277,finish,0.0,377,8235.0,8235.0
19278,entry,0.0,378,6300,6300.0
19279,ID00000,3.0,378,6374.0,6377.0
19280,ID00001,3.0,378,6327.0,6330.0
19281,ID00002,3.0,378,6453.0,6456.0
19282,ID00003,3.0,378,6453.0,6456.0
19283,ID00004,3.0,378,6453.0,6456.0
19284,ID00005,3.0,378,6453.0,6456.0
19285,ID00006,3.0,378,6453.0,6456.0
19286,ID00007,3.0,378,6360.0,6363.0
19287,ID00008,3.0,378,6360.0,6363.0
19288,ID00009,3.0,378,6360.0,6363.0
19289,ID00010,3.0,378,6360.0,6363.0
19290,ID00011,3.0,378,6360.0,6363.0
19291,ID00012,3.0,378,6472.0,6475.0
19292,ID00013,3.0,378,6470.0,6473.0
19293,ID00014,3.0,378,6472.0,6475.0
19294,ID00015,3.0,378,6472.0,6475.0
19295,ID00016,3.0,378,6472.0,6475.0
19296,ID00017,3.0,378,6369.0,6372.0
19297,ID00018,3.0,378,6369.0,6372.0
19298,ID00019,3.0,378,6369.0,6372.0
19299,ID00020,3.0,378,6369.0,6372.0
19300,ID00021,3.0,378,6369.0,6372.0
19301,ID00022,3.0,378,6481.0,6484.0
19302,ID00023,3.0,378,6478.0,6481.0
19303,ID00024,3.0,378,6480.0,6483.0
19304,ID00025,3.0,378,6485.0,6488.0
19305,ID00026,3.0,378,6481.0,6484.0
19306,ID00027,3.0,378,6374.0,6377.0
19307,ID00028,3.0,378,6374.0,6377.0
19308,ID00029,3.0,378,6374.0,6377.0
19309,ID00030,3.0,378,6374.0,6377.0
19310,ID00031,3.0,378,6375.0,6378.0
19311,ID00032,172.0,378,6486.0,6658.0
19312,ID00033,230.0,378,6483.0,6713.0
19313,ID00034,125.0,378,6485.0,6610.0
19314,ID00035,175.0,378,6491.0,6666.0
19315,ID00036,163.0,378,6486.0,6649.0
19316,ID00037,178.0,378,6378.0,6556.0
19317,ID00038,217.0,378,6378.0,6595.0
19318,ID00039,175.0,378,6378.0,6553.0
19319,ID00040,181.0,378,6378.0,6559.0
19320,ID00041,158.0,378,6379.0,6537.0
19321,ID00042,3.0,378,6715.0,6718.0
19322,ID00043,3.0,378,6596.0,6599.0
19323,ID00044,3.0,378,6726.0,6729.0
19324,ID00045,3.0,378,6740.0,6743.0
19325,ID00046,62.0,378,6744.0,6806.0
19326,finish,0.0,378,6807.0,6807.0
19327,entry,0.0,379,6300,6300.0
19328,ID00000,3.0,379,6374.0,6377.0
19329,ID00001,3.0,379,6327.0,6330.0
19330,ID00002,3.0,379,6453.0,6456.0
19331,ID00003,3.0,379,6453.0,6456.0
19332,ID00004,3.0,379,6453.0,6456.0
19333,ID00005,3.0,379,6453.0,6456.0
19334,ID00006,3.0,379,6453.0,6456.0
19335,ID00007,3.0,379,6360.0,6363.0
19336,ID00008,3.0,379,6360.0,6363.0
19337,ID00009,3.0,379,6360.0,6363.0
19338,ID00010,3.0,379,6360.0,6363.0
19339,ID00011,3.0,379,6360.0,6363.0
19340,ID00012,3.0,379,6472.0,6475.0
19341,ID00013,3.0,379,6470.0,6473.0
19342,ID00014,3.0,379,6472.0,6475.0
19343,ID00015,3.0,379,6472.0,6475.0
19344,ID00016,3.0,379,6472.0,6475.0
19345,ID00017,3.0,379,6369.0,6372.0
19346,ID00018,3.0,379,6369.0,6372.0
19347,ID00019,3.0,379,6369.0,6372.0
19348,ID00020,3.0,379,6369.0,6372.0
19349,ID00021,3.0,379,6369.0,6372.0
19350,ID00022,3.0,379,6481.0,6484.0
19351,ID00023,3.0,379,6478.0,6481.0
19352,ID00024,3.0,379,6480.0,6483.0
19353,ID00025,3.0,379,6485.0,6488.0
19354,ID00026,3.0,379,6481.0,6484.0
19355,ID00027,3.0,379,6374.0,6377.0
19356,ID00028,3.0,379,6374.0,6377.0
19357,ID00029,3.0,379,6374.0,6377.0
19358,ID00030,3.0,379,6374.0,6377.0
19359,ID00031,3.0,379,6375.0,6378.0
19360,ID00032,172.0,379,6486.0,6658.0
19361,ID00033,230.0,379,6483.0,6713.0
19362,ID00034,125.0,379,6485.0,6610.0
19363,ID00035,175.0,379,6491.0,6666.0
19364,ID00036,163.0,379,6486.0,6649.0
19365,ID00037,178.0,379,6378.0,6556.0
19366,ID00038,217.0,379,6378.0,6595.0
19367,ID00039,175.0,379,6378.0,6553.0
19368,ID00040,181.0,379,6378.0,6559.0
19369,ID00041,158.0,379,6379.0,6537.0
19370,ID00042,3.0,379,6715.0,6718.0
19371,ID00043,3.0,379,6596.0,6599.0
19372,ID00044,3.0,379,6726.0,6729.0
19373,ID00045,3.0,379,6740.0,6743.0
19374,ID00046,62.0,379,6744.0,6806.0
19375,finish,0.0,379,6807.0,6807.0
19376,entry,0.0,380,6300,6300.0
19377,ID00000,3.0,380,6308.0,6311.0
19378,ID00001,3.0,380,6304.0,6307.0
19379,ID00002,3.0,380,6304.0,6307.0
19380,ID00003,3.0,380,6304.0,6307.0
19381,ID00004,3.0,380,6304.0,6307.0
19382,ID00005,3.0,380,6304.0,6307.0
19383,ID00006,3.0,380,6304.0,6307.0
19384,ID00007,3.0,380,6304.0,6307.0
19385,ID00008,3.0,380,6304.0,6307.0
19386,ID00009,3.0,380,6304.0,6307.0
19387,ID00010,3.0,380,6304.0,6307.0
19388,ID00011,3.0,380,6304.0,6307.0
19389,ID00012,3.0,380,6304.0,6307.0
19390,ID00013,497.0,380,6302.0,6799.0
19391,ID00014,10.0,380,6302.0,6312.0
19392,ID00015,20.0,380,6303.0,6323.0
19393,ID00016,468.0,380,7204.0,7672.0
19394,ID00017,134.0,380,7675.0,7809.0
19395,ID00018,3.0,380,7823.0,7826.0
19396,ID00019,3.0,380,7823.0,7826.0
19397,ID00020,329.0,380,7823.0,8152.0
19398,ID00021,9.0,380,7827.0,7836.0
19399,ID00022,3.0,380,7823.0,7826.0
19400,ID00023,3.0,380,8160.0,8163.0
19401,ID00025,3.0,380,6308.0,6311.0
19402,ID00026,3.0,380,6304.0,6307.0
19403,ID00027,3.0,380,6304.0,6307.0
19404,ID00028,3.0,380,6304.0,6307.0
19405,ID00029,3.0,380,6304.0,6307.0
19406,ID00030,3.0,380,6304.0,6307.0
19407,ID00031,3.0,380,6304.0,6307.0
19408,ID00032,3.0,380,6304.0,6307.0
19409,ID00033,3.0,380,6304.0,6307.0
19410,ID00034,3.0,380,6304.0,6307.0
19411,ID00035,3.0,380,6304.0,6307.0
19412,ID00036,3.0,380,6304.0,6307.0
19413,ID00037,3.0,380,6304.0,6307.0
19414,ID00038,277.0,380,6302.0,6579.0
19415,ID00039,10.0,380,6302.0,6312.0
19416,ID00040,9.0,380,6303.0,6312.0
19417,ID00041,626.0,380,7208.0,7834.0
19418,ID00042,46.0,380,7837.0,7883.0
19419,ID00043,3.0,380,7897.0,7900.0
19420,ID00044,3.0,380,7897.0,7900.0
19421,ID00045,319.0,380,7897.0,8216.0
19422,ID00046,9.0,380,7901.0,7910.0
19423,ID00047,3.0,380,7897.0,7900.0
19424,ID00048,3.0,380,8224.0,8227.0
19425,finish,0.0,380,8235.0,8235.0
19426,entry,0.0,381,6300,6300.0
19427,ID00000,57.0,381,6586.0,6643.0
19428,ID00001,56.0,381,6586.0,6642.0
19429,ID00002,54.0,381,6586.0,6640.0
19430,ID00003,54.0,381,6586.0,6640.0
19431,ID00004,56.0,381,6585.0,6641.0
19432,ID00005,55.0,381,6586.0,6641.0
19433,ID00006,55.0,381,6586.0,6641.0
19434,ID00007,55.0,381,6586.0,6641.0
19435,ID00008,55.0,381,6586.0,6641.0
19436,ID00009,55.0,381,6586.0,6641.0
19437,ID00010,54.0,381,6586.0,6640.0
19438,ID00011,54.0,381,6586.0,6640.0
19439,ID00012,1768.0,381,6650.0,8418.0
19440,ID00013,1486.0,381,6650.0,8136.0
19441,ID00014,1667.0,381,6648.0,8315.0
19442,ID00015,1360.0,381,6647.0,8007.0
19443,ID00016,1286.0,381,6648.0,7934.0
19444,ID00017,1598.0,381,6648.0,8246.0
19445,ID00018,880.0,381,6648.0,7528.0
19446,ID00019,1746.0,381,6648.0,8394.0
19447,ID00020,988.0,381,6648.0,7636.0
19448,ID00021,1553.0,381,6648.0,8201.0
19449,ID00022,2027.0,381,6648.0,8675.0
19450,ID00023,1807.0,381,6647.0,8454.0
19451,ID00024,17.0,381,8678.0,8695.0
19452,ID00025,15.0,381,8698.0,8713.0
19453,ID00026,15.0,381,8698.0,8713.0
19454,ID00027,16.0,381,8698.0,8714.0
19455,ID00028,14.0,381,8698.0,8712.0
19456,ID00029,18.0,381,8698.0,8716.0
19457,ID00030,17.0,381,8698.0,8715.0
19458,ID00031,17.0,381,8698.0,8715.0
19459,ID00032,16.0,381,8698.0,8714.0
19460,ID00033,16.0,381,8698.0,8714.0
19461,ID00034,17.0,381,8698.0,8715.0
19462,ID00035,15.0,381,8698.0,8713.0
19463,ID00036,13.0,381,8698.0,8711.0
19464,ID00037,1607.0,381,8716.0,10323.0
19465,ID00038,1213.0,381,8716.0,9929.0
19466,ID00039,1186.0,381,8717.0,9903.0
19467,ID00040,1749.0,381,8715.0,10464.0
19468,ID00041,1473.0,381,8719.0,10192.0
19469,ID00042,1670.0,381,8718.0,10388.0
19470,ID00043,1139.0,381,8718.0,9857.0
19471,ID00044,1855.0,381,8717.0,10572.0
19472,ID00045,2015.0,381,8717.0,10732.0
19473,ID00046,2007.0,381,8718.0,10725.0
19474,ID00047,1767.0,381,8716.0,10483.0
19475,ID00048,911.0,381,8714.0,9625.0
19476,ID00049,16.0,381,10735.0,10751.0
19477,finish,0.0,381,10752.0,10752.0
19478,entry,0.0,382,6300,6300.0
19479,ID00000,3.0,382,6308.0,6311.0
19480,ID00001,3.0,382,6304.0,6307.0
19481,ID00002,3.0,382,6304.0,6307.0
19482,ID00003,3.0,382,6304.0,6307.0
19483,ID00004,3.0,382,6304.0,6307.0
19484,ID00005,3.0,382,6304.0,6307.0
19485,ID00006,3.0,382,6304.0,6307.0
19486,ID00007,3.0,382,6304.0,6307.0
19487,ID00008,3.0,382,6304.0,6307.0
19488,ID00009,3.0,382,6304.0,6307.0
19489,ID00010,3.0,382,6304.0,6307.0
19490,ID00011,3.0,382,6304.0,6307.0
19491,ID00012,3.0,382,6304.0,6307.0
19492,ID00013,497.0,382,6302.0,6799.0
19493,ID00014,10.0,382,6302.0,6312.0
19494,ID00015,20.0,382,6303.0,6323.0
19495,ID00016,468.0,382,7204.0,7672.0
19496,ID00017,134.0,382,7675.0,7809.0
19497,ID00018,3.0,382,7823.0,7826.0
19498,ID00019,3.0,382,7823.0,7826.0
19499,ID00020,329.0,382,7823.0,8152.0
19500,ID00021,9.0,382,7827.0,7836.0
19501,ID00022,3.0,382,7823.0,7826.0
19502,ID00023,3.0,382,8160.0,8163.0
19503,ID00025,3.0,382,6308.0,6311.0
19504,ID00026,3.0,382,6304.0,6307.0
19505,ID00027,3.0,382,6304.0,6307.0
19506,ID00028,3.0,382,6304.0,6307.0
19507,ID00029,3.0,382,6304.0,6307.0
19508,ID00030,3.0,382,6304.0,6307.0
19509,ID00031,3.0,382,6304.0,6307.0
19510,ID00032,3.0,382,6304.0,6307.0
19511,ID00033,3.0,382,6304.0,6307.0
19512,ID00034,3.0,382,6304.0,6307.0
19513,ID00035,3.0,382,6304.0,6307.0
19514,ID00036,3.0,382,6304.0,6307.0
19515,ID00037,3.0,382,6304.0,6307.0
19516,ID00038,277.0,382,6302.0,6579.0
19517,ID00039,10.0,382,6302.0,6312.0
19518,ID00040,9.0,382,6303.0,6312.0
19519,ID00041,626.0,382,7208.0,7834.0
19520,ID00042,46.0,382,7837.0,7883.0
19521,ID00043,3.0,382,7897.0,7900.0
19522,ID00044,3.0,382,7897.0,7900.0
19523,ID00045,319.0,382,7897.0,8216.0
19524,ID00046,9.0,382,7901.0,7910.0
19525,ID00047,3.0,382,7897.0,7900.0
19526,ID00048,3.0,382,8224.0,8227.0
19527,finish,0.0,382,8235.0,8235.0
19528,entry,0.0,383,6300,6300.0
19529,ID00000,6.0,383,12287.0,12293.0
19530,ID00001,5.0,383,12258.0,12263.0
19531,ID00002,3417.0,383,7867.0,11284.0
19532,ID00003,542.0,383,11308.0,11850.0
19533,ID00004,27.0,383,11853.0,11880.0
19534,ID00005,627.0,383,11308.0,11935.0
19535,ID00006,22.0,383,11938.0,11960.0
19536,ID00007,382.0,383,11308.0,11690.0
19537,ID00008,20.0,383,11693.0,11713.0
19538,ID00009,449.0,383,11308.0,11757.0
19539,ID00010,27.0,383,11760.0,11787.0
19540,ID00011,453.0,383,11308.0,11761.0
19541,ID00012,27.0,383,11764.0,11791.0
19542,ID00013,757.0,383,11308.0,12065.0
19543,ID00014,28.0,383,12068.0,12096.0
19544,ID00015,598.0,383,11308.0,11906.0
19545,ID00016,12.0,383,11909.0,11921.0
19546,ID00017,445.0,383,11308.0,11753.0
19547,ID00018,10.0,383,11756.0,11766.0
19548,ID00019,947.0,383,11308.0,12255.0
19549,ID00020,26.0,383,12258.0,12284.0
19550,ID00021,688.0,383,11308.0,11996.0
19551,ID00022,25.0,383,11999.0,12024.0
19552,ID00023,2589.0,383,7875.0,10464.0
19553,ID00024,1086.0,383,10480.0,11566.0
19554,ID00025,15.0,383,11569.0,11584.0
19555,ID00026,669.0,383,10480.0,11149.0
19556,ID00027,21.0,383,11152.0,11173.0
19557,ID00028,784.0,383,10480.0,11264.0
19558,ID00029,21.0,383,11267.0,11288.0
19559,ID00030,937.0,383,10480.0,11417.0
19560,ID00031,11.0,383,11420.0,11431.0
19561,ID00032,541.0,383,10480.0,11021.0
19562,ID00033,22.0,383,11024.0,11046.0
19563,ID00034,518.0,383,10480.0,10998.0
19564,ID00035,20.0,383,11001.0,11021.0
19565,ID00036,1103.0,383,10480.0,11583.0
19566,ID00037,19.0,383,11586.0,11605.0
19567,ID00038,969.0,383,10480.0,11449.0
19568,ID00039,19.0,383,11452.0,11471.0
19569,ID00040,490.0,383,10480.0,10970.0
19570,ID00041,27.0,383,10973.0,11000.0
19571,ID00042,984.0,383,10480.0,11464.0
19572,ID00043,19.0,383,11467.0,11486.0
19573,ID00044,446.0,383,10480.0,10926.0
19574,ID00045,23.0,383,10929.0,10952.0
19575,ID00046,441.0,383,10480.0,10921.0
19576,ID00047,10.0,383,10924.0,10934.0
19577,ID00048,602.0,383,10480.0,11082.0
19578,ID00049,12.0,383,11085.0,11097.0
19579,finish,0.0,383,12294.0,12294.0
19580,entry,0.0,384,6300,6300.0
19581,ID00000,6.0,384,12287.0,12293.0
19582,ID00001,5.0,384,12258.0,12263.0
19583,ID00002,3417.0,384,7867.0,11284.0
19584,ID00003,542.0,384,11308.0,11850.0
19585,ID00004,27.0,384,11853.0,11880.0
19586,ID00005,627.0,384,11308.0,11935.0
19587,ID00006,22.0,384,11938.0,11960.0
19588,ID00007,382.0,384,11308.0,11690.0
19589,ID00008,20.0,384,11693.0,11713.0
19590,ID00009,449.0,384,11308.0,11757.0
19591,ID00010,27.0,384,11760.0,11787.0
19592,ID00011,453.0,384,11308.0,11761.0
19593,ID00012,27.0,384,11764.0,11791.0
19594,ID00013,757.0,384,11308.0,12065.0
19595,ID00014,28.0,384,12068.0,12096.0
19596,ID00015,598.0,384,11308.0,11906.0
19597,ID00016,12.0,384,11909.0,11921.0
19598,ID00017,445.0,384,11308.0,11753.0
19599,ID00018,10.0,384,11756.0,11766.0
19600,ID00019,947.0,384,11308.0,12255.0
19601,ID00020,26.0,384,12258.0,12284.0
19602,ID00021,688.0,384,11308.0,11996.0
19603,ID00022,25.0,384,11999.0,12024.0
19604,ID00023,2589.0,384,7875.0,10464.0
19605,ID00024,1086.0,384,10480.0,11566.0
19606,ID00025,15.0,384,11569.0,11584.0
19607,ID00026,669.0,384,10480.0,11149.0
19608,ID00027,21.0,384,11152.0,11173.0
19609,ID00028,784.0,384,10480.0,11264.0
19610,ID00029,21.0,384,11267.0,11288.0
19611,ID00030,937.0,384,10480.0,11417.0
19612,ID00031,11.0,384,11420.0,11431.0
19613,ID00032,541.0,384,10480.0,11021.0
19614,ID00033,22.0,384,11024.0,11046.0
19615,ID00034,518.0,384,10480.0,10998.0
19616,ID00035,20.0,384,11001.0,11021.0
19617,ID00036,1103.0,384,10480.0,11583.0
19618,ID00037,19.0,384,11586.0,11605.0
19619,ID00038,969.0,384,10480.0,11449.0
19620,ID00039,19.0,384,11452.0,11471.0
19621,ID00040,490.0,384,10480.0,10970.0
19622,ID00041,27.0,384,10973.0,11000.0
19623,ID00042,984.0,384,10480.0,11464.0
19624,ID00043,19.0,384,11467.0,11486.0
19625,ID00044,446.0,384,10480.0,10926.0
19626,ID00045,23.0,384,10929.0,10952.0
19627,ID00046,441.0,384,10480.0,10921.0
19628,ID00047,10.0,384,10924.0,10934.0
19629,ID00048,602.0,384,10480.0,11082.0
19630,ID00049,12.0,384,11085.0,11097.0
19631,finish,0.0,384,12294.0,12294.0
19632,entry,0.0,385,6300,6300.0
19633,ID00000,3.0,385,6374.0,6377.0
19634,ID00001,3.0,385,6327.0,6330.0
19635,ID00002,3.0,385,6453.0,6456.0
19636,ID00003,3.0,385,6453.0,6456.0
19637,ID00004,3.0,385,6453.0,6456.0
19638,ID00005,3.0,385,6453.0,6456.0
19639,ID00006,3.0,385,6453.0,6456.0
19640,ID00007,3.0,385,6360.0,6363.0
19641,ID00008,3.0,385,6360.0,6363.0
19642,ID00009,3.0,385,6360.0,6363.0
19643,ID00010,3.0,385,6360.0,6363.0
19644,ID00011,3.0,385,6360.0,6363.0
19645,ID00012,3.0,385,6472.0,6475.0
19646,ID00013,3.0,385,6470.0,6473.0
19647,ID00014,3.0,385,6472.0,6475.0
19648,ID00015,3.0,385,6472.0,6475.0
19649,ID00016,3.0,385,6472.0,6475.0
19650,ID00017,3.0,385,6369.0,6372.0
19651,ID00018,3.0,385,6369.0,6372.0
19652,ID00019,3.0,385,6369.0,6372.0
19653,ID00020,3.0,385,6369.0,6372.0
19654,ID00021,3.0,385,6369.0,6372.0
19655,ID00022,3.0,385,6481.0,6484.0
19656,ID00023,3.0,385,6478.0,6481.0
19657,ID00024,3.0,385,6480.0,6483.0
19658,ID00025,3.0,385,6485.0,6488.0
19659,ID00026,3.0,385,6481.0,6484.0
19660,ID00027,3.0,385,6374.0,6377.0
19661,ID00028,3.0,385,6374.0,6377.0
19662,ID00029,3.0,385,6374.0,6377.0
19663,ID00030,3.0,385,6374.0,6377.0
19664,ID00031,3.0,385,6375.0,6378.0
19665,ID00032,172.0,385,6486.0,6658.0
19666,ID00033,230.0,385,6483.0,6713.0
19667,ID00034,125.0,385,6485.0,6610.0
19668,ID00035,175.0,385,6491.0,6666.0
19669,ID00036,163.0,385,6486.0,6649.0
19670,ID00037,178.0,385,6378.0,6556.0
19671,ID00038,217.0,385,6378.0,6595.0
19672,ID00039,175.0,385,6378.0,6553.0
19673,ID00040,181.0,385,6378.0,6559.0
19674,ID00041,158.0,385,6379.0,6537.0
19675,ID00042,3.0,385,6715.0,6718.0
19676,ID00043,3.0,385,6596.0,6599.0
19677,ID00044,3.0,385,6726.0,6729.0
19678,ID00045,3.0,385,6740.0,6743.0
19679,ID00046,62.0,385,6744.0,6806.0
19680,finish,0.0,385,6807.0,6807.0
19681,entry,0.0,386,6300,6300.0
19682,ID00000,165.0,386,6323.0,6488.0
19683,ID00001,165.0,386,6323.0,6488.0
19684,ID00002,166.0,386,6323.0,6489.0
19685,ID00003,166.0,386,6323.0,6489.0
19686,ID00004,163.0,386,6323.0,6486.0
19687,ID00005,166.0,386,6323.0,6489.0
19688,ID00006,164.0,386,6323.0,6487.0
19689,ID00007,166.0,386,6323.0,6489.0
19690,ID00008,129.0,386,6530.0,6659.0
19691,ID00009,128.0,386,6531.0,6659.0
19692,ID00010,126.0,386,6530.0,6656.0
19693,ID00011,128.0,386,6531.0,6659.0
19694,ID00012,129.0,386,6530.0,6659.0
19695,ID00013,126.0,386,6531.0,6657.0
19696,ID00014,128.0,386,6531.0,6659.0
19697,ID00015,128.0,386,6531.0,6659.0
19698,ID00016,127.0,386,6531.0,6658.0
19699,ID00017,125.0,386,6531.0,6656.0
19700,ID00018,129.0,386,6531.0,6660.0
19701,ID00019,127.0,386,6531.0,6658.0
19702,ID00020,126.0,386,6531.0,6657.0
19703,ID00021,129.0,386,6531.0,6660.0
19704,ID00022,127.0,386,6531.0,6658.0
19705,ID00023,129.0,386,6531.0,6660.0
19706,ID00024,126.0,386,6528.0,6654.0
19707,ID00025,127.0,386,6531.0,6658.0
19708,ID00026,130.0,386,6531.0,6661.0
19709,ID00027,126.0,386,6531.0,6657.0
19710,ID00028,128.0,386,6531.0,6659.0
19711,ID00029,128.0,386,6530.0,6658.0
19712,ID00030,128.0,386,6531.0,6659.0
19713,ID00031,128.0,386,6531.0,6659.0
19714,ID00032,127.0,386,6531.0,6658.0
19715,ID00033,127.0,386,6531.0,6658.0
19716,ID00034,127.0,386,6531.0,6658.0
19717,ID00035,127.0,386,6531.0,6658.0
19718,ID00036,27.0,386,6667.0,6694.0
19719,ID00037,64.0,386,6697.0,6761.0
19720,ID00038,131.0,386,6764.0,6895.0
19721,ID00039,129.0,386,6764.0,6893.0
19722,ID00040,131.0,386,6764.0,6895.0
19723,ID00041,128.0,386,6764.0,6892.0
19724,ID00042,126.0,386,6764.0,6890.0
19725,ID00043,128.0,386,6764.0,6892.0
19726,ID00044,129.0,386,6764.0,6893.0
19727,ID00045,129.0,386,6764.0,6893.0
19728,ID00046,30.0,386,6937.0,6967.0
19729,ID00047,59.0,386,6970.0,7029.0
19730,ID00048,59.0,386,7681.0,7740.0
19731,ID00049,6.0,386,7754.0,7760.0
19732,finish,0.0,386,7762.0,7762.0
19733,entry,0.0,387,6300,6300.0
19734,ID00000,6.0,387,12287.0,12293.0
19735,ID00001,5.0,387,12258.0,12263.0
19736,ID00002,3417.0,387,7867.0,11284.0
19737,ID00003,542.0,387,11308.0,11850.0
19738,ID00004,27.0,387,11853.0,11880.0
19739,ID00005,627.0,387,11308.0,11935.0
19740,ID00006,22.0,387,11938.0,11960.0
19741,ID00007,382.0,387,11308.0,11690.0
19742,ID00008,20.0,387,11693.0,11713.0
19743,ID00009,449.0,387,11308.0,11757.0
19744,ID00010,27.0,387,11760.0,11787.0
19745,ID00011,453.0,387,11308.0,11761.0
19746,ID00012,27.0,387,11764.0,11791.0
19747,ID00013,757.0,387,11308.0,12065.0
19748,ID00014,28.0,387,12068.0,12096.0
19749,ID00015,598.0,387,11308.0,11906.0
19750,ID00016,12.0,387,11909.0,11921.0
19751,ID00017,445.0,387,11308.0,11753.0
19752,ID00018,10.0,387,11756.0,11766.0
19753,ID00019,947.0,387,11308.0,12255.0
19754,ID00020,26.0,387,12258.0,12284.0
19755,ID00021,688.0,387,11308.0,11996.0
19756,ID00022,25.0,387,11999.0,12024.0
19757,ID00023,2589.0,387,7875.0,10464.0
19758,ID00024,1086.0,387,10480.0,11566.0
19759,ID00025,15.0,387,11569.0,11584.0
19760,ID00026,669.0,387,10480.0,11149.0
19761,ID00027,21.0,387,11152.0,11173.0
19762,ID00028,784.0,387,10480.0,11264.0
19763,ID00029,21.0,387,11267.0,11288.0
19764,ID00030,937.0,387,10480.0,11417.0
19765,ID00031,11.0,387,11420.0,11431.0
19766,ID00032,541.0,387,10480.0,11021.0
19767,ID00033,22.0,387,11024.0,11046.0
19768,ID00034,518.0,387,10480.0,10998.0
19769,ID00035,20.0,387,11001.0,11021.0
19770,ID00036,1103.0,387,10480.0,11583.0
19771,ID00037,19.0,387,11586.0,11605.0
19772,ID00038,969.0,387,10480.0,11449.0
19773,ID00039,19.0,387,11452.0,11471.0
19774,ID00040,490.0,387,10480.0,10970.0
19775,ID00041,27.0,387,10973.0,11000.0
19776,ID00042,984.0,387,10480.0,11464.0
19777,ID00043,19.0,387,11467.0,11486.0
19778,ID00044,446.0,387,10480.0,10926.0
19779,ID00045,23.0,387,10929.0,10952.0
19780,ID00046,441.0,387,10480.0,10921.0
19781,ID00047,10.0,387,10924.0,10934.0
19782,ID00048,602.0,387,10480.0,11082.0
19783,ID00049,12.0,387,11085.0,11097.0
19784,finish,0.0,387,12294.0,12294.0
19785,entry,0.0,388,6300,6300.0
19786,ID00000,165.0,388,6323.0,6488.0
19787,ID00001,165.0,388,6323.0,6488.0
19788,ID00002,166.0,388,6323.0,6489.0
19789,ID00003,166.0,388,6323.0,6489.0
19790,ID00004,163.0,388,6323.0,6486.0
19791,ID00005,166.0,388,6323.0,6489.0
19792,ID00006,164.0,388,6323.0,6487.0
19793,ID00007,166.0,388,6323.0,6489.0
19794,ID00008,129.0,388,6530.0,6659.0
19795,ID00009,128.0,388,6531.0,6659.0
19796,ID00010,126.0,388,6530.0,6656.0
19797,ID00011,128.0,388,6531.0,6659.0
19798,ID00012,129.0,388,6530.0,6659.0
19799,ID00013,126.0,388,6531.0,6657.0
19800,ID00014,128.0,388,6531.0,6659.0
19801,ID00015,128.0,388,6531.0,6659.0
19802,ID00016,127.0,388,6531.0,6658.0
19803,ID00017,125.0,388,6531.0,6656.0
19804,ID00018,129.0,388,6531.0,6660.0
19805,ID00019,127.0,388,6531.0,6658.0
19806,ID00020,126.0,388,6531.0,6657.0
19807,ID00021,129.0,388,6531.0,6660.0
19808,ID00022,127.0,388,6531.0,6658.0
19809,ID00023,129.0,388,6531.0,6660.0
19810,ID00024,126.0,388,6528.0,6654.0
19811,ID00025,127.0,388,6531.0,6658.0
19812,ID00026,130.0,388,6531.0,6661.0
19813,ID00027,126.0,388,6531.0,6657.0
19814,ID00028,128.0,388,6531.0,6659.0
19815,ID00029,128.0,388,6530.0,6658.0
19816,ID00030,128.0,388,6531.0,6659.0
19817,ID00031,128.0,388,6531.0,6659.0
19818,ID00032,127.0,388,6531.0,6658.0
19819,ID00033,127.0,388,6531.0,6658.0
19820,ID00034,127.0,388,6531.0,6658.0
19821,ID00035,127.0,388,6531.0,6658.0
19822,ID00036,27.0,388,6667.0,6694.0
19823,ID00037,64.0,388,6697.0,6761.0
19824,ID00038,131.0,388,6764.0,6895.0
19825,ID00039,129.0,388,6764.0,6893.0
19826,ID00040,131.0,388,6764.0,6895.0
19827,ID00041,128.0,388,6764.0,6892.0
19828,ID00042,126.0,388,6764.0,6890.0
19829,ID00043,128.0,388,6764.0,6892.0
19830,ID00044,129.0,388,6764.0,6893.0
19831,ID00045,129.0,388,6764.0,6893.0
19832,ID00046,30.0,388,6937.0,6967.0
19833,ID00047,59.0,388,6970.0,7029.0
19834,ID00048,59.0,388,7681.0,7740.0
19835,ID00049,6.0,388,7754.0,7760.0
19836,finish,0.0,388,7762.0,7762.0
19837,entry,0.0,389,6300,6300.0
19838,ID00000,3.0,389,6374.0,6377.0
19839,ID00001,3.0,389,6327.0,6330.0
19840,ID00002,3.0,389,6453.0,6456.0
19841,ID00003,3.0,389,6453.0,6456.0
19842,ID00004,3.0,389,6453.0,6456.0
19843,ID00005,3.0,389,6453.0,6456.0
19844,ID00006,3.0,389,6453.0,6456.0
19845,ID00007,3.0,389,6360.0,6363.0
19846,ID00008,3.0,389,6360.0,6363.0
19847,ID00009,3.0,389,6360.0,6363.0
19848,ID00010,3.0,389,6360.0,6363.0
19849,ID00011,3.0,389,6360.0,6363.0
19850,ID00012,3.0,389,6472.0,6475.0
19851,ID00013,3.0,389,6470.0,6473.0
19852,ID00014,3.0,389,6472.0,6475.0
19853,ID00015,3.0,389,6472.0,6475.0
19854,ID00016,3.0,389,6472.0,6475.0
19855,ID00017,3.0,389,6369.0,6372.0
19856,ID00018,3.0,389,6369.0,6372.0
19857,ID00019,3.0,389,6369.0,6372.0
19858,ID00020,3.0,389,6369.0,6372.0
19859,ID00021,3.0,389,6369.0,6372.0
19860,ID00022,3.0,389,6481.0,6484.0
19861,ID00023,3.0,389,6478.0,6481.0
19862,ID00024,3.0,389,6480.0,6483.0
19863,ID00025,3.0,389,6485.0,6488.0
19864,ID00026,3.0,389,6481.0,6484.0
19865,ID00027,3.0,389,6374.0,6377.0
19866,ID00028,3.0,389,6374.0,6377.0
19867,ID00029,3.0,389,6374.0,6377.0
19868,ID00030,3.0,389,6374.0,6377.0
19869,ID00031,3.0,389,6375.0,6378.0
19870,ID00032,172.0,389,6486.0,6658.0
19871,ID00033,230.0,389,6483.0,6713.0
19872,ID00034,125.0,389,6485.0,6610.0
19873,ID00035,175.0,389,6491.0,6666.0
19874,ID00036,163.0,389,6486.0,6649.0
19875,ID00037,178.0,389,6378.0,6556.0
19876,ID00038,217.0,389,6378.0,6595.0
19877,ID00039,175.0,389,6378.0,6553.0
19878,ID00040,181.0,389,6378.0,6559.0
19879,ID00041,158.0,389,6379.0,6537.0
19880,ID00042,3.0,389,6715.0,6718.0
19881,ID00043,3.0,389,6596.0,6599.0
19882,ID00044,3.0,389,6726.0,6729.0
19883,ID00045,3.0,389,6740.0,6743.0
19884,ID00046,62.0,389,6744.0,6806.0
19885,finish,0.0,389,6807.0,6807.0
19886,entry,0.0,390,6300,6300.0
19887,ID00000,3.0,390,6308.0,6311.0
19888,ID00001,3.0,390,6304.0,6307.0
19889,ID00002,3.0,390,6304.0,6307.0
19890,ID00003,3.0,390,6304.0,6307.0
19891,ID00004,3.0,390,6304.0,6307.0
19892,ID00005,3.0,390,6304.0,6307.0
19893,ID00006,3.0,390,6304.0,6307.0
19894,ID00007,3.0,390,6304.0,6307.0
19895,ID00008,3.0,390,6304.0,6307.0
19896,ID00009,3.0,390,6304.0,6307.0
19897,ID00010,3.0,390,6304.0,6307.0
19898,ID00011,3.0,390,6304.0,6307.0
19899,ID00012,3.0,390,6304.0,6307.0
19900,ID00013,497.0,390,6302.0,6799.0
19901,ID00014,10.0,390,6302.0,6312.0
19902,ID00015,20.0,390,6303.0,6323.0
19903,ID00016,468.0,390,7204.0,7672.0
19904,ID00017,134.0,390,7675.0,7809.0
19905,ID00018,3.0,390,7823.0,7826.0
19906,ID00019,3.0,390,7823.0,7826.0
19907,ID00020,329.0,390,7823.0,8152.0
19908,ID00021,9.0,390,7827.0,7836.0
19909,ID00022,3.0,390,7823.0,7826.0
19910,ID00023,3.0,390,8160.0,8163.0
19911,ID00025,3.0,390,6308.0,6311.0
19912,ID00026,3.0,390,6304.0,6307.0
19913,ID00027,3.0,390,6304.0,6307.0
19914,ID00028,3.0,390,6304.0,6307.0
19915,ID00029,3.0,390,6304.0,6307.0
19916,ID00030,3.0,390,6304.0,6307.0
19917,ID00031,3.0,390,6304.0,6307.0
19918,ID00032,3.0,390,6304.0,6307.0
19919,ID00033,3.0,390,6304.0,6307.0
19920,ID00034,3.0,390,6304.0,6307.0
19921,ID00035,3.0,390,6304.0,6307.0
19922,ID00036,3.0,390,6304.0,6307.0
19923,ID00037,3.0,390,6304.0,6307.0
19924,ID00038,277.0,390,6302.0,6579.0
19925,ID00039,10.0,390,6302.0,6312.0
19926,ID00040,9.0,390,6303.0,6312.0
19927,ID00041,626.0,390,7208.0,7834.0
19928,ID00042,46.0,390,7837.0,7883.0
19929,ID00043,3.0,390,7897.0,7900.0
19930,ID00044,3.0,390,7897.0,7900.0
19931,ID00045,319.0,390,7897.0,8216.0
19932,ID00046,9.0,390,7901.0,7910.0
19933,ID00047,3.0,390,7897.0,7900.0
19934,ID00048,3.0,390,8224.0,8227.0
19935,finish,0.0,390,8235.0,8235.0
19936,entry,0.0,391,6300,6300.0
19937,ID00000,6.0,391,12287.0,12293.0
19938,ID00001,5.0,391,12258.0,12263.0
19939,ID00002,3417.0,391,7867.0,11284.0
19940,ID00003,542.0,391,11308.0,11850.0
19941,ID00004,27.0,391,11853.0,11880.0
19942,ID00005,627.0,391,11308.0,11935.0
19943,ID00006,22.0,391,11938.0,11960.0
19944,ID00007,382.0,391,11308.0,11690.0
19945,ID00008,20.0,391,11693.0,11713.0
19946,ID00009,449.0,391,11308.0,11757.0
19947,ID00010,27.0,391,11760.0,11787.0
19948,ID00011,453.0,391,11308.0,11761.0
19949,ID00012,27.0,391,11764.0,11791.0
19950,ID00013,757.0,391,11308.0,12065.0
19951,ID00014,28.0,391,12068.0,12096.0
19952,ID00015,598.0,391,11308.0,11906.0
19953,ID00016,12.0,391,11909.0,11921.0
19954,ID00017,445.0,391,11308.0,11753.0
19955,ID00018,10.0,391,11756.0,11766.0
19956,ID00019,947.0,391,11308.0,12255.0
19957,ID00020,26.0,391,12258.0,12284.0
19958,ID00021,688.0,391,11308.0,11996.0
19959,ID00022,25.0,391,11999.0,12024.0
19960,ID00023,2589.0,391,7875.0,10464.0
19961,ID00024,1086.0,391,10480.0,11566.0
19962,ID00025,15.0,391,11569.0,11584.0
19963,ID00026,669.0,391,10480.0,11149.0
19964,ID00027,21.0,391,11152.0,11173.0
19965,ID00028,784.0,391,10480.0,11264.0
19966,ID00029,21.0,391,11267.0,11288.0
19967,ID00030,937.0,391,10480.0,11417.0
19968,ID00031,11.0,391,11420.0,11431.0
19969,ID00032,541.0,391,10480.0,11021.0
19970,ID00033,22.0,391,11024.0,11046.0
19971,ID00034,518.0,391,10480.0,10998.0
19972,ID00035,20.0,391,11001.0,11021.0
19973,ID00036,1103.0,391,10480.0,11583.0
19974,ID00037,19.0,391,11586.0,11605.0
19975,ID00038,969.0,391,10480.0,11449.0
19976,ID00039,19.0,391,11452.0,11471.0
19977,ID00040,490.0,391,10480.0,10970.0
19978,ID00041,27.0,391,10973.0,11000.0
19979,ID00042,984.0,391,10480.0,11464.0
19980,ID00043,19.0,391,11467.0,11486.0
19981,ID00044,446.0,391,10480.0,10926.0
19982,ID00045,23.0,391,10929.0,10952.0
19983,ID00046,441.0,391,10480.0,10921.0
19984,ID00047,10.0,391,10924.0,10934.0
19985,ID00048,602.0,391,10480.0,11082.0
19986,ID00049,12.0,391,11085.0,11097.0
19987,finish,0.0,391,12294.0,12294.0
19988,entry,0.0,392,6300,6300.0
19989,ID00000,3.0,392,6374.0,6377.0
19990,ID00001,3.0,392,6327.0,6330.0
19991,ID00002,3.0,392,6453.0,6456.0
19992,ID00003,3.0,392,6453.0,6456.0
19993,ID00004,3.0,392,6453.0,6456.0
19994,ID00005,3.0,392,6453.0,6456.0
19995,ID00006,3.0,392,6453.0,6456.0
19996,ID00007,3.0,392,6360.0,6363.0
19997,ID00008,3.0,392,6360.0,6363.0
19998,ID00009,3.0,392,6360.0,6363.0
19999,ID00010,3.0,392,6360.0,6363.0
20000,ID00011,3.0,392,6360.0,6363.0
20001,ID00012,3.0,392,6472.0,6475.0
20002,ID00013,3.0,392,6470.0,6473.0
20003,ID00014,3.0,392,6472.0,6475.0
20004,ID00015,3.0,392,6472.0,6475.0
20005,ID00016,3.0,392,6472.0,6475.0
20006,ID00017,3.0,392,6369.0,6372.0
20007,ID00018,3.0,392,6369.0,6372.0
20008,ID00019,3.0,392,6369.0,6372.0
20009,ID00020,3.0,392,6369.0,6372.0
20010,ID00021,3.0,392,6369.0,6372.0
20011,ID00022,3.0,392,6481.0,6484.0
20012,ID00023,3.0,392,6478.0,6481.0
20013,ID00024,3.0,392,6480.0,6483.0
20014,ID00025,3.0,392,6485.0,6488.0
20015,ID00026,3.0,392,6481.0,6484.0
20016,ID00027,3.0,392,6374.0,6377.0
20017,ID00028,3.0,392,6374.0,6377.0
20018,ID00029,3.0,392,6374.0,6377.0
20019,ID00030,3.0,392,6374.0,6377.0
20020,ID00031,3.0,392,6375.0,6378.0
20021,ID00032,172.0,392,6486.0,6658.0
20022,ID00033,230.0,392,6483.0,6713.0
20023,ID00034,125.0,392,6485.0,6610.0
20024,ID00035,175.0,392,6491.0,6666.0
20025,ID00036,163.0,392,6486.0,6649.0
20026,ID00037,178.0,392,6378.0,6556.0
20027,ID00038,217.0,392,6378.0,6595.0
20028,ID00039,175.0,392,6378.0,6553.0
20029,ID00040,181.0,392,6378.0,6559.0
20030,ID00041,158.0,392,6379.0,6537.0
20031,ID00042,3.0,392,6715.0,6718.0
20032,ID00043,3.0,392,6596.0,6599.0
20033,ID00044,3.0,392,6726.0,6729.0
20034,ID00045,3.0,392,6740.0,6743.0
20035,ID00046,62.0,392,6744.0,6806.0
20036,finish,0.0,392,6807.0,6807.0
20037,entry,0.0,393,6300,6300.0
20038,ID00000,57.0,393,6586.0,6643.0
20039,ID00001,56.0,393,6586.0,6642.0
20040,ID00002,54.0,393,6586.0,6640.0
20041,ID00003,54.0,393,6586.0,6640.0
20042,ID00004,56.0,393,6585.0,6641.0
20043,ID00005,55.0,393,6586.0,6641.0
20044,ID00006,55.0,393,6586.0,6641.0
20045,ID00007,55.0,393,6586.0,6641.0
20046,ID00008,55.0,393,6586.0,6641.0
20047,ID00009,55.0,393,6586.0,6641.0
20048,ID00010,54.0,393,6586.0,6640.0
20049,ID00011,54.0,393,6586.0,6640.0
20050,ID00012,1768.0,393,6650.0,8418.0
20051,ID00013,1486.0,393,6650.0,8136.0
20052,ID00014,1667.0,393,6648.0,8315.0
20053,ID00015,1360.0,393,6647.0,8007.0
20054,ID00016,1286.0,393,6648.0,7934.0
20055,ID00017,1598.0,393,6648.0,8246.0
20056,ID00018,880.0,393,6648.0,7528.0
20057,ID00019,1746.0,393,6648.0,8394.0
20058,ID00020,988.0,393,6648.0,7636.0
20059,ID00021,1553.0,393,6648.0,8201.0
20060,ID00022,2027.0,393,6648.0,8675.0
20061,ID00023,1807.0,393,6647.0,8454.0
20062,ID00024,17.0,393,8678.0,8695.0
20063,ID00025,15.0,393,8698.0,8713.0
20064,ID00026,15.0,393,8698.0,8713.0
20065,ID00027,16.0,393,8698.0,8714.0
20066,ID00028,14.0,393,8698.0,8712.0
20067,ID00029,18.0,393,8698.0,8716.0
20068,ID00030,17.0,393,8698.0,8715.0
20069,ID00031,17.0,393,8698.0,8715.0
20070,ID00032,16.0,393,8698.0,8714.0
20071,ID00033,16.0,393,8698.0,8714.0
20072,ID00034,17.0,393,8698.0,8715.0
20073,ID00035,15.0,393,8698.0,8713.0
20074,ID00036,13.0,393,8698.0,8711.0
20075,ID00037,1607.0,393,8716.0,10323.0
20076,ID00038,1213.0,393,8716.0,9929.0
20077,ID00039,1186.0,393,8717.0,9903.0
20078,ID00040,1749.0,393,8715.0,10464.0
20079,ID00041,1473.0,393,8719.0,10192.0
20080,ID00042,1670.0,393,8718.0,10388.0
20081,ID00043,1139.0,393,8718.0,9857.0
20082,ID00044,1855.0,393,8717.0,10572.0
20083,ID00045,2015.0,393,8717.0,10732.0
20084,ID00046,2007.0,393,8718.0,10725.0
20085,ID00047,1767.0,393,8716.0,10483.0
20086,ID00048,911.0,393,8714.0,9625.0
20087,ID00049,16.0,393,10735.0,10751.0
20088,finish,0.0,393,10752.0,10752.0
20089,entry,0.0,394,6300,6300.0
20090,ID00000,57.0,394,6586.0,6643.0
20091,ID00001,56.0,394,6586.0,6642.0
20092,ID00002,54.0,394,6586.0,6640.0
20093,ID00003,54.0,394,6586.0,6640.0
20094,ID00004,56.0,394,6585.0,6641.0
20095,ID00005,55.0,394,6586.0,6641.0
20096,ID00006,55.0,394,6586.0,6641.0
20097,ID00007,55.0,394,6586.0,6641.0
20098,ID00008,55.0,394,6586.0,6641.0
20099,ID00009,55.0,394,6586.0,6641.0
20100,ID00010,54.0,394,6586.0,6640.0
20101,ID00011,54.0,394,6586.0,6640.0
20102,ID00012,1768.0,394,6650.0,8418.0
20103,ID00013,1486.0,394,6650.0,8136.0
20104,ID00014,1667.0,394,6648.0,8315.0
20105,ID00015,1360.0,394,6647.0,8007.0
20106,ID00016,1286.0,394,6648.0,7934.0
20107,ID00017,1598.0,394,6648.0,8246.0
20108,ID00018,880.0,394,6648.0,7528.0
20109,ID00019,1746.0,394,6648.0,8394.0
20110,ID00020,988.0,394,6648.0,7636.0
20111,ID00021,1553.0,394,6648.0,8201.0
20112,ID00022,2027.0,394,6648.0,8675.0
20113,ID00023,1807.0,394,6647.0,8454.0
20114,ID00024,17.0,394,8678.0,8695.0
20115,ID00025,15.0,394,8698.0,8713.0
20116,ID00026,15.0,394,8698.0,8713.0
20117,ID00027,16.0,394,8698.0,8714.0
20118,ID00028,14.0,394,8698.0,8712.0
20119,ID00029,18.0,394,8698.0,8716.0
20120,ID00030,17.0,394,8698.0,8715.0
20121,ID00031,17.0,394,8698.0,8715.0
20122,ID00032,16.0,394,8698.0,8714.0
20123,ID00033,16.0,394,8698.0,8714.0
20124,ID00034,17.0,394,8698.0,8715.0
20125,ID00035,15.0,394,8698.0,8713.0
20126,ID00036,13.0,394,8698.0,8711.0
20127,ID00037,1607.0,394,8716.0,10323.0
20128,ID00038,1213.0,394,8716.0,9929.0
20129,ID00039,1186.0,394,8717.0,9903.0
20130,ID00040,1749.0,394,8715.0,10464.0
20131,ID00041,1473.0,394,8719.0,10192.0
20132,ID00042,1670.0,394,8718.0,10388.0
20133,ID00043,1139.0,394,8718.0,9857.0
20134,ID00044,1855.0,394,8717.0,10572.0
20135,ID00045,2015.0,394,8717.0,10732.0
20136,ID00046,2007.0,394,8718.0,10725.0
20137,ID00047,1767.0,394,8716.0,10483.0
20138,ID00048,911.0,394,8714.0,9625.0
20139,ID00049,16.0,394,10735.0,10751.0
20140,finish,0.0,394,10752.0,10752.0
20141,entry,0.0,395,6300,6300.0
20142,ID00000,6.0,395,12287.0,12293.0
20143,ID00001,5.0,395,12258.0,12263.0
20144,ID00002,3417.0,395,7867.0,11284.0
20145,ID00003,542.0,395,11308.0,11850.0
20146,ID00004,27.0,395,11853.0,11880.0
20147,ID00005,627.0,395,11308.0,11935.0
20148,ID00006,22.0,395,11938.0,11960.0
20149,ID00007,382.0,395,11308.0,11690.0
20150,ID00008,20.0,395,11693.0,11713.0
20151,ID00009,449.0,395,11308.0,11757.0
20152,ID00010,27.0,395,11760.0,11787.0
20153,ID00011,453.0,395,11308.0,11761.0
20154,ID00012,27.0,395,11764.0,11791.0
20155,ID00013,757.0,395,11308.0,12065.0
20156,ID00014,28.0,395,12068.0,12096.0
20157,ID00015,598.0,395,11308.0,11906.0
20158,ID00016,12.0,395,11909.0,11921.0
20159,ID00017,445.0,395,11308.0,11753.0
20160,ID00018,10.0,395,11756.0,11766.0
20161,ID00019,947.0,395,11308.0,12255.0
20162,ID00020,26.0,395,12258.0,12284.0
20163,ID00021,688.0,395,11308.0,11996.0
20164,ID00022,25.0,395,11999.0,12024.0
20165,ID00023,2589.0,395,7875.0,10464.0
20166,ID00024,1086.0,395,10480.0,11566.0
20167,ID00025,15.0,395,11569.0,11584.0
20168,ID00026,669.0,395,10480.0,11149.0
20169,ID00027,21.0,395,11152.0,11173.0
20170,ID00028,784.0,395,10480.0,11264.0
20171,ID00029,21.0,395,11267.0,11288.0
20172,ID00030,937.0,395,10480.0,11417.0
20173,ID00031,11.0,395,11420.0,11431.0
20174,ID00032,541.0,395,10480.0,11021.0
20175,ID00033,22.0,395,11024.0,11046.0
20176,ID00034,518.0,395,10480.0,10998.0
20177,ID00035,20.0,395,11001.0,11021.0
20178,ID00036,1103.0,395,10480.0,11583.0
20179,ID00037,19.0,395,11586.0,11605.0
20180,ID00038,969.0,395,10480.0,11449.0
20181,ID00039,19.0,395,11452.0,11471.0
20182,ID00040,490.0,395,10480.0,10970.0
20183,ID00041,27.0,395,10973.0,11000.0
20184,ID00042,984.0,395,10480.0,11464.0
20185,ID00043,19.0,395,11467.0,11486.0
20186,ID00044,446.0,395,10480.0,10926.0
20187,ID00045,23.0,395,10929.0,10952.0
20188,ID00046,441.0,395,10480.0,10921.0
20189,ID00047,10.0,395,10924.0,10934.0
20190,ID00048,602.0,395,10480.0,11082.0
20191,ID00049,12.0,395,11085.0,11097.0
20192,finish,0.0,395,12294.0,12294.0
20193,entry,0.0,396,6300,6300.0
20194,ID00000,6.0,396,12287.0,12293.0
20195,ID00001,5.0,396,12258.0,12263.0
20196,ID00002,3417.0,396,7867.0,11284.0
20197,ID00003,542.0,396,11308.0,11850.0
20198,ID00004,27.0,396,11853.0,11880.0
20199,ID00005,627.0,396,11308.0,11935.0
20200,ID00006,22.0,396,11938.0,11960.0
20201,ID00007,382.0,396,11308.0,11690.0
20202,ID00008,20.0,396,11693.0,11713.0
20203,ID00009,449.0,396,11308.0,11757.0
20204,ID00010,27.0,396,11760.0,11787.0
20205,ID00011,453.0,396,11308.0,11761.0
20206,ID00012,27.0,396,11764.0,11791.0
20207,ID00013,757.0,396,11308.0,12065.0
20208,ID00014,28.0,396,12068.0,12096.0
20209,ID00015,598.0,396,11308.0,11906.0
20210,ID00016,12.0,396,11909.0,11921.0
20211,ID00017,445.0,396,11308.0,11753.0
20212,ID00018,10.0,396,11756.0,11766.0
20213,ID00019,947.0,396,11308.0,12255.0
20214,ID00020,26.0,396,12258.0,12284.0
20215,ID00021,688.0,396,11308.0,11996.0
20216,ID00022,25.0,396,11999.0,12024.0
20217,ID00023,2589.0,396,7875.0,10464.0
20218,ID00024,1086.0,396,10480.0,11566.0
20219,ID00025,15.0,396,11569.0,11584.0
20220,ID00026,669.0,396,10480.0,11149.0
20221,ID00027,21.0,396,11152.0,11173.0
20222,ID00028,784.0,396,10480.0,11264.0
20223,ID00029,21.0,396,11267.0,11288.0
20224,ID00030,937.0,396,10480.0,11417.0
20225,ID00031,11.0,396,11420.0,11431.0
20226,ID00032,541.0,396,10480.0,11021.0
20227,ID00033,22.0,396,11024.0,11046.0
20228,ID00034,518.0,396,10480.0,10998.0
20229,ID00035,20.0,396,11001.0,11021.0
20230,ID00036,1103.0,396,10480.0,11583.0
20231,ID00037,19.0,396,11586.0,11605.0
20232,ID00038,969.0,396,10480.0,11449.0
20233,ID00039,19.0,396,11452.0,11471.0
20234,ID00040,490.0,396,10480.0,10970.0
20235,ID00041,27.0,396,10973.0,11000.0
20236,ID00042,984.0,396,10480.0,11464.0
20237,ID00043,19.0,396,11467.0,11486.0
20238,ID00044,446.0,396,10480.0,10926.0
20239,ID00045,23.0,396,10929.0,10952.0
20240,ID00046,441.0,396,10480.0,10921.0
20241,ID00047,10.0,396,10924.0,10934.0
20242,ID00048,602.0,396,10480.0,11082.0
20243,ID00049,12.0,396,11085.0,11097.0
20244,finish,0.0,396,12294.0,12294.0
20245,entry,0.0,397,6300,6300.0
20246,ID00000,3.0,397,6308.0,6311.0
20247,ID00001,3.0,397,6304.0,6307.0
20248,ID00002,3.0,397,6304.0,6307.0
20249,ID00003,3.0,397,6304.0,6307.0
20250,ID00004,3.0,397,6304.0,6307.0
20251,ID00005,3.0,397,6304.0,6307.0
20252,ID00006,3.0,397,6304.0,6307.0
20253,ID00007,3.0,397,6304.0,6307.0
20254,ID00008,3.0,397,6304.0,6307.0
20255,ID00009,3.0,397,6304.0,6307.0
20256,ID00010,3.0,397,6304.0,6307.0
20257,ID00011,3.0,397,6304.0,6307.0
20258,ID00012,3.0,397,6304.0,6307.0
20259,ID00013,497.0,397,6302.0,6799.0
20260,ID00014,10.0,397,6302.0,6312.0
20261,ID00015,20.0,397,6303.0,6323.0
20262,ID00016,468.0,397,7204.0,7672.0
20263,ID00017,134.0,397,7675.0,7809.0
20264,ID00018,3.0,397,7823.0,7826.0
20265,ID00019,3.0,397,7823.0,7826.0
20266,ID00020,329.0,397,7823.0,8152.0
20267,ID00021,9.0,397,7827.0,7836.0
20268,ID00022,3.0,397,7823.0,7826.0
20269,ID00023,3.0,397,8160.0,8163.0
20270,ID00025,3.0,397,6308.0,6311.0
20271,ID00026,3.0,397,6304.0,6307.0
20272,ID00027,3.0,397,6304.0,6307.0
20273,ID00028,3.0,397,6304.0,6307.0
20274,ID00029,3.0,397,6304.0,6307.0
20275,ID00030,3.0,397,6304.0,6307.0
20276,ID00031,3.0,397,6304.0,6307.0
20277,ID00032,3.0,397,6304.0,6307.0
20278,ID00033,3.0,397,6304.0,6307.0
20279,ID00034,3.0,397,6304.0,6307.0
20280,ID00035,3.0,397,6304.0,6307.0
20281,ID00036,3.0,397,6304.0,6307.0
20282,ID00037,3.0,397,6304.0,6307.0
20283,ID00038,277.0,397,6302.0,6579.0
20284,ID00039,10.0,397,6302.0,6312.0
20285,ID00040,9.0,397,6303.0,6312.0
20286,ID00041,626.0,397,7208.0,7834.0
20287,ID00042,46.0,397,7837.0,7883.0
20288,ID00043,3.0,397,7897.0,7900.0
20289,ID00044,3.0,397,7897.0,7900.0
20290,ID00045,319.0,397,7897.0,8216.0
20291,ID00046,9.0,397,7901.0,7910.0
20292,ID00047,3.0,397,7897.0,7900.0
20293,ID00048,3.0,397,8224.0,8227.0
20294,finish,0.0,397,8235.0,8235.0
20295,entry,0.0,398,6300,6300.0
20296,ID00000,6.0,398,12287.0,12293.0
20297,ID00001,5.0,398,12258.0,12263.0
20298,ID00002,3417.0,398,7867.0,11284.0
20299,ID00003,542.0,398,11308.0,11850.0
20300,ID00004,27.0,398,11853.0,11880.0
20301,ID00005,627.0,398,11308.0,11935.0
20302,ID00006,22.0,398,11938.0,11960.0
20303,ID00007,382.0,398,11308.0,11690.0
20304,ID00008,20.0,398,11693.0,11713.0
20305,ID00009,449.0,398,11308.0,11757.0
20306,ID00010,27.0,398,11760.0,11787.0
20307,ID00011,453.0,398,11308.0,11761.0
20308,ID00012,27.0,398,11764.0,11791.0
20309,ID00013,757.0,398,11308.0,12065.0
20310,ID00014,28.0,398,12068.0,12096.0
20311,ID00015,598.0,398,11308.0,11906.0
20312,ID00016,12.0,398,11909.0,11921.0
20313,ID00017,445.0,398,11308.0,11753.0
20314,ID00018,10.0,398,11756.0,11766.0
20315,ID00019,947.0,398,11308.0,12255.0
20316,ID00020,26.0,398,12258.0,12284.0
20317,ID00021,688.0,398,11308.0,11996.0
20318,ID00022,25.0,398,11999.0,12024.0
20319,ID00023,2589.0,398,7875.0,10464.0
20320,ID00024,1086.0,398,10480.0,11566.0
20321,ID00025,15.0,398,11569.0,11584.0
20322,ID00026,669.0,398,10480.0,11149.0
20323,ID00027,21.0,398,11152.0,11173.0
20324,ID00028,784.0,398,10480.0,11264.0
20325,ID00029,21.0,398,11267.0,11288.0
20326,ID00030,937.0,398,10480.0,11417.0
20327,ID00031,11.0,398,11420.0,11431.0
20328,ID00032,541.0,398,10480.0,11021.0
20329,ID00033,22.0,398,11024.0,11046.0
20330,ID00034,518.0,398,10480.0,10998.0
20331,ID00035,20.0,398,11001.0,11021.0
20332,ID00036,1103.0,398,10480.0,11583.0
20333,ID00037,19.0,398,11586.0,11605.0
20334,ID00038,969.0,398,10480.0,11449.0
20335,ID00039,19.0,398,11452.0,11471.0
20336,ID00040,490.0,398,10480.0,10970.0
20337,ID00041,27.0,398,10973.0,11000.0
20338,ID00042,984.0,398,10480.0,11464.0
20339,ID00043,19.0,398,11467.0,11486.0
20340,ID00044,446.0,398,10480.0,10926.0
20341,ID00045,23.0,398,10929.0,10952.0
20342,ID00046,441.0,398,10480.0,10921.0
20343,ID00047,10.0,398,10924.0,10934.0
20344,ID00048,602.0,398,10480.0,11082.0
20345,ID00049,12.0,398,11085.0,11097.0
20346,finish,0.0,398,12294.0,12294.0
20347,entry,0.0,399,6300,6300.0
20348,ID00000,6.0,399,12287.0,12293.0
20349,ID00001,5.0,399,12258.0,12263.0
20350,ID00002,3417.0,399,7867.0,11284.0
20351,ID00003,542.0,399,11308.0,11850.0
20352,ID00004,27.0,399,11853.0,11880.0
20353,ID00005,627.0,399,11308.0,11935.0
20354,ID00006,22.0,399,11938.0,11960.0
20355,ID00007,382.0,399,11308.0,11690.0
20356,ID00008,20.0,399,11693.0,11713.0
20357,ID00009,449.0,399,11308.0,11757.0
20358,ID00010,27.0,399,11760.0,11787.0
20359,ID00011,453.0,399,11308.0,11761.0
20360,ID00012,27.0,399,11764.0,11791.0
20361,ID00013,757.0,399,11308.0,12065.0
20362,ID00014,28.0,399,12068.0,12096.0
20363,ID00015,598.0,399,11308.0,11906.0
20364,ID00016,12.0,399,11909.0,11921.0
20365,ID00017,445.0,399,11308.0,11753.0
20366,ID00018,10.0,399,11756.0,11766.0
20367,ID00019,947.0,399,11308.0,12255.0
20368,ID00020,26.0,399,12258.0,12284.0
20369,ID00021,688.0,399,11308.0,11996.0
20370,ID00022,25.0,399,11999.0,12024.0
20371,ID00023,2589.0,399,7875.0,10464.0
20372,ID00024,1086.0,399,10480.0,11566.0
20373,ID00025,15.0,399,11569.0,11584.0
20374,ID00026,669.0,399,10480.0,11149.0
20375,ID00027,21.0,399,11152.0,11173.0
20376,ID00028,784.0,399,10480.0,11264.0
20377,ID00029,21.0,399,11267.0,11288.0
20378,ID00030,937.0,399,10480.0,11417.0
20379,ID00031,11.0,399,11420.0,11431.0
20380,ID00032,541.0,399,10480.0,11021.0
20381,ID00033,22.0,399,11024.0,11046.0
20382,ID00034,518.0,399,10480.0,10998.0
20383,ID00035,20.0,399,11001.0,11021.0
20384,ID00036,1103.0,399,10480.0,11583.0
20385,ID00037,19.0,399,11586.0,11605.0
20386,ID00038,969.0,399,10480.0,11449.0
20387,ID00039,19.0,399,11452.0,11471.0
20388,ID00040,490.0,399,10480.0,10970.0
20389,ID00041,27.0,399,10973.0,11000.0
20390,ID00042,984.0,399,10480.0,11464.0
20391,ID00043,19.0,399,11467.0,11486.0
20392,ID00044,446.0,399,10480.0,10926.0
20393,ID00045,23.0,399,10929.0,10952.0
20394,ID00046,441.0,399,10480.0,10921.0
20395,ID00047,10.0,399,10924.0,10934.0
20396,ID00048,602.0,399,10480.0,11082.0
20397,ID00049,12.0,399,11085.0,11097.0
20398,finish,0.0,399,12294.0,12294.0
20399,entry,0.0,400,7200,7200.0
20400,ID00000,165.0,400,7223.0,7388.0
20401,ID00001,165.0,400,7223.0,7388.0
20402,ID00002,166.0,400,7223.0,7389.0
20403,ID00003,166.0,400,7223.0,7389.0
20404,ID00004,163.0,400,7223.0,7386.0
20405,ID00005,166.0,400,7223.0,7389.0
20406,ID00006,164.0,400,7223.0,7387.0
20407,ID00007,166.0,400,7223.0,7389.0
20408,ID00008,129.0,400,7430.0,7559.0
20409,ID00009,128.0,400,7431.0,7559.0
20410,ID00010,126.0,400,7430.0,7556.0
20411,ID00011,128.0,400,7431.0,7559.0
20412,ID00012,129.0,400,7430.0,7559.0
20413,ID00013,126.0,400,7431.0,7557.0
20414,ID00014,128.0,400,7431.0,7559.0
20415,ID00015,128.0,400,7431.0,7559.0
20416,ID00016,127.0,400,7431.0,7558.0
20417,ID00017,125.0,400,7431.0,7556.0
20418,ID00018,129.0,400,7431.0,7560.0
20419,ID00019,127.0,400,7431.0,7558.0
20420,ID00020,126.0,400,7431.0,7557.0
20421,ID00021,129.0,400,7431.0,7560.0
20422,ID00022,127.0,400,7431.0,7558.0
20423,ID00023,129.0,400,7431.0,7560.0
20424,ID00024,126.0,400,7428.0,7554.0
20425,ID00025,127.0,400,7431.0,7558.0
20426,ID00026,130.0,400,7431.0,7561.0
20427,ID00027,126.0,400,7431.0,7557.0
20428,ID00028,128.0,400,7431.0,7559.0
20429,ID00029,128.0,400,7430.0,7558.0
20430,ID00030,128.0,400,7431.0,7559.0
20431,ID00031,128.0,400,7431.0,7559.0
20432,ID00032,127.0,400,7431.0,7558.0
20433,ID00033,127.0,400,7431.0,7558.0
20434,ID00034,127.0,400,7431.0,7558.0
20435,ID00035,127.0,400,7431.0,7558.0
20436,ID00036,27.0,400,7567.0,7594.0
20437,ID00037,64.0,400,7597.0,7661.0
20438,ID00038,131.0,400,7664.0,7795.0
20439,ID00039,129.0,400,7664.0,7793.0
20440,ID00040,131.0,400,7664.0,7795.0
20441,ID00041,128.0,400,7664.0,7792.0
20442,ID00042,126.0,400,7664.0,7790.0
20443,ID00043,128.0,400,7664.0,7792.0
20444,ID00044,129.0,400,7664.0,7793.0
20445,ID00045,129.0,400,7664.0,7793.0
20446,ID00046,30.0,400,7837.0,7867.0
20447,ID00047,59.0,400,7870.0,7929.0
20448,ID00048,59.0,400,8581.0,8640.0
20449,ID00049,6.0,400,8654.0,8660.0
20450,finish,0.0,400,8662.0,8662.0
20451,entry,0.0,401,7200,7200.0
20452,ID00000,3.0,401,7274.0,7277.0
20453,ID00001,3.0,401,7227.0,7230.0
20454,ID00002,3.0,401,7353.0,7356.0
20455,ID00003,3.0,401,7353.0,7356.0
20456,ID00004,3.0,401,7353.0,7356.0
20457,ID00005,3.0,401,7353.0,7356.0
20458,ID00006,3.0,401,7353.0,7356.0
20459,ID00007,3.0,401,7260.0,7263.0
20460,ID00008,3.0,401,7260.0,7263.0
20461,ID00009,3.0,401,7260.0,7263.0
20462,ID00010,3.0,401,7260.0,7263.0
20463,ID00011,3.0,401,7260.0,7263.0
20464,ID00012,3.0,401,7372.0,7375.0
20465,ID00013,3.0,401,7370.0,7373.0
20466,ID00014,3.0,401,7372.0,7375.0
20467,ID00015,3.0,401,7372.0,7375.0
20468,ID00016,3.0,401,7372.0,7375.0
20469,ID00017,3.0,401,7269.0,7272.0
20470,ID00018,3.0,401,7269.0,7272.0
20471,ID00019,3.0,401,7269.0,7272.0
20472,ID00020,3.0,401,7269.0,7272.0
20473,ID00021,3.0,401,7269.0,7272.0
20474,ID00022,3.0,401,7381.0,7384.0
20475,ID00023,3.0,401,7378.0,7381.0
20476,ID00024,3.0,401,7380.0,7383.0
20477,ID00025,3.0,401,7385.0,7388.0
20478,ID00026,3.0,401,7381.0,7384.0
20479,ID00027,3.0,401,7274.0,7277.0
20480,ID00028,3.0,401,7274.0,7277.0
20481,ID00029,3.0,401,7274.0,7277.0
20482,ID00030,3.0,401,7274.0,7277.0
20483,ID00031,3.0,401,7275.0,7278.0
20484,ID00032,172.0,401,7386.0,7558.0
20485,ID00033,230.0,401,7383.0,7613.0
20486,ID00034,125.0,401,7385.0,7510.0
20487,ID00035,175.0,401,7391.0,7566.0
20488,ID00036,163.0,401,7386.0,7549.0
20489,ID00037,178.0,401,7278.0,7456.0
20490,ID00038,217.0,401,7278.0,7495.0
20491,ID00039,175.0,401,7278.0,7453.0
20492,ID00040,181.0,401,7278.0,7459.0
20493,ID00041,158.0,401,7279.0,7437.0
20494,ID00042,3.0,401,7615.0,7618.0
20495,ID00043,3.0,401,7496.0,7499.0
20496,ID00044,3.0,401,7626.0,7629.0
20497,ID00045,3.0,401,7640.0,7643.0
20498,ID00046,62.0,401,7644.0,7706.0
20499,finish,0.0,401,7707.0,7707.0
20500,entry,0.0,402,7200,7200.0
20501,ID00000,165.0,402,7223.0,7388.0
20502,ID00001,165.0,402,7223.0,7388.0
20503,ID00002,166.0,402,7223.0,7389.0
20504,ID00003,166.0,402,7223.0,7389.0
20505,ID00004,163.0,402,7223.0,7386.0
20506,ID00005,166.0,402,7223.0,7389.0
20507,ID00006,164.0,402,7223.0,7387.0
20508,ID00007,166.0,402,7223.0,7389.0
20509,ID00008,129.0,402,7430.0,7559.0
20510,ID00009,128.0,402,7431.0,7559.0
20511,ID00010,126.0,402,7430.0,7556.0
20512,ID00011,128.0,402,7431.0,7559.0
20513,ID00012,129.0,402,7430.0,7559.0
20514,ID00013,126.0,402,7431.0,7557.0
20515,ID00014,128.0,402,7431.0,7559.0
20516,ID00015,128.0,402,7431.0,7559.0
20517,ID00016,127.0,402,7431.0,7558.0
20518,ID00017,125.0,402,7431.0,7556.0
20519,ID00018,129.0,402,7431.0,7560.0
20520,ID00019,127.0,402,7431.0,7558.0
20521,ID00020,126.0,402,7431.0,7557.0
20522,ID00021,129.0,402,7431.0,7560.0
20523,ID00022,127.0,402,7431.0,7558.0
20524,ID00023,129.0,402,7431.0,7560.0
20525,ID00024,126.0,402,7428.0,7554.0
20526,ID00025,127.0,402,7431.0,7558.0
20527,ID00026,130.0,402,7431.0,7561.0
20528,ID00027,126.0,402,7431.0,7557.0
20529,ID00028,128.0,402,7431.0,7559.0
20530,ID00029,128.0,402,7430.0,7558.0
20531,ID00030,128.0,402,7431.0,7559.0
20532,ID00031,128.0,402,7431.0,7559.0
20533,ID00032,127.0,402,7431.0,7558.0
20534,ID00033,127.0,402,7431.0,7558.0
20535,ID00034,127.0,402,7431.0,7558.0
20536,ID00035,127.0,402,7431.0,7558.0
20537,ID00036,27.0,402,7567.0,7594.0
20538,ID00037,64.0,402,7597.0,7661.0
20539,ID00038,131.0,402,7664.0,7795.0
20540,ID00039,129.0,402,7664.0,7793.0
20541,ID00040,131.0,402,7664.0,7795.0
20542,ID00041,128.0,402,7664.0,7792.0
20543,ID00042,126.0,402,7664.0,7790.0
20544,ID00043,128.0,402,7664.0,7792.0
20545,ID00044,129.0,402,7664.0,7793.0
20546,ID00045,129.0,402,7664.0,7793.0
20547,ID00046,30.0,402,7837.0,7867.0
20548,ID00047,59.0,402,7870.0,7929.0
20549,ID00048,59.0,402,8581.0,8640.0
20550,ID00049,6.0,402,8654.0,8660.0
20551,finish,0.0,402,8662.0,8662.0
20552,entry,0.0,403,7200,7200.0
20553,ID00000,6.0,403,13187.0,13193.0
20554,ID00001,5.0,403,13158.0,13163.0
20555,ID00002,3417.0,403,8767.0,12184.0
20556,ID00003,542.0,403,12208.0,12750.0
20557,ID00004,27.0,403,12753.0,12780.0
20558,ID00005,627.0,403,12208.0,12835.0
20559,ID00006,22.0,403,12838.0,12860.0
20560,ID00007,382.0,403,12208.0,12590.0
20561,ID00008,20.0,403,12593.0,12613.0
20562,ID00009,449.0,403,12208.0,12657.0
20563,ID00010,27.0,403,12660.0,12687.0
20564,ID00011,453.0,403,12208.0,12661.0
20565,ID00012,27.0,403,12664.0,12691.0
20566,ID00013,757.0,403,12208.0,12965.0
20567,ID00014,28.0,403,12968.0,12996.0
20568,ID00015,598.0,403,12208.0,12806.0
20569,ID00016,12.0,403,12809.0,12821.0
20570,ID00017,445.0,403,12208.0,12653.0
20571,ID00018,10.0,403,12656.0,12666.0
20572,ID00019,947.0,403,12208.0,13155.0
20573,ID00020,26.0,403,13158.0,13184.0
20574,ID00021,688.0,403,12208.0,12896.0
20575,ID00022,25.0,403,12899.0,12924.0
20576,ID00023,2589.0,403,8775.0,11364.0
20577,ID00024,1086.0,403,11380.0,12466.0
20578,ID00025,15.0,403,12469.0,12484.0
20579,ID00026,669.0,403,11380.0,12049.0
20580,ID00027,21.0,403,12052.0,12073.0
20581,ID00028,784.0,403,11380.0,12164.0
20582,ID00029,21.0,403,12167.0,12188.0
20583,ID00030,937.0,403,11380.0,12317.0
20584,ID00031,11.0,403,12320.0,12331.0
20585,ID00032,541.0,403,11380.0,11921.0
20586,ID00033,22.0,403,11924.0,11946.0
20587,ID00034,518.0,403,11380.0,11898.0
20588,ID00035,20.0,403,11901.0,11921.0
20589,ID00036,1103.0,403,11380.0,12483.0
20590,ID00037,19.0,403,12486.0,12505.0
20591,ID00038,969.0,403,11380.0,12349.0
20592,ID00039,19.0,403,12352.0,12371.0
20593,ID00040,490.0,403,11380.0,11870.0
20594,ID00041,27.0,403,11873.0,11900.0
20595,ID00042,984.0,403,11380.0,12364.0
20596,ID00043,19.0,403,12367.0,12386.0
20597,ID00044,446.0,403,11380.0,11826.0
20598,ID00045,23.0,403,11829.0,11852.0
20599,ID00046,441.0,403,11380.0,11821.0
20600,ID00047,10.0,403,11824.0,11834.0
20601,ID00048,602.0,403,11380.0,11982.0
20602,ID00049,12.0,403,11985.0,11997.0
20603,finish,0.0,403,13194.0,13194.0
20604,entry,0.0,404,7200,7200.0
20605,ID00000,3.0,404,7208.0,7211.0
20606,ID00001,3.0,404,7204.0,7207.0
20607,ID00002,3.0,404,7204.0,7207.0
20608,ID00003,3.0,404,7204.0,7207.0
20609,ID00004,3.0,404,7204.0,7207.0
20610,ID00005,3.0,404,7204.0,7207.0
20611,ID00006,3.0,404,7204.0,7207.0
20612,ID00007,3.0,404,7204.0,7207.0
20613,ID00008,3.0,404,7204.0,7207.0
20614,ID00009,3.0,404,7204.0,7207.0
20615,ID00010,3.0,404,7204.0,7207.0
20616,ID00011,3.0,404,7204.0,7207.0
20617,ID00012,3.0,404,7204.0,7207.0
20618,ID00013,497.0,404,7202.0,7699.0
20619,ID00014,10.0,404,7202.0,7212.0
20620,ID00015,20.0,404,7203.0,7223.0
20621,ID00016,468.0,404,8104.0,8572.0
20622,ID00017,134.0,404,8575.0,8709.0
20623,ID00018,3.0,404,8723.0,8726.0
20624,ID00019,3.0,404,8723.0,8726.0
20625,ID00020,329.0,404,8723.0,9052.0
20626,ID00021,9.0,404,8727.0,8736.0
20627,ID00022,3.0,404,8723.0,8726.0
20628,ID00023,3.0,404,9060.0,9063.0
20629,ID00025,3.0,404,7208.0,7211.0
20630,ID00026,3.0,404,7204.0,7207.0
20631,ID00027,3.0,404,7204.0,7207.0
20632,ID00028,3.0,404,7204.0,7207.0
20633,ID00029,3.0,404,7204.0,7207.0
20634,ID00030,3.0,404,7204.0,7207.0
20635,ID00031,3.0,404,7204.0,7207.0
20636,ID00032,3.0,404,7204.0,7207.0
20637,ID00033,3.0,404,7204.0,7207.0
20638,ID00034,3.0,404,7204.0,7207.0
20639,ID00035,3.0,404,7204.0,7207.0
20640,ID00036,3.0,404,7204.0,7207.0
20641,ID00037,3.0,404,7204.0,7207.0
20642,ID00038,277.0,404,7202.0,7479.0
20643,ID00039,10.0,404,7202.0,7212.0
20644,ID00040,9.0,404,7203.0,7212.0
20645,ID00041,626.0,404,8108.0,8734.0
20646,ID00042,46.0,404,8737.0,8783.0
20647,ID00043,3.0,404,8797.0,8800.0
20648,ID00044,3.0,404,8797.0,8800.0
20649,ID00045,319.0,404,8797.0,9116.0
20650,ID00046,9.0,404,8801.0,8810.0
20651,ID00047,3.0,404,8797.0,8800.0
20652,ID00048,3.0,404,9124.0,9127.0
20653,finish,0.0,404,9135.0,9135.0
20654,entry,0.0,405,7200,7200.0
20655,ID00000,3.0,405,7274.0,7277.0
20656,ID00001,3.0,405,7227.0,7230.0
20657,ID00002,3.0,405,7353.0,7356.0
20658,ID00003,3.0,405,7353.0,7356.0
20659,ID00004,3.0,405,7353.0,7356.0
20660,ID00005,3.0,405,7353.0,7356.0
20661,ID00006,3.0,405,7353.0,7356.0
20662,ID00007,3.0,405,7260.0,7263.0
20663,ID00008,3.0,405,7260.0,7263.0
20664,ID00009,3.0,405,7260.0,7263.0
20665,ID00010,3.0,405,7260.0,7263.0
20666,ID00011,3.0,405,7260.0,7263.0
20667,ID00012,3.0,405,7372.0,7375.0
20668,ID00013,3.0,405,7370.0,7373.0
20669,ID00014,3.0,405,7372.0,7375.0
20670,ID00015,3.0,405,7372.0,7375.0
20671,ID00016,3.0,405,7372.0,7375.0
20672,ID00017,3.0,405,7269.0,7272.0
20673,ID00018,3.0,405,7269.0,7272.0
20674,ID00019,3.0,405,7269.0,7272.0
20675,ID00020,3.0,405,7269.0,7272.0
20676,ID00021,3.0,405,7269.0,7272.0
20677,ID00022,3.0,405,7381.0,7384.0
20678,ID00023,3.0,405,7378.0,7381.0
20679,ID00024,3.0,405,7380.0,7383.0
20680,ID00025,3.0,405,7385.0,7388.0
20681,ID00026,3.0,405,7381.0,7384.0
20682,ID00027,3.0,405,7274.0,7277.0
20683,ID00028,3.0,405,7274.0,7277.0
20684,ID00029,3.0,405,7274.0,7277.0
20685,ID00030,3.0,405,7274.0,7277.0
20686,ID00031,3.0,405,7275.0,7278.0
20687,ID00032,172.0,405,7386.0,7558.0
20688,ID00033,230.0,405,7383.0,7613.0
20689,ID00034,125.0,405,7385.0,7510.0
20690,ID00035,175.0,405,7391.0,7566.0
20691,ID00036,163.0,405,7386.0,7549.0
20692,ID00037,178.0,405,7278.0,7456.0
20693,ID00038,217.0,405,7278.0,7495.0
20694,ID00039,175.0,405,7278.0,7453.0
20695,ID00040,181.0,405,7278.0,7459.0
20696,ID00041,158.0,405,7279.0,7437.0
20697,ID00042,3.0,405,7615.0,7618.0
20698,ID00043,3.0,405,7496.0,7499.0
20699,ID00044,3.0,405,7626.0,7629.0
20700,ID00045,3.0,405,7640.0,7643.0
20701,ID00046,62.0,405,7644.0,7706.0
20702,finish,0.0,405,7707.0,7707.0
20703,entry,0.0,406,7200,7200.0
20704,ID00000,3.0,406,7274.0,7277.0
20705,ID00001,3.0,406,7227.0,7230.0
20706,ID00002,3.0,406,7353.0,7356.0
20707,ID00003,3.0,406,7353.0,7356.0
20708,ID00004,3.0,406,7353.0,7356.0
20709,ID00005,3.0,406,7353.0,7356.0
20710,ID00006,3.0,406,7353.0,7356.0
20711,ID00007,3.0,406,7260.0,7263.0
20712,ID00008,3.0,406,7260.0,7263.0
20713,ID00009,3.0,406,7260.0,7263.0
20714,ID00010,3.0,406,7260.0,7263.0
20715,ID00011,3.0,406,7260.0,7263.0
20716,ID00012,3.0,406,7372.0,7375.0
20717,ID00013,3.0,406,7370.0,7373.0
20718,ID00014,3.0,406,7372.0,7375.0
20719,ID00015,3.0,406,7372.0,7375.0
20720,ID00016,3.0,406,7372.0,7375.0
20721,ID00017,3.0,406,7269.0,7272.0
20722,ID00018,3.0,406,7269.0,7272.0
20723,ID00019,3.0,406,7269.0,7272.0
20724,ID00020,3.0,406,7269.0,7272.0
20725,ID00021,3.0,406,7269.0,7272.0
20726,ID00022,3.0,406,7381.0,7384.0
20727,ID00023,3.0,406,7378.0,7381.0
20728,ID00024,3.0,406,7380.0,7383.0
20729,ID00025,3.0,406,7385.0,7388.0
20730,ID00026,3.0,406,7381.0,7384.0
20731,ID00027,3.0,406,7274.0,7277.0
20732,ID00028,3.0,406,7274.0,7277.0
20733,ID00029,3.0,406,7274.0,7277.0
20734,ID00030,3.0,406,7274.0,7277.0
20735,ID00031,3.0,406,7275.0,7278.0
20736,ID00032,172.0,406,7386.0,7558.0
20737,ID00033,230.0,406,7383.0,7613.0
20738,ID00034,125.0,406,7385.0,7510.0
20739,ID00035,175.0,406,7391.0,7566.0
20740,ID00036,163.0,406,7386.0,7549.0
20741,ID00037,178.0,406,7278.0,7456.0
20742,ID00038,217.0,406,7278.0,7495.0
20743,ID00039,175.0,406,7278.0,7453.0
20744,ID00040,181.0,406,7278.0,7459.0
20745,ID00041,158.0,406,7279.0,7437.0
20746,ID00042,3.0,406,7615.0,7618.0
20747,ID00043,3.0,406,7496.0,7499.0
20748,ID00044,3.0,406,7626.0,7629.0
20749,ID00045,3.0,406,7640.0,7643.0
20750,ID00046,62.0,406,7644.0,7706.0
20751,finish,0.0,406,7707.0,7707.0
20752,entry,0.0,407,7200,7200.0
20753,ID00000,165.0,407,7223.0,7388.0
20754,ID00001,165.0,407,7223.0,7388.0
20755,ID00002,166.0,407,7223.0,7389.0
20756,ID00003,166.0,407,7223.0,7389.0
20757,ID00004,163.0,407,7223.0,7386.0
20758,ID00005,166.0,407,7223.0,7389.0
20759,ID00006,164.0,407,7223.0,7387.0
20760,ID00007,166.0,407,7223.0,7389.0
20761,ID00008,129.0,407,7430.0,7559.0
20762,ID00009,128.0,407,7431.0,7559.0
20763,ID00010,126.0,407,7430.0,7556.0
20764,ID00011,128.0,407,7431.0,7559.0
20765,ID00012,129.0,407,7430.0,7559.0
20766,ID00013,126.0,407,7431.0,7557.0
20767,ID00014,128.0,407,7431.0,7559.0
20768,ID00015,128.0,407,7431.0,7559.0
20769,ID00016,127.0,407,7431.0,7558.0
20770,ID00017,125.0,407,7431.0,7556.0
20771,ID00018,129.0,407,7431.0,7560.0
20772,ID00019,127.0,407,7431.0,7558.0
20773,ID00020,126.0,407,7431.0,7557.0
20774,ID00021,129.0,407,7431.0,7560.0
20775,ID00022,127.0,407,7431.0,7558.0
20776,ID00023,129.0,407,7431.0,7560.0
20777,ID00024,126.0,407,7428.0,7554.0
20778,ID00025,127.0,407,7431.0,7558.0
20779,ID00026,130.0,407,7431.0,7561.0
20780,ID00027,126.0,407,7431.0,7557.0
20781,ID00028,128.0,407,7431.0,7559.0
20782,ID00029,128.0,407,7430.0,7558.0
20783,ID00030,128.0,407,7431.0,7559.0
20784,ID00031,128.0,407,7431.0,7559.0
20785,ID00032,127.0,407,7431.0,7558.0
20786,ID00033,127.0,407,7431.0,7558.0
20787,ID00034,127.0,407,7431.0,7558.0
20788,ID00035,127.0,407,7431.0,7558.0
20789,ID00036,27.0,407,7567.0,7594.0
20790,ID00037,64.0,407,7597.0,7661.0
20791,ID00038,131.0,407,7664.0,7795.0
20792,ID00039,129.0,407,7664.0,7793.0
20793,ID00040,131.0,407,7664.0,7795.0
20794,ID00041,128.0,407,7664.0,7792.0
20795,ID00042,126.0,407,7664.0,7790.0
20796,ID00043,128.0,407,7664.0,7792.0
20797,ID00044,129.0,407,7664.0,7793.0
20798,ID00045,129.0,407,7664.0,7793.0
20799,ID00046,30.0,407,7837.0,7867.0
20800,ID00047,59.0,407,7870.0,7929.0
20801,ID00048,59.0,407,8581.0,8640.0
20802,ID00049,6.0,407,8654.0,8660.0
20803,finish,0.0,407,8662.0,8662.0
20804,entry,0.0,408,7200,7200.0
20805,ID00000,165.0,408,7223.0,7388.0
20806,ID00001,165.0,408,7223.0,7388.0
20807,ID00002,166.0,408,7223.0,7389.0
20808,ID00003,166.0,408,7223.0,7389.0
20809,ID00004,163.0,408,7223.0,7386.0
20810,ID00005,166.0,408,7223.0,7389.0
20811,ID00006,164.0,408,7223.0,7387.0
20812,ID00007,166.0,408,7223.0,7389.0
20813,ID00008,129.0,408,7430.0,7559.0
20814,ID00009,128.0,408,7431.0,7559.0
20815,ID00010,126.0,408,7430.0,7556.0
20816,ID00011,128.0,408,7431.0,7559.0
20817,ID00012,129.0,408,7430.0,7559.0
20818,ID00013,126.0,408,7431.0,7557.0
20819,ID00014,128.0,408,7431.0,7559.0
20820,ID00015,128.0,408,7431.0,7559.0
20821,ID00016,127.0,408,7431.0,7558.0
20822,ID00017,125.0,408,7431.0,7556.0
20823,ID00018,129.0,408,7431.0,7560.0
20824,ID00019,127.0,408,7431.0,7558.0
20825,ID00020,126.0,408,7431.0,7557.0
20826,ID00021,129.0,408,7431.0,7560.0
20827,ID00022,127.0,408,7431.0,7558.0
20828,ID00023,129.0,408,7431.0,7560.0
20829,ID00024,126.0,408,7428.0,7554.0
20830,ID00025,127.0,408,7431.0,7558.0
20831,ID00026,130.0,408,7431.0,7561.0
20832,ID00027,126.0,408,7431.0,7557.0
20833,ID00028,128.0,408,7431.0,7559.0
20834,ID00029,128.0,408,7430.0,7558.0
20835,ID00030,128.0,408,7431.0,7559.0
20836,ID00031,128.0,408,7431.0,7559.0
20837,ID00032,127.0,408,7431.0,7558.0
20838,ID00033,127.0,408,7431.0,7558.0
20839,ID00034,127.0,408,7431.0,7558.0
20840,ID00035,127.0,408,7431.0,7558.0
20841,ID00036,27.0,408,7567.0,7594.0
20842,ID00037,64.0,408,7597.0,7661.0
20843,ID00038,131.0,408,7664.0,7795.0
20844,ID00039,129.0,408,7664.0,7793.0
20845,ID00040,131.0,408,7664.0,7795.0
20846,ID00041,128.0,408,7664.0,7792.0
20847,ID00042,126.0,408,7664.0,7790.0
20848,ID00043,128.0,408,7664.0,7792.0
20849,ID00044,129.0,408,7664.0,7793.0
20850,ID00045,129.0,408,7664.0,7793.0
20851,ID00046,30.0,408,7837.0,7867.0
20852,ID00047,59.0,408,7870.0,7929.0
20853,ID00048,59.0,408,8581.0,8640.0
20854,ID00049,6.0,408,8654.0,8660.0
20855,finish,0.0,408,8662.0,8662.0
20856,entry,0.0,409,7200,7200.0
20857,ID00000,57.0,409,7486.0,7543.0
20858,ID00001,56.0,409,7486.0,7542.0
20859,ID00002,54.0,409,7486.0,7540.0
20860,ID00003,54.0,409,7486.0,7540.0
20861,ID00004,56.0,409,7485.0,7541.0
20862,ID00005,55.0,409,7486.0,7541.0
20863,ID00006,55.0,409,7486.0,7541.0
20864,ID00007,55.0,409,7486.0,7541.0
20865,ID00008,55.0,409,7486.0,7541.0
20866,ID00009,55.0,409,7486.0,7541.0
20867,ID00010,54.0,409,7486.0,7540.0
20868,ID00011,54.0,409,7486.0,7540.0
20869,ID00012,1768.0,409,7550.0,9318.0
20870,ID00013,1486.0,409,7550.0,9036.0
20871,ID00014,1667.0,409,7548.0,9215.0
20872,ID00015,1360.0,409,7547.0,8907.0
20873,ID00016,1286.0,409,7548.0,8834.0
20874,ID00017,1598.0,409,7548.0,9146.0
20875,ID00018,880.0,409,7548.0,8428.0
20876,ID00019,1746.0,409,7548.0,9294.0
20877,ID00020,988.0,409,7548.0,8536.0
20878,ID00021,1553.0,409,7548.0,9101.0
20879,ID00022,2027.0,409,7548.0,9575.0
20880,ID00023,1807.0,409,7547.0,9354.0
20881,ID00024,17.0,409,9578.0,9595.0
20882,ID00025,15.0,409,9598.0,9613.0
20883,ID00026,15.0,409,9598.0,9613.0
20884,ID00027,16.0,409,9598.0,9614.0
20885,ID00028,14.0,409,9598.0,9612.0
20886,ID00029,18.0,409,9598.0,9616.0
20887,ID00030,17.0,409,9598.0,9615.0
20888,ID00031,17.0,409,9598.0,9615.0
20889,ID00032,16.0,409,9598.0,9614.0
20890,ID00033,16.0,409,9598.0,9614.0
20891,ID00034,17.0,409,9598.0,9615.0
20892,ID00035,15.0,409,9598.0,9613.0
20893,ID00036,13.0,409,9598.0,9611.0
20894,ID00037,1607.0,409,9616.0,11223.0
20895,ID00038,1213.0,409,9616.0,10829.0
20896,ID00039,1186.0,409,9617.0,10803.0
20897,ID00040,1749.0,409,9615.0,11364.0
20898,ID00041,1473.0,409,9619.0,11092.0
20899,ID00042,1670.0,409,9618.0,11288.0
20900,ID00043,1139.0,409,9618.0,10757.0
20901,ID00044,1855.0,409,9617.0,11472.0
20902,ID00045,2015.0,409,9617.0,11632.0
20903,ID00046,2007.0,409,9618.0,11625.0
20904,ID00047,1767.0,409,9616.0,11383.0
20905,ID00048,911.0,409,9614.0,10525.0
20906,ID00049,16.0,409,11635.0,11651.0
20907,finish,0.0,409,11652.0,11652.0
20908,entry,0.0,410,7200,7200.0
20909,ID00000,3.0,410,7274.0,7277.0
20910,ID00001,3.0,410,7227.0,7230.0
20911,ID00002,3.0,410,7353.0,7356.0
20912,ID00003,3.0,410,7353.0,7356.0
20913,ID00004,3.0,410,7353.0,7356.0
20914,ID00005,3.0,410,7353.0,7356.0
20915,ID00006,3.0,410,7353.0,7356.0
20916,ID00007,3.0,410,7260.0,7263.0
20917,ID00008,3.0,410,7260.0,7263.0
20918,ID00009,3.0,410,7260.0,7263.0
20919,ID00010,3.0,410,7260.0,7263.0
20920,ID00011,3.0,410,7260.0,7263.0
20921,ID00012,3.0,410,7372.0,7375.0
20922,ID00013,3.0,410,7370.0,7373.0
20923,ID00014,3.0,410,7372.0,7375.0
20924,ID00015,3.0,410,7372.0,7375.0
20925,ID00016,3.0,410,7372.0,7375.0
20926,ID00017,3.0,410,7269.0,7272.0
20927,ID00018,3.0,410,7269.0,7272.0
20928,ID00019,3.0,410,7269.0,7272.0
20929,ID00020,3.0,410,7269.0,7272.0
20930,ID00021,3.0,410,7269.0,7272.0
20931,ID00022,3.0,410,7381.0,7384.0
20932,ID00023,3.0,410,7378.0,7381.0
20933,ID00024,3.0,410,7380.0,7383.0
20934,ID00025,3.0,410,7385.0,7388.0
20935,ID00026,3.0,410,7381.0,7384.0
20936,ID00027,3.0,410,7274.0,7277.0
20937,ID00028,3.0,410,7274.0,7277.0
20938,ID00029,3.0,410,7274.0,7277.0
20939,ID00030,3.0,410,7274.0,7277.0
20940,ID00031,3.0,410,7275.0,7278.0
20941,ID00032,172.0,410,7386.0,7558.0
20942,ID00033,230.0,410,7383.0,7613.0
20943,ID00034,125.0,410,7385.0,7510.0
20944,ID00035,175.0,410,7391.0,7566.0
20945,ID00036,163.0,410,7386.0,7549.0
20946,ID00037,178.0,410,7278.0,7456.0
20947,ID00038,217.0,410,7278.0,7495.0
20948,ID00039,175.0,410,7278.0,7453.0
20949,ID00040,181.0,410,7278.0,7459.0
20950,ID00041,158.0,410,7279.0,7437.0
20951,ID00042,3.0,410,7615.0,7618.0
20952,ID00043,3.0,410,7496.0,7499.0
20953,ID00044,3.0,410,7626.0,7629.0
20954,ID00045,3.0,410,7640.0,7643.0
20955,ID00046,62.0,410,7644.0,7706.0
20956,finish,0.0,410,7707.0,7707.0
20957,entry,0.0,411,7200,7200.0
20958,ID00000,57.0,411,7486.0,7543.0
20959,ID00001,56.0,411,7486.0,7542.0
20960,ID00002,54.0,411,7486.0,7540.0
20961,ID00003,54.0,411,7486.0,7540.0
20962,ID00004,56.0,411,7485.0,7541.0
20963,ID00005,55.0,411,7486.0,7541.0
20964,ID00006,55.0,411,7486.0,7541.0
20965,ID00007,55.0,411,7486.0,7541.0
20966,ID00008,55.0,411,7486.0,7541.0
20967,ID00009,55.0,411,7486.0,7541.0
20968,ID00010,54.0,411,7486.0,7540.0
20969,ID00011,54.0,411,7486.0,7540.0
20970,ID00012,1768.0,411,7550.0,9318.0
20971,ID00013,1486.0,411,7550.0,9036.0
20972,ID00014,1667.0,411,7548.0,9215.0
20973,ID00015,1360.0,411,7547.0,8907.0
20974,ID00016,1286.0,411,7548.0,8834.0
20975,ID00017,1598.0,411,7548.0,9146.0
20976,ID00018,880.0,411,7548.0,8428.0
20977,ID00019,1746.0,411,7548.0,9294.0
20978,ID00020,988.0,411,7548.0,8536.0
20979,ID00021,1553.0,411,7548.0,9101.0
20980,ID00022,2027.0,411,7548.0,9575.0
20981,ID00023,1807.0,411,7547.0,9354.0
20982,ID00024,17.0,411,9578.0,9595.0
20983,ID00025,15.0,411,9598.0,9613.0
20984,ID00026,15.0,411,9598.0,9613.0
20985,ID00027,16.0,411,9598.0,9614.0
20986,ID00028,14.0,411,9598.0,9612.0
20987,ID00029,18.0,411,9598.0,9616.0
20988,ID00030,17.0,411,9598.0,9615.0
20989,ID00031,17.0,411,9598.0,9615.0
20990,ID00032,16.0,411,9598.0,9614.0
20991,ID00033,16.0,411,9598.0,9614.0
20992,ID00034,17.0,411,9598.0,9615.0
20993,ID00035,15.0,411,9598.0,9613.0
20994,ID00036,13.0,411,9598.0,9611.0
20995,ID00037,1607.0,411,9616.0,11223.0
20996,ID00038,1213.0,411,9616.0,10829.0
20997,ID00039,1186.0,411,9617.0,10803.0
20998,ID00040,1749.0,411,9615.0,11364.0
20999,ID00041,1473.0,411,9619.0,11092.0
21000,ID00042,1670.0,411,9618.0,11288.0
21001,ID00043,1139.0,411,9618.0,10757.0
21002,ID00044,1855.0,411,9617.0,11472.0
21003,ID00045,2015.0,411,9617.0,11632.0
21004,ID00046,2007.0,411,9618.0,11625.0
21005,ID00047,1767.0,411,9616.0,11383.0
21006,ID00048,911.0,411,9614.0,10525.0
21007,ID00049,16.0,411,11635.0,11651.0
21008,finish,0.0,411,11652.0,11652.0
21009,entry,0.0,412,7200,7200.0
21010,ID00000,3.0,412,7274.0,7277.0
21011,ID00001,3.0,412,7227.0,7230.0
21012,ID00002,3.0,412,7353.0,7356.0
21013,ID00003,3.0,412,7353.0,7356.0
21014,ID00004,3.0,412,7353.0,7356.0
21015,ID00005,3.0,412,7353.0,7356.0
21016,ID00006,3.0,412,7353.0,7356.0
21017,ID00007,3.0,412,7260.0,7263.0
21018,ID00008,3.0,412,7260.0,7263.0
21019,ID00009,3.0,412,7260.0,7263.0
21020,ID00010,3.0,412,7260.0,7263.0
21021,ID00011,3.0,412,7260.0,7263.0
21022,ID00012,3.0,412,7372.0,7375.0
21023,ID00013,3.0,412,7370.0,7373.0
21024,ID00014,3.0,412,7372.0,7375.0
21025,ID00015,3.0,412,7372.0,7375.0
21026,ID00016,3.0,412,7372.0,7375.0
21027,ID00017,3.0,412,7269.0,7272.0
21028,ID00018,3.0,412,7269.0,7272.0
21029,ID00019,3.0,412,7269.0,7272.0
21030,ID00020,3.0,412,7269.0,7272.0
21031,ID00021,3.0,412,7269.0,7272.0
21032,ID00022,3.0,412,7381.0,7384.0
21033,ID00023,3.0,412,7378.0,7381.0
21034,ID00024,3.0,412,7380.0,7383.0
21035,ID00025,3.0,412,7385.0,7388.0
21036,ID00026,3.0,412,7381.0,7384.0
21037,ID00027,3.0,412,7274.0,7277.0
21038,ID00028,3.0,412,7274.0,7277.0
21039,ID00029,3.0,412,7274.0,7277.0
21040,ID00030,3.0,412,7274.0,7277.0
21041,ID00031,3.0,412,7275.0,7278.0
21042,ID00032,172.0,412,7386.0,7558.0
21043,ID00033,230.0,412,7383.0,7613.0
21044,ID00034,125.0,412,7385.0,7510.0
21045,ID00035,175.0,412,7391.0,7566.0
21046,ID00036,163.0,412,7386.0,7549.0
21047,ID00037,178.0,412,7278.0,7456.0
21048,ID00038,217.0,412,7278.0,7495.0
21049,ID00039,175.0,412,7278.0,7453.0
21050,ID00040,181.0,412,7278.0,7459.0
21051,ID00041,158.0,412,7279.0,7437.0
21052,ID00042,3.0,412,7615.0,7618.0
21053,ID00043,3.0,412,7496.0,7499.0
21054,ID00044,3.0,412,7626.0,7629.0
21055,ID00045,3.0,412,7640.0,7643.0
21056,ID00046,62.0,412,7644.0,7706.0
21057,finish,0.0,412,7707.0,7707.0
21058,entry,0.0,413,7200,7200.0
21059,ID00000,3.0,413,7208.0,7211.0
21060,ID00001,3.0,413,7204.0,7207.0
21061,ID00002,3.0,413,7204.0,7207.0
21062,ID00003,3.0,413,7204.0,7207.0
21063,ID00004,3.0,413,7204.0,7207.0
21064,ID00005,3.0,413,7204.0,7207.0
21065,ID00006,3.0,413,7204.0,7207.0
21066,ID00007,3.0,413,7204.0,7207.0
21067,ID00008,3.0,413,7204.0,7207.0
21068,ID00009,3.0,413,7204.0,7207.0
21069,ID00010,3.0,413,7204.0,7207.0
21070,ID00011,3.0,413,7204.0,7207.0
21071,ID00012,3.0,413,7204.0,7207.0
21072,ID00013,497.0,413,7202.0,7699.0
21073,ID00014,10.0,413,7202.0,7212.0
21074,ID00015,20.0,413,7203.0,7223.0
21075,ID00016,468.0,413,8104.0,8572.0
21076,ID00017,134.0,413,8575.0,8709.0
21077,ID00018,3.0,413,8723.0,8726.0
21078,ID00019,3.0,413,8723.0,8726.0
21079,ID00020,329.0,413,8723.0,9052.0
21080,ID00021,9.0,413,8727.0,8736.0
21081,ID00022,3.0,413,8723.0,8726.0
21082,ID00023,3.0,413,9060.0,9063.0
21083,ID00025,3.0,413,7208.0,7211.0
21084,ID00026,3.0,413,7204.0,7207.0
21085,ID00027,3.0,413,7204.0,7207.0
21086,ID00028,3.0,413,7204.0,7207.0
21087,ID00029,3.0,413,7204.0,7207.0
21088,ID00030,3.0,413,7204.0,7207.0
21089,ID00031,3.0,413,7204.0,7207.0
21090,ID00032,3.0,413,7204.0,7207.0
21091,ID00033,3.0,413,7204.0,7207.0
21092,ID00034,3.0,413,7204.0,7207.0
21093,ID00035,3.0,413,7204.0,7207.0
21094,ID00036,3.0,413,7204.0,7207.0
21095,ID00037,3.0,413,7204.0,7207.0
21096,ID00038,277.0,413,7202.0,7479.0
21097,ID00039,10.0,413,7202.0,7212.0
21098,ID00040,9.0,413,7203.0,7212.0
21099,ID00041,626.0,413,8108.0,8734.0
21100,ID00042,46.0,413,8737.0,8783.0
21101,ID00043,3.0,413,8797.0,8800.0
21102,ID00044,3.0,413,8797.0,8800.0
21103,ID00045,319.0,413,8797.0,9116.0
21104,ID00046,9.0,413,8801.0,8810.0
21105,ID00047,3.0,413,8797.0,8800.0
21106,ID00048,3.0,413,9124.0,9127.0
21107,finish,0.0,413,9135.0,9135.0
21108,entry,0.0,414,7200,7200.0
21109,ID00000,165.0,414,7223.0,7388.0
21110,ID00001,165.0,414,7223.0,7388.0
21111,ID00002,166.0,414,7223.0,7389.0
21112,ID00003,166.0,414,7223.0,7389.0
21113,ID00004,163.0,414,7223.0,7386.0
21114,ID00005,166.0,414,7223.0,7389.0
21115,ID00006,164.0,414,7223.0,7387.0
21116,ID00007,166.0,414,7223.0,7389.0
21117,ID00008,129.0,414,7430.0,7559.0
21118,ID00009,128.0,414,7431.0,7559.0
21119,ID00010,126.0,414,7430.0,7556.0
21120,ID00011,128.0,414,7431.0,7559.0
21121,ID00012,129.0,414,7430.0,7559.0
21122,ID00013,126.0,414,7431.0,7557.0
21123,ID00014,128.0,414,7431.0,7559.0
21124,ID00015,128.0,414,7431.0,7559.0
21125,ID00016,127.0,414,7431.0,7558.0
21126,ID00017,125.0,414,7431.0,7556.0
21127,ID00018,129.0,414,7431.0,7560.0
21128,ID00019,127.0,414,7431.0,7558.0
21129,ID00020,126.0,414,7431.0,7557.0
21130,ID00021,129.0,414,7431.0,7560.0
21131,ID00022,127.0,414,7431.0,7558.0
21132,ID00023,129.0,414,7431.0,7560.0
21133,ID00024,126.0,414,7428.0,7554.0
21134,ID00025,127.0,414,7431.0,7558.0
21135,ID00026,130.0,414,7431.0,7561.0
21136,ID00027,126.0,414,7431.0,7557.0
21137,ID00028,128.0,414,7431.0,7559.0
21138,ID00029,128.0,414,7430.0,7558.0
21139,ID00030,128.0,414,7431.0,7559.0
21140,ID00031,128.0,414,7431.0,7559.0
21141,ID00032,127.0,414,7431.0,7558.0
21142,ID00033,127.0,414,7431.0,7558.0
21143,ID00034,127.0,414,7431.0,7558.0
21144,ID00035,127.0,414,7431.0,7558.0
21145,ID00036,27.0,414,7567.0,7594.0
21146,ID00037,64.0,414,7597.0,7661.0
21147,ID00038,131.0,414,7664.0,7795.0
21148,ID00039,129.0,414,7664.0,7793.0
21149,ID00040,131.0,414,7664.0,7795.0
21150,ID00041,128.0,414,7664.0,7792.0
21151,ID00042,126.0,414,7664.0,7790.0
21152,ID00043,128.0,414,7664.0,7792.0
21153,ID00044,129.0,414,7664.0,7793.0
21154,ID00045,129.0,414,7664.0,7793.0
21155,ID00046,30.0,414,7837.0,7867.0
21156,ID00047,59.0,414,7870.0,7929.0
21157,ID00048,59.0,414,8581.0,8640.0
21158,ID00049,6.0,414,8654.0,8660.0
21159,finish,0.0,414,8662.0,8662.0
21160,entry,0.0,415,7200,7200.0
21161,ID00000,6.0,415,13187.0,13193.0
21162,ID00001,5.0,415,13158.0,13163.0
21163,ID00002,3417.0,415,8767.0,12184.0
21164,ID00003,542.0,415,12208.0,12750.0
21165,ID00004,27.0,415,12753.0,12780.0
21166,ID00005,627.0,415,12208.0,12835.0
21167,ID00006,22.0,415,12838.0,12860.0
21168,ID00007,382.0,415,12208.0,12590.0
21169,ID00008,20.0,415,12593.0,12613.0
21170,ID00009,449.0,415,12208.0,12657.0
21171,ID00010,27.0,415,12660.0,12687.0
21172,ID00011,453.0,415,12208.0,12661.0
21173,ID00012,27.0,415,12664.0,12691.0
21174,ID00013,757.0,415,12208.0,12965.0
21175,ID00014,28.0,415,12968.0,12996.0
21176,ID00015,598.0,415,12208.0,12806.0
21177,ID00016,12.0,415,12809.0,12821.0
21178,ID00017,445.0,415,12208.0,12653.0
21179,ID00018,10.0,415,12656.0,12666.0
21180,ID00019,947.0,415,12208.0,13155.0
21181,ID00020,26.0,415,13158.0,13184.0
21182,ID00021,688.0,415,12208.0,12896.0
21183,ID00022,25.0,415,12899.0,12924.0
21184,ID00023,2589.0,415,8775.0,11364.0
21185,ID00024,1086.0,415,11380.0,12466.0
21186,ID00025,15.0,415,12469.0,12484.0
21187,ID00026,669.0,415,11380.0,12049.0
21188,ID00027,21.0,415,12052.0,12073.0
21189,ID00028,784.0,415,11380.0,12164.0
21190,ID00029,21.0,415,12167.0,12188.0
21191,ID00030,937.0,415,11380.0,12317.0
21192,ID00031,11.0,415,12320.0,12331.0
21193,ID00032,541.0,415,11380.0,11921.0
21194,ID00033,22.0,415,11924.0,11946.0
21195,ID00034,518.0,415,11380.0,11898.0
21196,ID00035,20.0,415,11901.0,11921.0
21197,ID00036,1103.0,415,11380.0,12483.0
21198,ID00037,19.0,415,12486.0,12505.0
21199,ID00038,969.0,415,11380.0,12349.0
21200,ID00039,19.0,415,12352.0,12371.0
21201,ID00040,490.0,415,11380.0,11870.0
21202,ID00041,27.0,415,11873.0,11900.0
21203,ID00042,984.0,415,11380.0,12364.0
21204,ID00043,19.0,415,12367.0,12386.0
21205,ID00044,446.0,415,11380.0,11826.0
21206,ID00045,23.0,415,11829.0,11852.0
21207,ID00046,441.0,415,11380.0,11821.0
21208,ID00047,10.0,415,11824.0,11834.0
21209,ID00048,602.0,415,11380.0,11982.0
21210,ID00049,12.0,415,11985.0,11997.0
21211,finish,0.0,415,13194.0,13194.0
21212,entry,0.0,416,7200,7200.0
21213,ID00000,6.0,416,13187.0,13193.0
21214,ID00001,5.0,416,13158.0,13163.0
21215,ID00002,3417.0,416,8767.0,12184.0
21216,ID00003,542.0,416,12208.0,12750.0
21217,ID00004,27.0,416,12753.0,12780.0
21218,ID00005,627.0,416,12208.0,12835.0
21219,ID00006,22.0,416,12838.0,12860.0
21220,ID00007,382.0,416,12208.0,12590.0
21221,ID00008,20.0,416,12593.0,12613.0
21222,ID00009,449.0,416,12208.0,12657.0
21223,ID00010,27.0,416,12660.0,12687.0
21224,ID00011,453.0,416,12208.0,12661.0
21225,ID00012,27.0,416,12664.0,12691.0
21226,ID00013,757.0,416,12208.0,12965.0
21227,ID00014,28.0,416,12968.0,12996.0
21228,ID00015,598.0,416,12208.0,12806.0
21229,ID00016,12.0,416,12809.0,12821.0
21230,ID00017,445.0,416,12208.0,12653.0
21231,ID00018,10.0,416,12656.0,12666.0
21232,ID00019,947.0,416,12208.0,13155.0
21233,ID00020,26.0,416,13158.0,13184.0
21234,ID00021,688.0,416,12208.0,12896.0
21235,ID00022,25.0,416,12899.0,12924.0
21236,ID00023,2589.0,416,8775.0,11364.0
21237,ID00024,1086.0,416,11380.0,12466.0
21238,ID00025,15.0,416,12469.0,12484.0
21239,ID00026,669.0,416,11380.0,12049.0
21240,ID00027,21.0,416,12052.0,12073.0
21241,ID00028,784.0,416,11380.0,12164.0
21242,ID00029,21.0,416,12167.0,12188.0
21243,ID00030,937.0,416,11380.0,12317.0
21244,ID00031,11.0,416,12320.0,12331.0
21245,ID00032,541.0,416,11380.0,11921.0
21246,ID00033,22.0,416,11924.0,11946.0
21247,ID00034,518.0,416,11380.0,11898.0
21248,ID00035,20.0,416,11901.0,11921.0
21249,ID00036,1103.0,416,11380.0,12483.0
21250,ID00037,19.0,416,12486.0,12505.0
21251,ID00038,969.0,416,11380.0,12349.0
21252,ID00039,19.0,416,12352.0,12371.0
21253,ID00040,490.0,416,11380.0,11870.0
21254,ID00041,27.0,416,11873.0,11900.0
21255,ID00042,984.0,416,11380.0,12364.0
21256,ID00043,19.0,416,12367.0,12386.0
21257,ID00044,446.0,416,11380.0,11826.0
21258,ID00045,23.0,416,11829.0,11852.0
21259,ID00046,441.0,416,11380.0,11821.0
21260,ID00047,10.0,416,11824.0,11834.0
21261,ID00048,602.0,416,11380.0,11982.0
21262,ID00049,12.0,416,11985.0,11997.0
21263,finish,0.0,416,13194.0,13194.0
21264,entry,0.0,417,7200,7200.0
21265,ID00000,3.0,417,7274.0,7277.0
21266,ID00001,3.0,417,7227.0,7230.0
21267,ID00002,3.0,417,7353.0,7356.0
21268,ID00003,3.0,417,7353.0,7356.0
21269,ID00004,3.0,417,7353.0,7356.0
21270,ID00005,3.0,417,7353.0,7356.0
21271,ID00006,3.0,417,7353.0,7356.0
21272,ID00007,3.0,417,7260.0,7263.0
21273,ID00008,3.0,417,7260.0,7263.0
21274,ID00009,3.0,417,7260.0,7263.0
21275,ID00010,3.0,417,7260.0,7263.0
21276,ID00011,3.0,417,7260.0,7263.0
21277,ID00012,3.0,417,7372.0,7375.0
21278,ID00013,3.0,417,7370.0,7373.0
21279,ID00014,3.0,417,7372.0,7375.0
21280,ID00015,3.0,417,7372.0,7375.0
21281,ID00016,3.0,417,7372.0,7375.0
21282,ID00017,3.0,417,7269.0,7272.0
21283,ID00018,3.0,417,7269.0,7272.0
21284,ID00019,3.0,417,7269.0,7272.0
21285,ID00020,3.0,417,7269.0,7272.0
21286,ID00021,3.0,417,7269.0,7272.0
21287,ID00022,3.0,417,7381.0,7384.0
21288,ID00023,3.0,417,7378.0,7381.0
21289,ID00024,3.0,417,7380.0,7383.0
21290,ID00025,3.0,417,7385.0,7388.0
21291,ID00026,3.0,417,7381.0,7384.0
21292,ID00027,3.0,417,7274.0,7277.0
21293,ID00028,3.0,417,7274.0,7277.0
21294,ID00029,3.0,417,7274.0,7277.0
21295,ID00030,3.0,417,7274.0,7277.0
21296,ID00031,3.0,417,7275.0,7278.0
21297,ID00032,172.0,417,7386.0,7558.0
21298,ID00033,230.0,417,7383.0,7613.0
21299,ID00034,125.0,417,7385.0,7510.0
21300,ID00035,175.0,417,7391.0,7566.0
21301,ID00036,163.0,417,7386.0,7549.0
21302,ID00037,178.0,417,7278.0,7456.0
21303,ID00038,217.0,417,7278.0,7495.0
21304,ID00039,175.0,417,7278.0,7453.0
21305,ID00040,181.0,417,7278.0,7459.0
21306,ID00041,158.0,417,7279.0,7437.0
21307,ID00042,3.0,417,7615.0,7618.0
21308,ID00043,3.0,417,7496.0,7499.0
21309,ID00044,3.0,417,7626.0,7629.0
21310,ID00045,3.0,417,7640.0,7643.0
21311,ID00046,62.0,417,7644.0,7706.0
21312,finish,0.0,417,7707.0,7707.0
21313,entry,0.0,418,7200,7200.0
21314,ID00000,57.0,418,7486.0,7543.0
21315,ID00001,56.0,418,7486.0,7542.0
21316,ID00002,54.0,418,7486.0,7540.0
21317,ID00003,54.0,418,7486.0,7540.0
21318,ID00004,56.0,418,7485.0,7541.0
21319,ID00005,55.0,418,7486.0,7541.0
21320,ID00006,55.0,418,7486.0,7541.0
21321,ID00007,55.0,418,7486.0,7541.0
21322,ID00008,55.0,418,7486.0,7541.0
21323,ID00009,55.0,418,7486.0,7541.0
21324,ID00010,54.0,418,7486.0,7540.0
21325,ID00011,54.0,418,7486.0,7540.0
21326,ID00012,1768.0,418,7550.0,9318.0
21327,ID00013,1486.0,418,7550.0,9036.0
21328,ID00014,1667.0,418,7548.0,9215.0
21329,ID00015,1360.0,418,7547.0,8907.0
21330,ID00016,1286.0,418,7548.0,8834.0
21331,ID00017,1598.0,418,7548.0,9146.0
21332,ID00018,880.0,418,7548.0,8428.0
21333,ID00019,1746.0,418,7548.0,9294.0
21334,ID00020,988.0,418,7548.0,8536.0
21335,ID00021,1553.0,418,7548.0,9101.0
21336,ID00022,2027.0,418,7548.0,9575.0
21337,ID00023,1807.0,418,7547.0,9354.0
21338,ID00024,17.0,418,9578.0,9595.0
21339,ID00025,15.0,418,9598.0,9613.0
21340,ID00026,15.0,418,9598.0,9613.0
21341,ID00027,16.0,418,9598.0,9614.0
21342,ID00028,14.0,418,9598.0,9612.0
21343,ID00029,18.0,418,9598.0,9616.0
21344,ID00030,17.0,418,9598.0,9615.0
21345,ID00031,17.0,418,9598.0,9615.0
21346,ID00032,16.0,418,9598.0,9614.0
21347,ID00033,16.0,418,9598.0,9614.0
21348,ID00034,17.0,418,9598.0,9615.0
21349,ID00035,15.0,418,9598.0,9613.0
21350,ID00036,13.0,418,9598.0,9611.0
21351,ID00037,1607.0,418,9616.0,11223.0
21352,ID00038,1213.0,418,9616.0,10829.0
21353,ID00039,1186.0,418,9617.0,10803.0
21354,ID00040,1749.0,418,9615.0,11364.0
21355,ID00041,1473.0,418,9619.0,11092.0
21356,ID00042,1670.0,418,9618.0,11288.0
21357,ID00043,1139.0,418,9618.0,10757.0
21358,ID00044,1855.0,418,9617.0,11472.0
21359,ID00045,2015.0,418,9617.0,11632.0
21360,ID00046,2007.0,418,9618.0,11625.0
21361,ID00047,1767.0,418,9616.0,11383.0
21362,ID00048,911.0,418,9614.0,10525.0
21363,ID00049,16.0,418,11635.0,11651.0
21364,finish,0.0,418,11652.0,11652.0
21365,entry,0.0,419,7200,7200.0
21366,ID00000,57.0,419,7486.0,7543.0
21367,ID00001,56.0,419,7486.0,7542.0
21368,ID00002,54.0,419,7486.0,7540.0
21369,ID00003,54.0,419,7486.0,7540.0
21370,ID00004,56.0,419,7485.0,7541.0
21371,ID00005,55.0,419,7486.0,7541.0
21372,ID00006,55.0,419,7486.0,7541.0
21373,ID00007,55.0,419,7486.0,7541.0
21374,ID00008,55.0,419,7486.0,7541.0
21375,ID00009,55.0,419,7486.0,7541.0
21376,ID00010,54.0,419,7486.0,7540.0
21377,ID00011,54.0,419,7486.0,7540.0
21378,ID00012,1768.0,419,7550.0,9318.0
21379,ID00013,1486.0,419,7550.0,9036.0
21380,ID00014,1667.0,419,7548.0,9215.0
21381,ID00015,1360.0,419,7547.0,8907.0
21382,ID00016,1286.0,419,7548.0,8834.0
21383,ID00017,1598.0,419,7548.0,9146.0
21384,ID00018,880.0,419,7548.0,8428.0
21385,ID00019,1746.0,419,7548.0,9294.0
21386,ID00020,988.0,419,7548.0,8536.0
21387,ID00021,1553.0,419,7548.0,9101.0
21388,ID00022,2027.0,419,7548.0,9575.0
21389,ID00023,1807.0,419,7547.0,9354.0
21390,ID00024,17.0,419,9578.0,9595.0
21391,ID00025,15.0,419,9598.0,9613.0
21392,ID00026,15.0,419,9598.0,9613.0
21393,ID00027,16.0,419,9598.0,9614.0
21394,ID00028,14.0,419,9598.0,9612.0
21395,ID00029,18.0,419,9598.0,9616.0
21396,ID00030,17.0,419,9598.0,9615.0
21397,ID00031,17.0,419,9598.0,9615.0
21398,ID00032,16.0,419,9598.0,9614.0
21399,ID00033,16.0,419,9598.0,9614.0
21400,ID00034,17.0,419,9598.0,9615.0
21401,ID00035,15.0,419,9598.0,9613.0
21402,ID00036,13.0,419,9598.0,9611.0
21403,ID00037,1607.0,419,9616.0,11223.0
21404,ID00038,1213.0,419,9616.0,10829.0
21405,ID00039,1186.0,419,9617.0,10803.0
21406,ID00040,1749.0,419,9615.0,11364.0
21407,ID00041,1473.0,419,9619.0,11092.0
21408,ID00042,1670.0,419,9618.0,11288.0
21409,ID00043,1139.0,419,9618.0,10757.0
21410,ID00044,1855.0,419,9617.0,11472.0
21411,ID00045,2015.0,419,9617.0,11632.0
21412,ID00046,2007.0,419,9618.0,11625.0
21413,ID00047,1767.0,419,9616.0,11383.0
21414,ID00048,911.0,419,9614.0,10525.0
21415,ID00049,16.0,419,11635.0,11651.0
21416,finish,0.0,419,11652.0,11652.0
21417,entry,0.0,420,7200,7200.0
21418,ID00000,57.0,420,7486.0,7543.0
21419,ID00001,56.0,420,7486.0,7542.0
21420,ID00002,54.0,420,7486.0,7540.0
21421,ID00003,54.0,420,7486.0,7540.0
21422,ID00004,56.0,420,7485.0,7541.0
21423,ID00005,55.0,420,7486.0,7541.0
21424,ID00006,55.0,420,7486.0,7541.0
21425,ID00007,55.0,420,7486.0,7541.0
21426,ID00008,55.0,420,7486.0,7541.0
21427,ID00009,55.0,420,7486.0,7541.0
21428,ID00010,54.0,420,7486.0,7540.0
21429,ID00011,54.0,420,7486.0,7540.0
21430,ID00012,1768.0,420,7550.0,9318.0
21431,ID00013,1486.0,420,7550.0,9036.0
21432,ID00014,1667.0,420,7548.0,9215.0
21433,ID00015,1360.0,420,7547.0,8907.0
21434,ID00016,1286.0,420,7548.0,8834.0
21435,ID00017,1598.0,420,7548.0,9146.0
21436,ID00018,880.0,420,7548.0,8428.0
21437,ID00019,1746.0,420,7548.0,9294.0
21438,ID00020,988.0,420,7548.0,8536.0
21439,ID00021,1553.0,420,7548.0,9101.0
21440,ID00022,2027.0,420,7548.0,9575.0
21441,ID00023,1807.0,420,7547.0,9354.0
21442,ID00024,17.0,420,9578.0,9595.0
21443,ID00025,15.0,420,9598.0,9613.0
21444,ID00026,15.0,420,9598.0,9613.0
21445,ID00027,16.0,420,9598.0,9614.0
21446,ID00028,14.0,420,9598.0,9612.0
21447,ID00029,18.0,420,9598.0,9616.0
21448,ID00030,17.0,420,9598.0,9615.0
21449,ID00031,17.0,420,9598.0,9615.0
21450,ID00032,16.0,420,9598.0,9614.0
21451,ID00033,16.0,420,9598.0,9614.0
21452,ID00034,17.0,420,9598.0,9615.0
21453,ID00035,15.0,420,9598.0,9613.0
21454,ID00036,13.0,420,9598.0,9611.0
21455,ID00037,1607.0,420,9616.0,11223.0
21456,ID00038,1213.0,420,9616.0,10829.0
21457,ID00039,1186.0,420,9617.0,10803.0
21458,ID00040,1749.0,420,9615.0,11364.0
21459,ID00041,1473.0,420,9619.0,11092.0
21460,ID00042,1670.0,420,9618.0,11288.0
21461,ID00043,1139.0,420,9618.0,10757.0
21462,ID00044,1855.0,420,9617.0,11472.0
21463,ID00045,2015.0,420,9617.0,11632.0
21464,ID00046,2007.0,420,9618.0,11625.0
21465,ID00047,1767.0,420,9616.0,11383.0
21466,ID00048,911.0,420,9614.0,10525.0
21467,ID00049,16.0,420,11635.0,11651.0
21468,finish,0.0,420,11652.0,11652.0
21469,entry,0.0,421,7200,7200.0
21470,ID00000,6.0,421,13187.0,13193.0
21471,ID00001,5.0,421,13158.0,13163.0
21472,ID00002,3417.0,421,8767.0,12184.0
21473,ID00003,542.0,421,12208.0,12750.0
21474,ID00004,27.0,421,12753.0,12780.0
21475,ID00005,627.0,421,12208.0,12835.0
21476,ID00006,22.0,421,12838.0,12860.0
21477,ID00007,382.0,421,12208.0,12590.0
21478,ID00008,20.0,421,12593.0,12613.0
21479,ID00009,449.0,421,12208.0,12657.0
21480,ID00010,27.0,421,12660.0,12687.0
21481,ID00011,453.0,421,12208.0,12661.0
21482,ID00012,27.0,421,12664.0,12691.0
21483,ID00013,757.0,421,12208.0,12965.0
21484,ID00014,28.0,421,12968.0,12996.0
21485,ID00015,598.0,421,12208.0,12806.0
21486,ID00016,12.0,421,12809.0,12821.0
21487,ID00017,445.0,421,12208.0,12653.0
21488,ID00018,10.0,421,12656.0,12666.0
21489,ID00019,947.0,421,12208.0,13155.0
21490,ID00020,26.0,421,13158.0,13184.0
21491,ID00021,688.0,421,12208.0,12896.0
21492,ID00022,25.0,421,12899.0,12924.0
21493,ID00023,2589.0,421,8775.0,11364.0
21494,ID00024,1086.0,421,11380.0,12466.0
21495,ID00025,15.0,421,12469.0,12484.0
21496,ID00026,669.0,421,11380.0,12049.0
21497,ID00027,21.0,421,12052.0,12073.0
21498,ID00028,784.0,421,11380.0,12164.0
21499,ID00029,21.0,421,12167.0,12188.0
21500,ID00030,937.0,421,11380.0,12317.0
21501,ID00031,11.0,421,12320.0,12331.0
21502,ID00032,541.0,421,11380.0,11921.0
21503,ID00033,22.0,421,11924.0,11946.0
21504,ID00034,518.0,421,11380.0,11898.0
21505,ID00035,20.0,421,11901.0,11921.0
21506,ID00036,1103.0,421,11380.0,12483.0
21507,ID00037,19.0,421,12486.0,12505.0
21508,ID00038,969.0,421,11380.0,12349.0
21509,ID00039,19.0,421,12352.0,12371.0
21510,ID00040,490.0,421,11380.0,11870.0
21511,ID00041,27.0,421,11873.0,11900.0
21512,ID00042,984.0,421,11380.0,12364.0
21513,ID00043,19.0,421,12367.0,12386.0
21514,ID00044,446.0,421,11380.0,11826.0
21515,ID00045,23.0,421,11829.0,11852.0
21516,ID00046,441.0,421,11380.0,11821.0
21517,ID00047,10.0,421,11824.0,11834.0
21518,ID00048,602.0,421,11380.0,11982.0
21519,ID00049,12.0,421,11985.0,11997.0
21520,finish,0.0,421,13194.0,13194.0
21521,entry,0.0,422,7200,7200.0
21522,ID00000,6.0,422,13187.0,13193.0
21523,ID00001,5.0,422,13158.0,13163.0
21524,ID00002,3417.0,422,8767.0,12184.0
21525,ID00003,542.0,422,12208.0,12750.0
21526,ID00004,27.0,422,12753.0,12780.0
21527,ID00005,627.0,422,12208.0,12835.0
21528,ID00006,22.0,422,12838.0,12860.0
21529,ID00007,382.0,422,12208.0,12590.0
21530,ID00008,20.0,422,12593.0,12613.0
21531,ID00009,449.0,422,12208.0,12657.0
21532,ID00010,27.0,422,12660.0,12687.0
21533,ID00011,453.0,422,12208.0,12661.0
21534,ID00012,27.0,422,12664.0,12691.0
21535,ID00013,757.0,422,12208.0,12965.0
21536,ID00014,28.0,422,12968.0,12996.0
21537,ID00015,598.0,422,12208.0,12806.0
21538,ID00016,12.0,422,12809.0,12821.0
21539,ID00017,445.0,422,12208.0,12653.0
21540,ID00018,10.0,422,12656.0,12666.0
21541,ID00019,947.0,422,12208.0,13155.0
21542,ID00020,26.0,422,13158.0,13184.0
21543,ID00021,688.0,422,12208.0,12896.0
21544,ID00022,25.0,422,12899.0,12924.0
21545,ID00023,2589.0,422,8775.0,11364.0
21546,ID00024,1086.0,422,11380.0,12466.0
21547,ID00025,15.0,422,12469.0,12484.0
21548,ID00026,669.0,422,11380.0,12049.0
21549,ID00027,21.0,422,12052.0,12073.0
21550,ID00028,784.0,422,11380.0,12164.0
21551,ID00029,21.0,422,12167.0,12188.0
21552,ID00030,937.0,422,11380.0,12317.0
21553,ID00031,11.0,422,12320.0,12331.0
21554,ID00032,541.0,422,11380.0,11921.0
21555,ID00033,22.0,422,11924.0,11946.0
21556,ID00034,518.0,422,11380.0,11898.0
21557,ID00035,20.0,422,11901.0,11921.0
21558,ID00036,1103.0,422,11380.0,12483.0
21559,ID00037,19.0,422,12486.0,12505.0
21560,ID00038,969.0,422,11380.0,12349.0
21561,ID00039,19.0,422,12352.0,12371.0
21562,ID00040,490.0,422,11380.0,11870.0
21563,ID00041,27.0,422,11873.0,11900.0
21564,ID00042,984.0,422,11380.0,12364.0
21565,ID00043,19.0,422,12367.0,12386.0
21566,ID00044,446.0,422,11380.0,11826.0
21567,ID00045,23.0,422,11829.0,11852.0
21568,ID00046,441.0,422,11380.0,11821.0
21569,ID00047,10.0,422,11824.0,11834.0
21570,ID00048,602.0,422,11380.0,11982.0
21571,ID00049,12.0,422,11985.0,11997.0
21572,finish,0.0,422,13194.0,13194.0
21573,entry,0.0,423,7200,7200.0
21574,ID00000,165.0,423,7223.0,7388.0
21575,ID00001,165.0,423,7223.0,7388.0
21576,ID00002,166.0,423,7223.0,7389.0
21577,ID00003,166.0,423,7223.0,7389.0
21578,ID00004,163.0,423,7223.0,7386.0
21579,ID00005,166.0,423,7223.0,7389.0
21580,ID00006,164.0,423,7223.0,7387.0
21581,ID00007,166.0,423,7223.0,7389.0
21582,ID00008,129.0,423,7430.0,7559.0
21583,ID00009,128.0,423,7431.0,7559.0
21584,ID00010,126.0,423,7430.0,7556.0
21585,ID00011,128.0,423,7431.0,7559.0
21586,ID00012,129.0,423,7430.0,7559.0
21587,ID00013,126.0,423,7431.0,7557.0
21588,ID00014,128.0,423,7431.0,7559.0
21589,ID00015,128.0,423,7431.0,7559.0
21590,ID00016,127.0,423,7431.0,7558.0
21591,ID00017,125.0,423,7431.0,7556.0
21592,ID00018,129.0,423,7431.0,7560.0
21593,ID00019,127.0,423,7431.0,7558.0
21594,ID00020,126.0,423,7431.0,7557.0
21595,ID00021,129.0,423,7431.0,7560.0
21596,ID00022,127.0,423,7431.0,7558.0
21597,ID00023,129.0,423,7431.0,7560.0
21598,ID00024,126.0,423,7428.0,7554.0
21599,ID00025,127.0,423,7431.0,7558.0
21600,ID00026,130.0,423,7431.0,7561.0
21601,ID00027,126.0,423,7431.0,7557.0
21602,ID00028,128.0,423,7431.0,7559.0
21603,ID00029,128.0,423,7430.0,7558.0
21604,ID00030,128.0,423,7431.0,7559.0
21605,ID00031,128.0,423,7431.0,7559.0
21606,ID00032,127.0,423,7431.0,7558.0
21607,ID00033,127.0,423,7431.0,7558.0
21608,ID00034,127.0,423,7431.0,7558.0
21609,ID00035,127.0,423,7431.0,7558.0
21610,ID00036,27.0,423,7567.0,7594.0
21611,ID00037,64.0,423,7597.0,7661.0
21612,ID00038,131.0,423,7664.0,7795.0
21613,ID00039,129.0,423,7664.0,7793.0
21614,ID00040,131.0,423,7664.0,7795.0
21615,ID00041,128.0,423,7664.0,7792.0
21616,ID00042,126.0,423,7664.0,7790.0
21617,ID00043,128.0,423,7664.0,7792.0
21618,ID00044,129.0,423,7664.0,7793.0
21619,ID00045,129.0,423,7664.0,7793.0
21620,ID00046,30.0,423,7837.0,7867.0
21621,ID00047,59.0,423,7870.0,7929.0
21622,ID00048,59.0,423,8581.0,8640.0
21623,ID00049,6.0,423,8654.0,8660.0
21624,finish,0.0,423,8662.0,8662.0
21625,entry,0.0,424,7200,7200.0
21626,ID00000,3.0,424,7274.0,7277.0
21627,ID00001,3.0,424,7227.0,7230.0
21628,ID00002,3.0,424,7353.0,7356.0
21629,ID00003,3.0,424,7353.0,7356.0
21630,ID00004,3.0,424,7353.0,7356.0
21631,ID00005,3.0,424,7353.0,7356.0
21632,ID00006,3.0,424,7353.0,7356.0
21633,ID00007,3.0,424,7260.0,7263.0
21634,ID00008,3.0,424,7260.0,7263.0
21635,ID00009,3.0,424,7260.0,7263.0
21636,ID00010,3.0,424,7260.0,7263.0
21637,ID00011,3.0,424,7260.0,7263.0
21638,ID00012,3.0,424,7372.0,7375.0
21639,ID00013,3.0,424,7370.0,7373.0
21640,ID00014,3.0,424,7372.0,7375.0
21641,ID00015,3.0,424,7372.0,7375.0
21642,ID00016,3.0,424,7372.0,7375.0
21643,ID00017,3.0,424,7269.0,7272.0
21644,ID00018,3.0,424,7269.0,7272.0
21645,ID00019,3.0,424,7269.0,7272.0
21646,ID00020,3.0,424,7269.0,7272.0
21647,ID00021,3.0,424,7269.0,7272.0
21648,ID00022,3.0,424,7381.0,7384.0
21649,ID00023,3.0,424,7378.0,7381.0
21650,ID00024,3.0,424,7380.0,7383.0
21651,ID00025,3.0,424,7385.0,7388.0
21652,ID00026,3.0,424,7381.0,7384.0
21653,ID00027,3.0,424,7274.0,7277.0
21654,ID00028,3.0,424,7274.0,7277.0
21655,ID00029,3.0,424,7274.0,7277.0
21656,ID00030,3.0,424,7274.0,7277.0
21657,ID00031,3.0,424,7275.0,7278.0
21658,ID00032,172.0,424,7386.0,7558.0
21659,ID00033,230.0,424,7383.0,7613.0
21660,ID00034,125.0,424,7385.0,7510.0
21661,ID00035,175.0,424,7391.0,7566.0
21662,ID00036,163.0,424,7386.0,7549.0
21663,ID00037,178.0,424,7278.0,7456.0
21664,ID00038,217.0,424,7278.0,7495.0
21665,ID00039,175.0,424,7278.0,7453.0
21666,ID00040,181.0,424,7278.0,7459.0
21667,ID00041,158.0,424,7279.0,7437.0
21668,ID00042,3.0,424,7615.0,7618.0
21669,ID00043,3.0,424,7496.0,7499.0
21670,ID00044,3.0,424,7626.0,7629.0
21671,ID00045,3.0,424,7640.0,7643.0
21672,ID00046,62.0,424,7644.0,7706.0
21673,finish,0.0,424,7707.0,7707.0
21674,entry,0.0,425,7200,7200.0
21675,ID00000,3.0,425,7274.0,7277.0
21676,ID00001,3.0,425,7227.0,7230.0
21677,ID00002,3.0,425,7353.0,7356.0
21678,ID00003,3.0,425,7353.0,7356.0
21679,ID00004,3.0,425,7353.0,7356.0
21680,ID00005,3.0,425,7353.0,7356.0
21681,ID00006,3.0,425,7353.0,7356.0
21682,ID00007,3.0,425,7260.0,7263.0
21683,ID00008,3.0,425,7260.0,7263.0
21684,ID00009,3.0,425,7260.0,7263.0
21685,ID00010,3.0,425,7260.0,7263.0
21686,ID00011,3.0,425,7260.0,7263.0
21687,ID00012,3.0,425,7372.0,7375.0
21688,ID00013,3.0,425,7370.0,7373.0
21689,ID00014,3.0,425,7372.0,7375.0
21690,ID00015,3.0,425,7372.0,7375.0
21691,ID00016,3.0,425,7372.0,7375.0
21692,ID00017,3.0,425,7269.0,7272.0
21693,ID00018,3.0,425,7269.0,7272.0
21694,ID00019,3.0,425,7269.0,7272.0
21695,ID00020,3.0,425,7269.0,7272.0
21696,ID00021,3.0,425,7269.0,7272.0
21697,ID00022,3.0,425,7381.0,7384.0
21698,ID00023,3.0,425,7378.0,7381.0
21699,ID00024,3.0,425,7380.0,7383.0
21700,ID00025,3.0,425,7385.0,7388.0
21701,ID00026,3.0,425,7381.0,7384.0
21702,ID00027,3.0,425,7274.0,7277.0
21703,ID00028,3.0,425,7274.0,7277.0
21704,ID00029,3.0,425,7274.0,7277.0
21705,ID00030,3.0,425,7274.0,7277.0
21706,ID00031,3.0,425,7275.0,7278.0
21707,ID00032,172.0,425,7386.0,7558.0
21708,ID00033,230.0,425,7383.0,7613.0
21709,ID00034,125.0,425,7385.0,7510.0
21710,ID00035,175.0,425,7391.0,7566.0
21711,ID00036,163.0,425,7386.0,7549.0
21712,ID00037,178.0,425,7278.0,7456.0
21713,ID00038,217.0,425,7278.0,7495.0
21714,ID00039,175.0,425,7278.0,7453.0
21715,ID00040,181.0,425,7278.0,7459.0
21716,ID00041,158.0,425,7279.0,7437.0
21717,ID00042,3.0,425,7615.0,7618.0
21718,ID00043,3.0,425,7496.0,7499.0
21719,ID00044,3.0,425,7626.0,7629.0
21720,ID00045,3.0,425,7640.0,7643.0
21721,ID00046,62.0,425,7644.0,7706.0
21722,finish,0.0,425,7707.0,7707.0
21723,entry,0.0,426,7200,7200.0
21724,ID00000,165.0,426,7223.0,7388.0
21725,ID00001,165.0,426,7223.0,7388.0
21726,ID00002,166.0,426,7223.0,7389.0
21727,ID00003,166.0,426,7223.0,7389.0
21728,ID00004,163.0,426,7223.0,7386.0
21729,ID00005,166.0,426,7223.0,7389.0
21730,ID00006,164.0,426,7223.0,7387.0
21731,ID00007,166.0,426,7223.0,7389.0
21732,ID00008,129.0,426,7430.0,7559.0
21733,ID00009,128.0,426,7431.0,7559.0
21734,ID00010,126.0,426,7430.0,7556.0
21735,ID00011,128.0,426,7431.0,7559.0
21736,ID00012,129.0,426,7430.0,7559.0
21737,ID00013,126.0,426,7431.0,7557.0
21738,ID00014,128.0,426,7431.0,7559.0
21739,ID00015,128.0,426,7431.0,7559.0
21740,ID00016,127.0,426,7431.0,7558.0
21741,ID00017,125.0,426,7431.0,7556.0
21742,ID00018,129.0,426,7431.0,7560.0
21743,ID00019,127.0,426,7431.0,7558.0
21744,ID00020,126.0,426,7431.0,7557.0
21745,ID00021,129.0,426,7431.0,7560.0
21746,ID00022,127.0,426,7431.0,7558.0
21747,ID00023,129.0,426,7431.0,7560.0
21748,ID00024,126.0,426,7428.0,7554.0
21749,ID00025,127.0,426,7431.0,7558.0
21750,ID00026,130.0,426,7431.0,7561.0
21751,ID00027,126.0,426,7431.0,7557.0
21752,ID00028,128.0,426,7431.0,7559.0
21753,ID00029,128.0,426,7430.0,7558.0
21754,ID00030,128.0,426,7431.0,7559.0
21755,ID00031,128.0,426,7431.0,7559.0
21756,ID00032,127.0,426,7431.0,7558.0
21757,ID00033,127.0,426,7431.0,7558.0
21758,ID00034,127.0,426,7431.0,7558.0
21759,ID00035,127.0,426,7431.0,7558.0
21760,ID00036,27.0,426,7567.0,7594.0
21761,ID00037,64.0,426,7597.0,7661.0
21762,ID00038,131.0,426,7664.0,7795.0
21763,ID00039,129.0,426,7664.0,7793.0
21764,ID00040,131.0,426,7664.0,7795.0
21765,ID00041,128.0,426,7664.0,7792.0
21766,ID00042,126.0,426,7664.0,7790.0
21767,ID00043,128.0,426,7664.0,7792.0
21768,ID00044,129.0,426,7664.0,7793.0
21769,ID00045,129.0,426,7664.0,7793.0
21770,ID00046,30.0,426,7837.0,7867.0
21771,ID00047,59.0,426,7870.0,7929.0
21772,ID00048,59.0,426,8581.0,8640.0
21773,ID00049,6.0,426,8654.0,8660.0
21774,finish,0.0,426,8662.0,8662.0
21775,entry,0.0,427,7200,7200.0
21776,ID00000,165.0,427,7223.0,7388.0
21777,ID00001,165.0,427,7223.0,7388.0
21778,ID00002,166.0,427,7223.0,7389.0
21779,ID00003,166.0,427,7223.0,7389.0
21780,ID00004,163.0,427,7223.0,7386.0
21781,ID00005,166.0,427,7223.0,7389.0
21782,ID00006,164.0,427,7223.0,7387.0
21783,ID00007,166.0,427,7223.0,7389.0
21784,ID00008,129.0,427,7430.0,7559.0
21785,ID00009,128.0,427,7431.0,7559.0
21786,ID00010,126.0,427,7430.0,7556.0
21787,ID00011,128.0,427,7431.0,7559.0
21788,ID00012,129.0,427,7430.0,7559.0
21789,ID00013,126.0,427,7431.0,7557.0
21790,ID00014,128.0,427,7431.0,7559.0
21791,ID00015,128.0,427,7431.0,7559.0
21792,ID00016,127.0,427,7431.0,7558.0
21793,ID00017,125.0,427,7431.0,7556.0
21794,ID00018,129.0,427,7431.0,7560.0
21795,ID00019,127.0,427,7431.0,7558.0
21796,ID00020,126.0,427,7431.0,7557.0
21797,ID00021,129.0,427,7431.0,7560.0
21798,ID00022,127.0,427,7431.0,7558.0
21799,ID00023,129.0,427,7431.0,7560.0
21800,ID00024,126.0,427,7428.0,7554.0
21801,ID00025,127.0,427,7431.0,7558.0
21802,ID00026,130.0,427,7431.0,7561.0
21803,ID00027,126.0,427,7431.0,7557.0
21804,ID00028,128.0,427,7431.0,7559.0
21805,ID00029,128.0,427,7430.0,7558.0
21806,ID00030,128.0,427,7431.0,7559.0
21807,ID00031,128.0,427,7431.0,7559.0
21808,ID00032,127.0,427,7431.0,7558.0
21809,ID00033,127.0,427,7431.0,7558.0
21810,ID00034,127.0,427,7431.0,7558.0
21811,ID00035,127.0,427,7431.0,7558.0
21812,ID00036,27.0,427,7567.0,7594.0
21813,ID00037,64.0,427,7597.0,7661.0
21814,ID00038,131.0,427,7664.0,7795.0
21815,ID00039,129.0,427,7664.0,7793.0
21816,ID00040,131.0,427,7664.0,7795.0
21817,ID00041,128.0,427,7664.0,7792.0
21818,ID00042,126.0,427,7664.0,7790.0
21819,ID00043,128.0,427,7664.0,7792.0
21820,ID00044,129.0,427,7664.0,7793.0
21821,ID00045,129.0,427,7664.0,7793.0
21822,ID00046,30.0,427,7837.0,7867.0
21823,ID00047,59.0,427,7870.0,7929.0
21824,ID00048,59.0,427,8581.0,8640.0
21825,ID00049,6.0,427,8654.0,8660.0
21826,finish,0.0,427,8662.0,8662.0
21827,entry,0.0,428,7200,7200.0
21828,ID00000,57.0,428,7486.0,7543.0
21829,ID00001,56.0,428,7486.0,7542.0
21830,ID00002,54.0,428,7486.0,7540.0
21831,ID00003,54.0,428,7486.0,7540.0
21832,ID00004,56.0,428,7485.0,7541.0
21833,ID00005,55.0,428,7486.0,7541.0
21834,ID00006,55.0,428,7486.0,7541.0
21835,ID00007,55.0,428,7486.0,7541.0
21836,ID00008,55.0,428,7486.0,7541.0
21837,ID00009,55.0,428,7486.0,7541.0
21838,ID00010,54.0,428,7486.0,7540.0
21839,ID00011,54.0,428,7486.0,7540.0
21840,ID00012,1768.0,428,7550.0,9318.0
21841,ID00013,1486.0,428,7550.0,9036.0
21842,ID00014,1667.0,428,7548.0,9215.0
21843,ID00015,1360.0,428,7547.0,8907.0
21844,ID00016,1286.0,428,7548.0,8834.0
21845,ID00017,1598.0,428,7548.0,9146.0
21846,ID00018,880.0,428,7548.0,8428.0
21847,ID00019,1746.0,428,7548.0,9294.0
21848,ID00020,988.0,428,7548.0,8536.0
21849,ID00021,1553.0,428,7548.0,9101.0
21850,ID00022,2027.0,428,7548.0,9575.0
21851,ID00023,1807.0,428,7547.0,9354.0
21852,ID00024,17.0,428,9578.0,9595.0
21853,ID00025,15.0,428,9598.0,9613.0
21854,ID00026,15.0,428,9598.0,9613.0
21855,ID00027,16.0,428,9598.0,9614.0
21856,ID00028,14.0,428,9598.0,9612.0
21857,ID00029,18.0,428,9598.0,9616.0
21858,ID00030,17.0,428,9598.0,9615.0
21859,ID00031,17.0,428,9598.0,9615.0
21860,ID00032,16.0,428,9598.0,9614.0
21861,ID00033,16.0,428,9598.0,9614.0
21862,ID00034,17.0,428,9598.0,9615.0
21863,ID00035,15.0,428,9598.0,9613.0
21864,ID00036,13.0,428,9598.0,9611.0
21865,ID00037,1607.0,428,9616.0,11223.0
21866,ID00038,1213.0,428,9616.0,10829.0
21867,ID00039,1186.0,428,9617.0,10803.0
21868,ID00040,1749.0,428,9615.0,11364.0
21869,ID00041,1473.0,428,9619.0,11092.0
21870,ID00042,1670.0,428,9618.0,11288.0
21871,ID00043,1139.0,428,9618.0,10757.0
21872,ID00044,1855.0,428,9617.0,11472.0
21873,ID00045,2015.0,428,9617.0,11632.0
21874,ID00046,2007.0,428,9618.0,11625.0
21875,ID00047,1767.0,428,9616.0,11383.0
21876,ID00048,911.0,428,9614.0,10525.0
21877,ID00049,16.0,428,11635.0,11651.0
21878,finish,0.0,428,11652.0,11652.0
21879,entry,0.0,429,7200,7200.0
21880,ID00000,6.0,429,13187.0,13193.0
21881,ID00001,5.0,429,13158.0,13163.0
21882,ID00002,3417.0,429,8767.0,12184.0
21883,ID00003,542.0,429,12208.0,12750.0
21884,ID00004,27.0,429,12753.0,12780.0
21885,ID00005,627.0,429,12208.0,12835.0
21886,ID00006,22.0,429,12838.0,12860.0
21887,ID00007,382.0,429,12208.0,12590.0
21888,ID00008,20.0,429,12593.0,12613.0
21889,ID00009,449.0,429,12208.0,12657.0
21890,ID00010,27.0,429,12660.0,12687.0
21891,ID00011,453.0,429,12208.0,12661.0
21892,ID00012,27.0,429,12664.0,12691.0
21893,ID00013,757.0,429,12208.0,12965.0
21894,ID00014,28.0,429,12968.0,12996.0
21895,ID00015,598.0,429,12208.0,12806.0
21896,ID00016,12.0,429,12809.0,12821.0
21897,ID00017,445.0,429,12208.0,12653.0
21898,ID00018,10.0,429,12656.0,12666.0
21899,ID00019,947.0,429,12208.0,13155.0
21900,ID00020,26.0,429,13158.0,13184.0
21901,ID00021,688.0,429,12208.0,12896.0
21902,ID00022,25.0,429,12899.0,12924.0
21903,ID00023,2589.0,429,8775.0,11364.0
21904,ID00024,1086.0,429,11380.0,12466.0
21905,ID00025,15.0,429,12469.0,12484.0
21906,ID00026,669.0,429,11380.0,12049.0
21907,ID00027,21.0,429,12052.0,12073.0
21908,ID00028,784.0,429,11380.0,12164.0
21909,ID00029,21.0,429,12167.0,12188.0
21910,ID00030,937.0,429,11380.0,12317.0
21911,ID00031,11.0,429,12320.0,12331.0
21912,ID00032,541.0,429,11380.0,11921.0
21913,ID00033,22.0,429,11924.0,11946.0
21914,ID00034,518.0,429,11380.0,11898.0
21915,ID00035,20.0,429,11901.0,11921.0
21916,ID00036,1103.0,429,11380.0,12483.0
21917,ID00037,19.0,429,12486.0,12505.0
21918,ID00038,969.0,429,11380.0,12349.0
21919,ID00039,19.0,429,12352.0,12371.0
21920,ID00040,490.0,429,11380.0,11870.0
21921,ID00041,27.0,429,11873.0,11900.0
21922,ID00042,984.0,429,11380.0,12364.0
21923,ID00043,19.0,429,12367.0,12386.0
21924,ID00044,446.0,429,11380.0,11826.0
21925,ID00045,23.0,429,11829.0,11852.0
21926,ID00046,441.0,429,11380.0,11821.0
21927,ID00047,10.0,429,11824.0,11834.0
21928,ID00048,602.0,429,11380.0,11982.0
21929,ID00049,12.0,429,11985.0,11997.0
21930,finish,0.0,429,13194.0,13194.0
21931,entry,0.0,430,7200,7200.0
21932,ID00000,3.0,430,7274.0,7277.0
21933,ID00001,3.0,430,7227.0,7230.0
21934,ID00002,3.0,430,7353.0,7356.0
21935,ID00003,3.0,430,7353.0,7356.0
21936,ID00004,3.0,430,7353.0,7356.0
21937,ID00005,3.0,430,7353.0,7356.0
21938,ID00006,3.0,430,7353.0,7356.0
21939,ID00007,3.0,430,7260.0,7263.0
21940,ID00008,3.0,430,7260.0,7263.0
21941,ID00009,3.0,430,7260.0,7263.0
21942,ID00010,3.0,430,7260.0,7263.0
21943,ID00011,3.0,430,7260.0,7263.0
21944,ID00012,3.0,430,7372.0,7375.0
21945,ID00013,3.0,430,7370.0,7373.0
21946,ID00014,3.0,430,7372.0,7375.0
21947,ID00015,3.0,430,7372.0,7375.0
21948,ID00016,3.0,430,7372.0,7375.0
21949,ID00017,3.0,430,7269.0,7272.0
21950,ID00018,3.0,430,7269.0,7272.0
21951,ID00019,3.0,430,7269.0,7272.0
21952,ID00020,3.0,430,7269.0,7272.0
21953,ID00021,3.0,430,7269.0,7272.0
21954,ID00022,3.0,430,7381.0,7384.0
21955,ID00023,3.0,430,7378.0,7381.0
21956,ID00024,3.0,430,7380.0,7383.0
21957,ID00025,3.0,430,7385.0,7388.0
21958,ID00026,3.0,430,7381.0,7384.0
21959,ID00027,3.0,430,7274.0,7277.0
21960,ID00028,3.0,430,7274.0,7277.0
21961,ID00029,3.0,430,7274.0,7277.0
21962,ID00030,3.0,430,7274.0,7277.0
21963,ID00031,3.0,430,7275.0,7278.0
21964,ID00032,172.0,430,7386.0,7558.0
21965,ID00033,230.0,430,7383.0,7613.0
21966,ID00034,125.0,430,7385.0,7510.0
21967,ID00035,175.0,430,7391.0,7566.0
21968,ID00036,163.0,430,7386.0,7549.0
21969,ID00037,178.0,430,7278.0,7456.0
21970,ID00038,217.0,430,7278.0,7495.0
21971,ID00039,175.0,430,7278.0,7453.0
21972,ID00040,181.0,430,7278.0,7459.0
21973,ID00041,158.0,430,7279.0,7437.0
21974,ID00042,3.0,430,7615.0,7618.0
21975,ID00043,3.0,430,7496.0,7499.0
21976,ID00044,3.0,430,7626.0,7629.0
21977,ID00045,3.0,430,7640.0,7643.0
21978,ID00046,62.0,430,7644.0,7706.0
21979,finish,0.0,430,7707.0,7707.0
21980,entry,0.0,431,7200,7200.0
21981,ID00000,165.0,431,7223.0,7388.0
21982,ID00001,165.0,431,7223.0,7388.0
21983,ID00002,166.0,431,7223.0,7389.0
21984,ID00003,166.0,431,7223.0,7389.0
21985,ID00004,163.0,431,7223.0,7386.0
21986,ID00005,166.0,431,7223.0,7389.0
21987,ID00006,164.0,431,7223.0,7387.0
21988,ID00007,166.0,431,7223.0,7389.0
21989,ID00008,129.0,431,7430.0,7559.0
21990,ID00009,128.0,431,7431.0,7559.0
21991,ID00010,126.0,431,7430.0,7556.0
21992,ID00011,128.0,431,7431.0,7559.0
21993,ID00012,129.0,431,7430.0,7559.0
21994,ID00013,126.0,431,7431.0,7557.0
21995,ID00014,128.0,431,7431.0,7559.0
21996,ID00015,128.0,431,7431.0,7559.0
21997,ID00016,127.0,431,7431.0,7558.0
21998,ID00017,125.0,431,7431.0,7556.0
21999,ID00018,129.0,431,7431.0,7560.0
22000,ID00019,127.0,431,7431.0,7558.0
22001,ID00020,126.0,431,7431.0,7557.0
22002,ID00021,129.0,431,7431.0,7560.0
22003,ID00022,127.0,431,7431.0,7558.0
22004,ID00023,129.0,431,7431.0,7560.0
22005,ID00024,126.0,431,7428.0,7554.0
22006,ID00025,127.0,431,7431.0,7558.0
22007,ID00026,130.0,431,7431.0,7561.0
22008,ID00027,126.0,431,7431.0,7557.0
22009,ID00028,128.0,431,7431.0,7559.0
22010,ID00029,128.0,431,7430.0,7558.0
22011,ID00030,128.0,431,7431.0,7559.0
22012,ID00031,128.0,431,7431.0,7559.0
22013,ID00032,127.0,431,7431.0,7558.0
22014,ID00033,127.0,431,7431.0,7558.0
22015,ID00034,127.0,431,7431.0,7558.0
22016,ID00035,127.0,431,7431.0,7558.0
22017,ID00036,27.0,431,7567.0,7594.0
22018,ID00037,64.0,431,7597.0,7661.0
22019,ID00038,131.0,431,7664.0,7795.0
22020,ID00039,129.0,431,7664.0,7793.0
22021,ID00040,131.0,431,7664.0,7795.0
22022,ID00041,128.0,431,7664.0,7792.0
22023,ID00042,126.0,431,7664.0,7790.0
22024,ID00043,128.0,431,7664.0,7792.0
22025,ID00044,129.0,431,7664.0,7793.0
22026,ID00045,129.0,431,7664.0,7793.0
22027,ID00046,30.0,431,7837.0,7867.0
22028,ID00047,59.0,431,7870.0,7929.0
22029,ID00048,59.0,431,8581.0,8640.0
22030,ID00049,6.0,431,8654.0,8660.0
22031,finish,0.0,431,8662.0,8662.0
22032,entry,0.0,432,7200,7200.0
22033,ID00000,6.0,432,13187.0,13193.0
22034,ID00001,5.0,432,13158.0,13163.0
22035,ID00002,3417.0,432,8767.0,12184.0
22036,ID00003,542.0,432,12208.0,12750.0
22037,ID00004,27.0,432,12753.0,12780.0
22038,ID00005,627.0,432,12208.0,12835.0
22039,ID00006,22.0,432,12838.0,12860.0
22040,ID00007,382.0,432,12208.0,12590.0
22041,ID00008,20.0,432,12593.0,12613.0
22042,ID00009,449.0,432,12208.0,12657.0
22043,ID00010,27.0,432,12660.0,12687.0
22044,ID00011,453.0,432,12208.0,12661.0
22045,ID00012,27.0,432,12664.0,12691.0
22046,ID00013,757.0,432,12208.0,12965.0
22047,ID00014,28.0,432,12968.0,12996.0
22048,ID00015,598.0,432,12208.0,12806.0
22049,ID00016,12.0,432,12809.0,12821.0
22050,ID00017,445.0,432,12208.0,12653.0
22051,ID00018,10.0,432,12656.0,12666.0
22052,ID00019,947.0,432,12208.0,13155.0
22053,ID00020,26.0,432,13158.0,13184.0
22054,ID00021,688.0,432,12208.0,12896.0
22055,ID00022,25.0,432,12899.0,12924.0
22056,ID00023,2589.0,432,8775.0,11364.0
22057,ID00024,1086.0,432,11380.0,12466.0
22058,ID00025,15.0,432,12469.0,12484.0
22059,ID00026,669.0,432,11380.0,12049.0
22060,ID00027,21.0,432,12052.0,12073.0
22061,ID00028,784.0,432,11380.0,12164.0
22062,ID00029,21.0,432,12167.0,12188.0
22063,ID00030,937.0,432,11380.0,12317.0
22064,ID00031,11.0,432,12320.0,12331.0
22065,ID00032,541.0,432,11380.0,11921.0
22066,ID00033,22.0,432,11924.0,11946.0
22067,ID00034,518.0,432,11380.0,11898.0
22068,ID00035,20.0,432,11901.0,11921.0
22069,ID00036,1103.0,432,11380.0,12483.0
22070,ID00037,19.0,432,12486.0,12505.0
22071,ID00038,969.0,432,11380.0,12349.0
22072,ID00039,19.0,432,12352.0,12371.0
22073,ID00040,490.0,432,11380.0,11870.0
22074,ID00041,27.0,432,11873.0,11900.0
22075,ID00042,984.0,432,11380.0,12364.0
22076,ID00043,19.0,432,12367.0,12386.0
22077,ID00044,446.0,432,11380.0,11826.0
22078,ID00045,23.0,432,11829.0,11852.0
22079,ID00046,441.0,432,11380.0,11821.0
22080,ID00047,10.0,432,11824.0,11834.0
22081,ID00048,602.0,432,11380.0,11982.0
22082,ID00049,12.0,432,11985.0,11997.0
22083,finish,0.0,432,13194.0,13194.0
22084,entry,0.0,433,7200,7200.0
22085,ID00000,3.0,433,7274.0,7277.0
22086,ID00001,3.0,433,7227.0,7230.0
22087,ID00002,3.0,433,7353.0,7356.0
22088,ID00003,3.0,433,7353.0,7356.0
22089,ID00004,3.0,433,7353.0,7356.0
22090,ID00005,3.0,433,7353.0,7356.0
22091,ID00006,3.0,433,7353.0,7356.0
22092,ID00007,3.0,433,7260.0,7263.0
22093,ID00008,3.0,433,7260.0,7263.0
22094,ID00009,3.0,433,7260.0,7263.0
22095,ID00010,3.0,433,7260.0,7263.0
22096,ID00011,3.0,433,7260.0,7263.0
22097,ID00012,3.0,433,7372.0,7375.0
22098,ID00013,3.0,433,7370.0,7373.0
22099,ID00014,3.0,433,7372.0,7375.0
22100,ID00015,3.0,433,7372.0,7375.0
22101,ID00016,3.0,433,7372.0,7375.0
22102,ID00017,3.0,433,7269.0,7272.0
22103,ID00018,3.0,433,7269.0,7272.0
22104,ID00019,3.0,433,7269.0,7272.0
22105,ID00020,3.0,433,7269.0,7272.0
22106,ID00021,3.0,433,7269.0,7272.0
22107,ID00022,3.0,433,7381.0,7384.0
22108,ID00023,3.0,433,7378.0,7381.0
22109,ID00024,3.0,433,7380.0,7383.0
22110,ID00025,3.0,433,7385.0,7388.0
22111,ID00026,3.0,433,7381.0,7384.0
22112,ID00027,3.0,433,7274.0,7277.0
22113,ID00028,3.0,433,7274.0,7277.0
22114,ID00029,3.0,433,7274.0,7277.0
22115,ID00030,3.0,433,7274.0,7277.0
22116,ID00031,3.0,433,7275.0,7278.0
22117,ID00032,172.0,433,7386.0,7558.0
22118,ID00033,230.0,433,7383.0,7613.0
22119,ID00034,125.0,433,7385.0,7510.0
22120,ID00035,175.0,433,7391.0,7566.0
22121,ID00036,163.0,433,7386.0,7549.0
22122,ID00037,178.0,433,7278.0,7456.0
22123,ID00038,217.0,433,7278.0,7495.0
22124,ID00039,175.0,433,7278.0,7453.0
22125,ID00040,181.0,433,7278.0,7459.0
22126,ID00041,158.0,433,7279.0,7437.0
22127,ID00042,3.0,433,7615.0,7618.0
22128,ID00043,3.0,433,7496.0,7499.0
22129,ID00044,3.0,433,7626.0,7629.0
22130,ID00045,3.0,433,7640.0,7643.0
22131,ID00046,62.0,433,7644.0,7706.0
22132,finish,0.0,433,7707.0,7707.0
22133,entry,0.0,434,7200,7200.0
22134,ID00000,57.0,434,7486.0,7543.0
22135,ID00001,56.0,434,7486.0,7542.0
22136,ID00002,54.0,434,7486.0,7540.0
22137,ID00003,54.0,434,7486.0,7540.0
22138,ID00004,56.0,434,7485.0,7541.0
22139,ID00005,55.0,434,7486.0,7541.0
22140,ID00006,55.0,434,7486.0,7541.0
22141,ID00007,55.0,434,7486.0,7541.0
22142,ID00008,55.0,434,7486.0,7541.0
22143,ID00009,55.0,434,7486.0,7541.0
22144,ID00010,54.0,434,7486.0,7540.0
22145,ID00011,54.0,434,7486.0,7540.0
22146,ID00012,1768.0,434,7550.0,9318.0
22147,ID00013,1486.0,434,7550.0,9036.0
22148,ID00014,1667.0,434,7548.0,9215.0
22149,ID00015,1360.0,434,7547.0,8907.0
22150,ID00016,1286.0,434,7548.0,8834.0
22151,ID00017,1598.0,434,7548.0,9146.0
22152,ID00018,880.0,434,7548.0,8428.0
22153,ID00019,1746.0,434,7548.0,9294.0
22154,ID00020,988.0,434,7548.0,8536.0
22155,ID00021,1553.0,434,7548.0,9101.0
22156,ID00022,2027.0,434,7548.0,9575.0
22157,ID00023,1807.0,434,7547.0,9354.0
22158,ID00024,17.0,434,9578.0,9595.0
22159,ID00025,15.0,434,9598.0,9613.0
22160,ID00026,15.0,434,9598.0,9613.0
22161,ID00027,16.0,434,9598.0,9614.0
22162,ID00028,14.0,434,9598.0,9612.0
22163,ID00029,18.0,434,9598.0,9616.0
22164,ID00030,17.0,434,9598.0,9615.0
22165,ID00031,17.0,434,9598.0,9615.0
22166,ID00032,16.0,434,9598.0,9614.0
22167,ID00033,16.0,434,9598.0,9614.0
22168,ID00034,17.0,434,9598.0,9615.0
22169,ID00035,15.0,434,9598.0,9613.0
22170,ID00036,13.0,434,9598.0,9611.0
22171,ID00037,1607.0,434,9616.0,11223.0
22172,ID00038,1213.0,434,9616.0,10829.0
22173,ID00039,1186.0,434,9617.0,10803.0
22174,ID00040,1749.0,434,9615.0,11364.0
22175,ID00041,1473.0,434,9619.0,11092.0
22176,ID00042,1670.0,434,9618.0,11288.0
22177,ID00043,1139.0,434,9618.0,10757.0
22178,ID00044,1855.0,434,9617.0,11472.0
22179,ID00045,2015.0,434,9617.0,11632.0
22180,ID00046,2007.0,434,9618.0,11625.0
22181,ID00047,1767.0,434,9616.0,11383.0
22182,ID00048,911.0,434,9614.0,10525.0
22183,ID00049,16.0,434,11635.0,11651.0
22184,finish,0.0,434,11652.0,11652.0
22185,entry,0.0,435,7200,7200.0
22186,ID00000,165.0,435,7223.0,7388.0
22187,ID00001,165.0,435,7223.0,7388.0
22188,ID00002,166.0,435,7223.0,7389.0
22189,ID00003,166.0,435,7223.0,7389.0
22190,ID00004,163.0,435,7223.0,7386.0
22191,ID00005,166.0,435,7223.0,7389.0
22192,ID00006,164.0,435,7223.0,7387.0
22193,ID00007,166.0,435,7223.0,7389.0
22194,ID00008,129.0,435,7430.0,7559.0
22195,ID00009,128.0,435,7431.0,7559.0
22196,ID00010,126.0,435,7430.0,7556.0
22197,ID00011,128.0,435,7431.0,7559.0
22198,ID00012,129.0,435,7430.0,7559.0
22199,ID00013,126.0,435,7431.0,7557.0
22200,ID00014,128.0,435,7431.0,7559.0
22201,ID00015,128.0,435,7431.0,7559.0
22202,ID00016,127.0,435,7431.0,7558.0
22203,ID00017,125.0,435,7431.0,7556.0
22204,ID00018,129.0,435,7431.0,7560.0
22205,ID00019,127.0,435,7431.0,7558.0
22206,ID00020,126.0,435,7431.0,7557.0
22207,ID00021,129.0,435,7431.0,7560.0
22208,ID00022,127.0,435,7431.0,7558.0
22209,ID00023,129.0,435,7431.0,7560.0
22210,ID00024,126.0,435,7428.0,7554.0
22211,ID00025,127.0,435,7431.0,7558.0
22212,ID00026,130.0,435,7431.0,7561.0
22213,ID00027,126.0,435,7431.0,7557.0
22214,ID00028,128.0,435,7431.0,7559.0
22215,ID00029,128.0,435,7430.0,7558.0
22216,ID00030,128.0,435,7431.0,7559.0
22217,ID00031,128.0,435,7431.0,7559.0
22218,ID00032,127.0,435,7431.0,7558.0
22219,ID00033,127.0,435,7431.0,7558.0
22220,ID00034,127.0,435,7431.0,7558.0
22221,ID00035,127.0,435,7431.0,7558.0
22222,ID00036,27.0,435,7567.0,7594.0
22223,ID00037,64.0,435,7597.0,7661.0
22224,ID00038,131.0,435,7664.0,7795.0
22225,ID00039,129.0,435,7664.0,7793.0
22226,ID00040,131.0,435,7664.0,7795.0
22227,ID00041,128.0,435,7664.0,7792.0
22228,ID00042,126.0,435,7664.0,7790.0
22229,ID00043,128.0,435,7664.0,7792.0
22230,ID00044,129.0,435,7664.0,7793.0
22231,ID00045,129.0,435,7664.0,7793.0
22232,ID00046,30.0,435,7837.0,7867.0
22233,ID00047,59.0,435,7870.0,7929.0
22234,ID00048,59.0,435,8581.0,8640.0
22235,ID00049,6.0,435,8654.0,8660.0
22236,finish,0.0,435,8662.0,8662.0
22237,entry,0.0,436,7200,7200.0
22238,ID00000,165.0,436,7223.0,7388.0
22239,ID00001,165.0,436,7223.0,7388.0
22240,ID00002,166.0,436,7223.0,7389.0
22241,ID00003,166.0,436,7223.0,7389.0
22242,ID00004,163.0,436,7223.0,7386.0
22243,ID00005,166.0,436,7223.0,7389.0
22244,ID00006,164.0,436,7223.0,7387.0
22245,ID00007,166.0,436,7223.0,7389.0
22246,ID00008,129.0,436,7430.0,7559.0
22247,ID00009,128.0,436,7431.0,7559.0
22248,ID00010,126.0,436,7430.0,7556.0
22249,ID00011,128.0,436,7431.0,7559.0
22250,ID00012,129.0,436,7430.0,7559.0
22251,ID00013,126.0,436,7431.0,7557.0
22252,ID00014,128.0,436,7431.0,7559.0
22253,ID00015,128.0,436,7431.0,7559.0
22254,ID00016,127.0,436,7431.0,7558.0
22255,ID00017,125.0,436,7431.0,7556.0
22256,ID00018,129.0,436,7431.0,7560.0
22257,ID00019,127.0,436,7431.0,7558.0
22258,ID00020,126.0,436,7431.0,7557.0
22259,ID00021,129.0,436,7431.0,7560.0
22260,ID00022,127.0,436,7431.0,7558.0
22261,ID00023,129.0,436,7431.0,7560.0
22262,ID00024,126.0,436,7428.0,7554.0
22263,ID00025,127.0,436,7431.0,7558.0
22264,ID00026,130.0,436,7431.0,7561.0
22265,ID00027,126.0,436,7431.0,7557.0
22266,ID00028,128.0,436,7431.0,7559.0
22267,ID00029,128.0,436,7430.0,7558.0
22268,ID00030,128.0,436,7431.0,7559.0
22269,ID00031,128.0,436,7431.0,7559.0
22270,ID00032,127.0,436,7431.0,7558.0
22271,ID00033,127.0,436,7431.0,7558.0
22272,ID00034,127.0,436,7431.0,7558.0
22273,ID00035,127.0,436,7431.0,7558.0
22274,ID00036,27.0,436,7567.0,7594.0
22275,ID00037,64.0,436,7597.0,7661.0
22276,ID00038,131.0,436,7664.0,7795.0
22277,ID00039,129.0,436,7664.0,7793.0
22278,ID00040,131.0,436,7664.0,7795.0
22279,ID00041,128.0,436,7664.0,7792.0
22280,ID00042,126.0,436,7664.0,7790.0
22281,ID00043,128.0,436,7664.0,7792.0
22282,ID00044,129.0,436,7664.0,7793.0
22283,ID00045,129.0,436,7664.0,7793.0
22284,ID00046,30.0,436,7837.0,7867.0
22285,ID00047,59.0,436,7870.0,7929.0
22286,ID00048,59.0,436,8581.0,8640.0
22287,ID00049,6.0,436,8654.0,8660.0
22288,finish,0.0,436,8662.0,8662.0
22289,entry,0.0,437,7200,7200.0
22290,ID00000,6.0,437,13187.0,13193.0
22291,ID00001,5.0,437,13158.0,13163.0
22292,ID00002,3417.0,437,8767.0,12184.0
22293,ID00003,542.0,437,12208.0,12750.0
22294,ID00004,27.0,437,12753.0,12780.0
22295,ID00005,627.0,437,12208.0,12835.0
22296,ID00006,22.0,437,12838.0,12860.0
22297,ID00007,382.0,437,12208.0,12590.0
22298,ID00008,20.0,437,12593.0,12613.0
22299,ID00009,449.0,437,12208.0,12657.0
22300,ID00010,27.0,437,12660.0,12687.0
22301,ID00011,453.0,437,12208.0,12661.0
22302,ID00012,27.0,437,12664.0,12691.0
22303,ID00013,757.0,437,12208.0,12965.0
22304,ID00014,28.0,437,12968.0,12996.0
22305,ID00015,598.0,437,12208.0,12806.0
22306,ID00016,12.0,437,12809.0,12821.0
22307,ID00017,445.0,437,12208.0,12653.0
22308,ID00018,10.0,437,12656.0,12666.0
22309,ID00019,947.0,437,12208.0,13155.0
22310,ID00020,26.0,437,13158.0,13184.0
22311,ID00021,688.0,437,12208.0,12896.0
22312,ID00022,25.0,437,12899.0,12924.0
22313,ID00023,2589.0,437,8775.0,11364.0
22314,ID00024,1086.0,437,11380.0,12466.0
22315,ID00025,15.0,437,12469.0,12484.0
22316,ID00026,669.0,437,11380.0,12049.0
22317,ID00027,21.0,437,12052.0,12073.0
22318,ID00028,784.0,437,11380.0,12164.0
22319,ID00029,21.0,437,12167.0,12188.0
22320,ID00030,937.0,437,11380.0,12317.0
22321,ID00031,11.0,437,12320.0,12331.0
22322,ID00032,541.0,437,11380.0,11921.0
22323,ID00033,22.0,437,11924.0,11946.0
22324,ID00034,518.0,437,11380.0,11898.0
22325,ID00035,20.0,437,11901.0,11921.0
22326,ID00036,1103.0,437,11380.0,12483.0
22327,ID00037,19.0,437,12486.0,12505.0
22328,ID00038,969.0,437,11380.0,12349.0
22329,ID00039,19.0,437,12352.0,12371.0
22330,ID00040,490.0,437,11380.0,11870.0
22331,ID00041,27.0,437,11873.0,11900.0
22332,ID00042,984.0,437,11380.0,12364.0
22333,ID00043,19.0,437,12367.0,12386.0
22334,ID00044,446.0,437,11380.0,11826.0
22335,ID00045,23.0,437,11829.0,11852.0
22336,ID00046,441.0,437,11380.0,11821.0
22337,ID00047,10.0,437,11824.0,11834.0
22338,ID00048,602.0,437,11380.0,11982.0
22339,ID00049,12.0,437,11985.0,11997.0
22340,finish,0.0,437,13194.0,13194.0
22341,entry,0.0,438,7200,7200.0
22342,ID00000,6.0,438,13187.0,13193.0
22343,ID00001,5.0,438,13158.0,13163.0
22344,ID00002,3417.0,438,8767.0,12184.0
22345,ID00003,542.0,438,12208.0,12750.0
22346,ID00004,27.0,438,12753.0,12780.0
22347,ID00005,627.0,438,12208.0,12835.0
22348,ID00006,22.0,438,12838.0,12860.0
22349,ID00007,382.0,438,12208.0,12590.0
22350,ID00008,20.0,438,12593.0,12613.0
22351,ID00009,449.0,438,12208.0,12657.0
22352,ID00010,27.0,438,12660.0,12687.0
22353,ID00011,453.0,438,12208.0,12661.0
22354,ID00012,27.0,438,12664.0,12691.0
22355,ID00013,757.0,438,12208.0,12965.0
22356,ID00014,28.0,438,12968.0,12996.0
22357,ID00015,598.0,438,12208.0,12806.0
22358,ID00016,12.0,438,12809.0,12821.0
22359,ID00017,445.0,438,12208.0,12653.0
22360,ID00018,10.0,438,12656.0,12666.0
22361,ID00019,947.0,438,12208.0,13155.0
22362,ID00020,26.0,438,13158.0,13184.0
22363,ID00021,688.0,438,12208.0,12896.0
22364,ID00022,25.0,438,12899.0,12924.0
22365,ID00023,2589.0,438,8775.0,11364.0
22366,ID00024,1086.0,438,11380.0,12466.0
22367,ID00025,15.0,438,12469.0,12484.0
22368,ID00026,669.0,438,11380.0,12049.0
22369,ID00027,21.0,438,12052.0,12073.0
22370,ID00028,784.0,438,11380.0,12164.0
22371,ID00029,21.0,438,12167.0,12188.0
22372,ID00030,937.0,438,11380.0,12317.0
22373,ID00031,11.0,438,12320.0,12331.0
22374,ID00032,541.0,438,11380.0,11921.0
22375,ID00033,22.0,438,11924.0,11946.0
22376,ID00034,518.0,438,11380.0,11898.0
22377,ID00035,20.0,438,11901.0,11921.0
22378,ID00036,1103.0,438,11380.0,12483.0
22379,ID00037,19.0,438,12486.0,12505.0
22380,ID00038,969.0,438,11380.0,12349.0
22381,ID00039,19.0,438,12352.0,12371.0
22382,ID00040,490.0,438,11380.0,11870.0
22383,ID00041,27.0,438,11873.0,11900.0
22384,ID00042,984.0,438,11380.0,12364.0
22385,ID00043,19.0,438,12367.0,12386.0
22386,ID00044,446.0,438,11380.0,11826.0
22387,ID00045,23.0,438,11829.0,11852.0
22388,ID00046,441.0,438,11380.0,11821.0
22389,ID00047,10.0,438,11824.0,11834.0
22390,ID00048,602.0,438,11380.0,11982.0
22391,ID00049,12.0,438,11985.0,11997.0
22392,finish,0.0,438,13194.0,13194.0
22393,entry,0.0,439,7200,7200.0
22394,ID00000,6.0,439,13187.0,13193.0
22395,ID00001,5.0,439,13158.0,13163.0
22396,ID00002,3417.0,439,8767.0,12184.0
22397,ID00003,542.0,439,12208.0,12750.0
22398,ID00004,27.0,439,12753.0,12780.0
22399,ID00005,627.0,439,12208.0,12835.0
22400,ID00006,22.0,439,12838.0,12860.0
22401,ID00007,382.0,439,12208.0,12590.0
22402,ID00008,20.0,439,12593.0,12613.0
22403,ID00009,449.0,439,12208.0,12657.0
22404,ID00010,27.0,439,12660.0,12687.0
22405,ID00011,453.0,439,12208.0,12661.0
22406,ID00012,27.0,439,12664.0,12691.0
22407,ID00013,757.0,439,12208.0,12965.0
22408,ID00014,28.0,439,12968.0,12996.0
22409,ID00015,598.0,439,12208.0,12806.0
22410,ID00016,12.0,439,12809.0,12821.0
22411,ID00017,445.0,439,12208.0,12653.0
22412,ID00018,10.0,439,12656.0,12666.0
22413,ID00019,947.0,439,12208.0,13155.0
22414,ID00020,26.0,439,13158.0,13184.0
22415,ID00021,688.0,439,12208.0,12896.0
22416,ID00022,25.0,439,12899.0,12924.0
22417,ID00023,2589.0,439,8775.0,11364.0
22418,ID00024,1086.0,439,11380.0,12466.0
22419,ID00025,15.0,439,12469.0,12484.0
22420,ID00026,669.0,439,11380.0,12049.0
22421,ID00027,21.0,439,12052.0,12073.0
22422,ID00028,784.0,439,11380.0,12164.0
22423,ID00029,21.0,439,12167.0,12188.0
22424,ID00030,937.0,439,11380.0,12317.0
22425,ID00031,11.0,439,12320.0,12331.0
22426,ID00032,541.0,439,11380.0,11921.0
22427,ID00033,22.0,439,11924.0,11946.0
22428,ID00034,518.0,439,11380.0,11898.0
22429,ID00035,20.0,439,11901.0,11921.0
22430,ID00036,1103.0,439,11380.0,12483.0
22431,ID00037,19.0,439,12486.0,12505.0
22432,ID00038,969.0,439,11380.0,12349.0
22433,ID00039,19.0,439,12352.0,12371.0
22434,ID00040,490.0,439,11380.0,11870.0
22435,ID00041,27.0,439,11873.0,11900.0
22436,ID00042,984.0,439,11380.0,12364.0
22437,ID00043,19.0,439,12367.0,12386.0
22438,ID00044,446.0,439,11380.0,11826.0
22439,ID00045,23.0,439,11829.0,11852.0
22440,ID00046,441.0,439,11380.0,11821.0
22441,ID00047,10.0,439,11824.0,11834.0
22442,ID00048,602.0,439,11380.0,11982.0
22443,ID00049,12.0,439,11985.0,11997.0
22444,finish,0.0,439,13194.0,13194.0
22445,entry,0.0,440,7200,7200.0
22446,ID00000,165.0,440,7223.0,7388.0
22447,ID00001,165.0,440,7223.0,7388.0
22448,ID00002,166.0,440,7223.0,7389.0
22449,ID00003,166.0,440,7223.0,7389.0
22450,ID00004,163.0,440,7223.0,7386.0
22451,ID00005,166.0,440,7223.0,7389.0
22452,ID00006,164.0,440,7223.0,7387.0
22453,ID00007,166.0,440,7223.0,7389.0
22454,ID00008,129.0,440,7430.0,7559.0
22455,ID00009,128.0,440,7431.0,7559.0
22456,ID00010,126.0,440,7430.0,7556.0
22457,ID00011,128.0,440,7431.0,7559.0
22458,ID00012,129.0,440,7430.0,7559.0
22459,ID00013,126.0,440,7431.0,7557.0
22460,ID00014,128.0,440,7431.0,7559.0
22461,ID00015,128.0,440,7431.0,7559.0
22462,ID00016,127.0,440,7431.0,7558.0
22463,ID00017,125.0,440,7431.0,7556.0
22464,ID00018,129.0,440,7431.0,7560.0
22465,ID00019,127.0,440,7431.0,7558.0
22466,ID00020,126.0,440,7431.0,7557.0
22467,ID00021,129.0,440,7431.0,7560.0
22468,ID00022,127.0,440,7431.0,7558.0
22469,ID00023,129.0,440,7431.0,7560.0
22470,ID00024,126.0,440,7428.0,7554.0
22471,ID00025,127.0,440,7431.0,7558.0
22472,ID00026,130.0,440,7431.0,7561.0
22473,ID00027,126.0,440,7431.0,7557.0
22474,ID00028,128.0,440,7431.0,7559.0
22475,ID00029,128.0,440,7430.0,7558.0
22476,ID00030,128.0,440,7431.0,7559.0
22477,ID00031,128.0,440,7431.0,7559.0
22478,ID00032,127.0,440,7431.0,7558.0
22479,ID00033,127.0,440,7431.0,7558.0
22480,ID00034,127.0,440,7431.0,7558.0
22481,ID00035,127.0,440,7431.0,7558.0
22482,ID00036,27.0,440,7567.0,7594.0
22483,ID00037,64.0,440,7597.0,7661.0
22484,ID00038,131.0,440,7664.0,7795.0
22485,ID00039,129.0,440,7664.0,7793.0
22486,ID00040,131.0,440,7664.0,7795.0
22487,ID00041,128.0,440,7664.0,7792.0
22488,ID00042,126.0,440,7664.0,7790.0
22489,ID00043,128.0,440,7664.0,7792.0
22490,ID00044,129.0,440,7664.0,7793.0
22491,ID00045,129.0,440,7664.0,7793.0
22492,ID00046,30.0,440,7837.0,7867.0
22493,ID00047,59.0,440,7870.0,7929.0
22494,ID00048,59.0,440,8581.0,8640.0
22495,ID00049,6.0,440,8654.0,8660.0
22496,finish,0.0,440,8662.0,8662.0
22497,entry,0.0,441,7200,7200.0
22498,ID00000,3.0,441,7274.0,7277.0
22499,ID00001,3.0,441,7227.0,7230.0
22500,ID00002,3.0,441,7353.0,7356.0
22501,ID00003,3.0,441,7353.0,7356.0
22502,ID00004,3.0,441,7353.0,7356.0
22503,ID00005,3.0,441,7353.0,7356.0
22504,ID00006,3.0,441,7353.0,7356.0
22505,ID00007,3.0,441,7260.0,7263.0
22506,ID00008,3.0,441,7260.0,7263.0
22507,ID00009,3.0,441,7260.0,7263.0
22508,ID00010,3.0,441,7260.0,7263.0
22509,ID00011,3.0,441,7260.0,7263.0
22510,ID00012,3.0,441,7372.0,7375.0
22511,ID00013,3.0,441,7370.0,7373.0
22512,ID00014,3.0,441,7372.0,7375.0
22513,ID00015,3.0,441,7372.0,7375.0
22514,ID00016,3.0,441,7372.0,7375.0
22515,ID00017,3.0,441,7269.0,7272.0
22516,ID00018,3.0,441,7269.0,7272.0
22517,ID00019,3.0,441,7269.0,7272.0
22518,ID00020,3.0,441,7269.0,7272.0
22519,ID00021,3.0,441,7269.0,7272.0
22520,ID00022,3.0,441,7381.0,7384.0
22521,ID00023,3.0,441,7378.0,7381.0
22522,ID00024,3.0,441,7380.0,7383.0
22523,ID00025,3.0,441,7385.0,7388.0
22524,ID00026,3.0,441,7381.0,7384.0
22525,ID00027,3.0,441,7274.0,7277.0
22526,ID00028,3.0,441,7274.0,7277.0
22527,ID00029,3.0,441,7274.0,7277.0
22528,ID00030,3.0,441,7274.0,7277.0
22529,ID00031,3.0,441,7275.0,7278.0
22530,ID00032,172.0,441,7386.0,7558.0
22531,ID00033,230.0,441,7383.0,7613.0
22532,ID00034,125.0,441,7385.0,7510.0
22533,ID00035,175.0,441,7391.0,7566.0
22534,ID00036,163.0,441,7386.0,7549.0
22535,ID00037,178.0,441,7278.0,7456.0
22536,ID00038,217.0,441,7278.0,7495.0
22537,ID00039,175.0,441,7278.0,7453.0
22538,ID00040,181.0,441,7278.0,7459.0
22539,ID00041,158.0,441,7279.0,7437.0
22540,ID00042,3.0,441,7615.0,7618.0
22541,ID00043,3.0,441,7496.0,7499.0
22542,ID00044,3.0,441,7626.0,7629.0
22543,ID00045,3.0,441,7640.0,7643.0
22544,ID00046,62.0,441,7644.0,7706.0
22545,finish,0.0,441,7707.0,7707.0
22546,entry,0.0,442,7200,7200.0
22547,ID00000,165.0,442,7223.0,7388.0
22548,ID00001,165.0,442,7223.0,7388.0
22549,ID00002,166.0,442,7223.0,7389.0
22550,ID00003,166.0,442,7223.0,7389.0
22551,ID00004,163.0,442,7223.0,7386.0
22552,ID00005,166.0,442,7223.0,7389.0
22553,ID00006,164.0,442,7223.0,7387.0
22554,ID00007,166.0,442,7223.0,7389.0
22555,ID00008,129.0,442,7430.0,7559.0
22556,ID00009,128.0,442,7431.0,7559.0
22557,ID00010,126.0,442,7430.0,7556.0
22558,ID00011,128.0,442,7431.0,7559.0
22559,ID00012,129.0,442,7430.0,7559.0
22560,ID00013,126.0,442,7431.0,7557.0
22561,ID00014,128.0,442,7431.0,7559.0
22562,ID00015,128.0,442,7431.0,7559.0
22563,ID00016,127.0,442,7431.0,7558.0
22564,ID00017,125.0,442,7431.0,7556.0
22565,ID00018,129.0,442,7431.0,7560.0
22566,ID00019,127.0,442,7431.0,7558.0
22567,ID00020,126.0,442,7431.0,7557.0
22568,ID00021,129.0,442,7431.0,7560.0
22569,ID00022,127.0,442,7431.0,7558.0
22570,ID00023,129.0,442,7431.0,7560.0
22571,ID00024,126.0,442,7428.0,7554.0
22572,ID00025,127.0,442,7431.0,7558.0
22573,ID00026,130.0,442,7431.0,7561.0
22574,ID00027,126.0,442,7431.0,7557.0
22575,ID00028,128.0,442,7431.0,7559.0
22576,ID00029,128.0,442,7430.0,7558.0
22577,ID00030,128.0,442,7431.0,7559.0
22578,ID00031,128.0,442,7431.0,7559.0
22579,ID00032,127.0,442,7431.0,7558.0
22580,ID00033,127.0,442,7431.0,7558.0
22581,ID00034,127.0,442,7431.0,7558.0
22582,ID00035,127.0,442,7431.0,7558.0
22583,ID00036,27.0,442,7567.0,7594.0
22584,ID00037,64.0,442,7597.0,7661.0
22585,ID00038,131.0,442,7664.0,7795.0
22586,ID00039,129.0,442,7664.0,7793.0
22587,ID00040,131.0,442,7664.0,7795.0
22588,ID00041,128.0,442,7664.0,7792.0
22589,ID00042,126.0,442,7664.0,7790.0
22590,ID00043,128.0,442,7664.0,7792.0
22591,ID00044,129.0,442,7664.0,7793.0
22592,ID00045,129.0,442,7664.0,7793.0
22593,ID00046,30.0,442,7837.0,7867.0
22594,ID00047,59.0,442,7870.0,7929.0
22595,ID00048,59.0,442,8581.0,8640.0
22596,ID00049,6.0,442,8654.0,8660.0
22597,finish,0.0,442,8662.0,8662.0
22598,entry,0.0,443,7200,7200.0
22599,ID00000,6.0,443,13187.0,13193.0
22600,ID00001,5.0,443,13158.0,13163.0
22601,ID00002,3417.0,443,8767.0,12184.0
22602,ID00003,542.0,443,12208.0,12750.0
22603,ID00004,27.0,443,12753.0,12780.0
22604,ID00005,627.0,443,12208.0,12835.0
22605,ID00006,22.0,443,12838.0,12860.0
22606,ID00007,382.0,443,12208.0,12590.0
22607,ID00008,20.0,443,12593.0,12613.0
22608,ID00009,449.0,443,12208.0,12657.0
22609,ID00010,27.0,443,12660.0,12687.0
22610,ID00011,453.0,443,12208.0,12661.0
22611,ID00012,27.0,443,12664.0,12691.0
22612,ID00013,757.0,443,12208.0,12965.0
22613,ID00014,28.0,443,12968.0,12996.0
22614,ID00015,598.0,443,12208.0,12806.0
22615,ID00016,12.0,443,12809.0,12821.0
22616,ID00017,445.0,443,12208.0,12653.0
22617,ID00018,10.0,443,12656.0,12666.0
22618,ID00019,947.0,443,12208.0,13155.0
22619,ID00020,26.0,443,13158.0,13184.0
22620,ID00021,688.0,443,12208.0,12896.0
22621,ID00022,25.0,443,12899.0,12924.0
22622,ID00023,2589.0,443,8775.0,11364.0
22623,ID00024,1086.0,443,11380.0,12466.0
22624,ID00025,15.0,443,12469.0,12484.0
22625,ID00026,669.0,443,11380.0,12049.0
22626,ID00027,21.0,443,12052.0,12073.0
22627,ID00028,784.0,443,11380.0,12164.0
22628,ID00029,21.0,443,12167.0,12188.0
22629,ID00030,937.0,443,11380.0,12317.0
22630,ID00031,11.0,443,12320.0,12331.0
22631,ID00032,541.0,443,11380.0,11921.0
22632,ID00033,22.0,443,11924.0,11946.0
22633,ID00034,518.0,443,11380.0,11898.0
22634,ID00035,20.0,443,11901.0,11921.0
22635,ID00036,1103.0,443,11380.0,12483.0
22636,ID00037,19.0,443,12486.0,12505.0
22637,ID00038,969.0,443,11380.0,12349.0
22638,ID00039,19.0,443,12352.0,12371.0
22639,ID00040,490.0,443,11380.0,11870.0
22640,ID00041,27.0,443,11873.0,11900.0
22641,ID00042,984.0,443,11380.0,12364.0
22642,ID00043,19.0,443,12367.0,12386.0
22643,ID00044,446.0,443,11380.0,11826.0
22644,ID00045,23.0,443,11829.0,11852.0
22645,ID00046,441.0,443,11380.0,11821.0
22646,ID00047,10.0,443,11824.0,11834.0
22647,ID00048,602.0,443,11380.0,11982.0
22648,ID00049,12.0,443,11985.0,11997.0
22649,finish,0.0,443,13194.0,13194.0
22650,entry,0.0,444,7200,7200.0
22651,ID00000,6.0,444,13187.0,13193.0
22652,ID00001,5.0,444,13158.0,13163.0
22653,ID00002,3417.0,444,8767.0,12184.0
22654,ID00003,542.0,444,12208.0,12750.0
22655,ID00004,27.0,444,12753.0,12780.0
22656,ID00005,627.0,444,12208.0,12835.0
22657,ID00006,22.0,444,12838.0,12860.0
22658,ID00007,382.0,444,12208.0,12590.0
22659,ID00008,20.0,444,12593.0,12613.0
22660,ID00009,449.0,444,12208.0,12657.0
22661,ID00010,27.0,444,12660.0,12687.0
22662,ID00011,453.0,444,12208.0,12661.0
22663,ID00012,27.0,444,12664.0,12691.0
22664,ID00013,757.0,444,12208.0,12965.0
22665,ID00014,28.0,444,12968.0,12996.0
22666,ID00015,598.0,444,12208.0,12806.0
22667,ID00016,12.0,444,12809.0,12821.0
22668,ID00017,445.0,444,12208.0,12653.0
22669,ID00018,10.0,444,12656.0,12666.0
22670,ID00019,947.0,444,12208.0,13155.0
22671,ID00020,26.0,444,13158.0,13184.0
22672,ID00021,688.0,444,12208.0,12896.0
22673,ID00022,25.0,444,12899.0,12924.0
22674,ID00023,2589.0,444,8775.0,11364.0
22675,ID00024,1086.0,444,11380.0,12466.0
22676,ID00025,15.0,444,12469.0,12484.0
22677,ID00026,669.0,444,11380.0,12049.0
22678,ID00027,21.0,444,12052.0,12073.0
22679,ID00028,784.0,444,11380.0,12164.0
22680,ID00029,21.0,444,12167.0,12188.0
22681,ID00030,937.0,444,11380.0,12317.0
22682,ID00031,11.0,444,12320.0,12331.0
22683,ID00032,541.0,444,11380.0,11921.0
22684,ID00033,22.0,444,11924.0,11946.0
22685,ID00034,518.0,444,11380.0,11898.0
22686,ID00035,20.0,444,11901.0,11921.0
22687,ID00036,1103.0,444,11380.0,12483.0
22688,ID00037,19.0,444,12486.0,12505.0
22689,ID00038,969.0,444,11380.0,12349.0
22690,ID00039,19.0,444,12352.0,12371.0
22691,ID00040,490.0,444,11380.0,11870.0
22692,ID00041,27.0,444,11873.0,11900.0
22693,ID00042,984.0,444,11380.0,12364.0
22694,ID00043,19.0,444,12367.0,12386.0
22695,ID00044,446.0,444,11380.0,11826.0
22696,ID00045,23.0,444,11829.0,11852.0
22697,ID00046,441.0,444,11380.0,11821.0
22698,ID00047,10.0,444,11824.0,11834.0
22699,ID00048,602.0,444,11380.0,11982.0
22700,ID00049,12.0,444,11985.0,11997.0
22701,finish,0.0,444,13194.0,13194.0
22702,entry,0.0,445,7200,7200.0
22703,ID00000,165.0,445,7223.0,7388.0
22704,ID00001,165.0,445,7223.0,7388.0
22705,ID00002,166.0,445,7223.0,7389.0
22706,ID00003,166.0,445,7223.0,7389.0
22707,ID00004,163.0,445,7223.0,7386.0
22708,ID00005,166.0,445,7223.0,7389.0
22709,ID00006,164.0,445,7223.0,7387.0
22710,ID00007,166.0,445,7223.0,7389.0
22711,ID00008,129.0,445,7430.0,7559.0
22712,ID00009,128.0,445,7431.0,7559.0
22713,ID00010,126.0,445,7430.0,7556.0
22714,ID00011,128.0,445,7431.0,7559.0
22715,ID00012,129.0,445,7430.0,7559.0
22716,ID00013,126.0,445,7431.0,7557.0
22717,ID00014,128.0,445,7431.0,7559.0
22718,ID00015,128.0,445,7431.0,7559.0
22719,ID00016,127.0,445,7431.0,7558.0
22720,ID00017,125.0,445,7431.0,7556.0
22721,ID00018,129.0,445,7431.0,7560.0
22722,ID00019,127.0,445,7431.0,7558.0
22723,ID00020,126.0,445,7431.0,7557.0
22724,ID00021,129.0,445,7431.0,7560.0
22725,ID00022,127.0,445,7431.0,7558.0
22726,ID00023,129.0,445,7431.0,7560.0
22727,ID00024,126.0,445,7428.0,7554.0
22728,ID00025,127.0,445,7431.0,7558.0
22729,ID00026,130.0,445,7431.0,7561.0
22730,ID00027,126.0,445,7431.0,7557.0
22731,ID00028,128.0,445,7431.0,7559.0
22732,ID00029,128.0,445,7430.0,7558.0
22733,ID00030,128.0,445,7431.0,7559.0
22734,ID00031,128.0,445,7431.0,7559.0
22735,ID00032,127.0,445,7431.0,7558.0
22736,ID00033,127.0,445,7431.0,7558.0
22737,ID00034,127.0,445,7431.0,7558.0
22738,ID00035,127.0,445,7431.0,7558.0
22739,ID00036,27.0,445,7567.0,7594.0
22740,ID00037,64.0,445,7597.0,7661.0
22741,ID00038,131.0,445,7664.0,7795.0
22742,ID00039,129.0,445,7664.0,7793.0
22743,ID00040,131.0,445,7664.0,7795.0
22744,ID00041,128.0,445,7664.0,7792.0
22745,ID00042,126.0,445,7664.0,7790.0
22746,ID00043,128.0,445,7664.0,7792.0
22747,ID00044,129.0,445,7664.0,7793.0
22748,ID00045,129.0,445,7664.0,7793.0
22749,ID00046,30.0,445,7837.0,7867.0
22750,ID00047,59.0,445,7870.0,7929.0
22751,ID00048,59.0,445,8581.0,8640.0
22752,ID00049,6.0,445,8654.0,8660.0
22753,finish,0.0,445,8662.0,8662.0
22754,entry,0.0,446,7200,7200.0
22755,ID00000,6.0,446,13187.0,13193.0
22756,ID00001,5.0,446,13158.0,13163.0
22757,ID00002,3417.0,446,8767.0,12184.0
22758,ID00003,542.0,446,12208.0,12750.0
22759,ID00004,27.0,446,12753.0,12780.0
22760,ID00005,627.0,446,12208.0,12835.0
22761,ID00006,22.0,446,12838.0,12860.0
22762,ID00007,382.0,446,12208.0,12590.0
22763,ID00008,20.0,446,12593.0,12613.0
22764,ID00009,449.0,446,12208.0,12657.0
22765,ID00010,27.0,446,12660.0,12687.0
22766,ID00011,453.0,446,12208.0,12661.0
22767,ID00012,27.0,446,12664.0,12691.0
22768,ID00013,757.0,446,12208.0,12965.0
22769,ID00014,28.0,446,12968.0,12996.0
22770,ID00015,598.0,446,12208.0,12806.0
22771,ID00016,12.0,446,12809.0,12821.0
22772,ID00017,445.0,446,12208.0,12653.0
22773,ID00018,10.0,446,12656.0,12666.0
22774,ID00019,947.0,446,12208.0,13155.0
22775,ID00020,26.0,446,13158.0,13184.0
22776,ID00021,688.0,446,12208.0,12896.0
22777,ID00022,25.0,446,12899.0,12924.0
22778,ID00023,2589.0,446,8775.0,11364.0
22779,ID00024,1086.0,446,11380.0,12466.0
22780,ID00025,15.0,446,12469.0,12484.0
22781,ID00026,669.0,446,11380.0,12049.0
22782,ID00027,21.0,446,12052.0,12073.0
22783,ID00028,784.0,446,11380.0,12164.0
22784,ID00029,21.0,446,12167.0,12188.0
22785,ID00030,937.0,446,11380.0,12317.0
22786,ID00031,11.0,446,12320.0,12331.0
22787,ID00032,541.0,446,11380.0,11921.0
22788,ID00033,22.0,446,11924.0,11946.0
22789,ID00034,518.0,446,11380.0,11898.0
22790,ID00035,20.0,446,11901.0,11921.0
22791,ID00036,1103.0,446,11380.0,12483.0
22792,ID00037,19.0,446,12486.0,12505.0
22793,ID00038,969.0,446,11380.0,12349.0
22794,ID00039,19.0,446,12352.0,12371.0
22795,ID00040,490.0,446,11380.0,11870.0
22796,ID00041,27.0,446,11873.0,11900.0
22797,ID00042,984.0,446,11380.0,12364.0
22798,ID00043,19.0,446,12367.0,12386.0
22799,ID00044,446.0,446,11380.0,11826.0
22800,ID00045,23.0,446,11829.0,11852.0
22801,ID00046,441.0,446,11380.0,11821.0
22802,ID00047,10.0,446,11824.0,11834.0
22803,ID00048,602.0,446,11380.0,11982.0
22804,ID00049,12.0,446,11985.0,11997.0
22805,finish,0.0,446,13194.0,13194.0
22806,entry,0.0,447,7200,7200.0
22807,ID00000,3.0,447,7274.0,7277.0
22808,ID00001,3.0,447,7227.0,7230.0
22809,ID00002,3.0,447,7353.0,7356.0
22810,ID00003,3.0,447,7353.0,7356.0
22811,ID00004,3.0,447,7353.0,7356.0
22812,ID00005,3.0,447,7353.0,7356.0
22813,ID00006,3.0,447,7353.0,7356.0
22814,ID00007,3.0,447,7260.0,7263.0
22815,ID00008,3.0,447,7260.0,7263.0
22816,ID00009,3.0,447,7260.0,7263.0
22817,ID00010,3.0,447,7260.0,7263.0
22818,ID00011,3.0,447,7260.0,7263.0
22819,ID00012,3.0,447,7372.0,7375.0
22820,ID00013,3.0,447,7370.0,7373.0
22821,ID00014,3.0,447,7372.0,7375.0
22822,ID00015,3.0,447,7372.0,7375.0
22823,ID00016,3.0,447,7372.0,7375.0
22824,ID00017,3.0,447,7269.0,7272.0
22825,ID00018,3.0,447,7269.0,7272.0
22826,ID00019,3.0,447,7269.0,7272.0
22827,ID00020,3.0,447,7269.0,7272.0
22828,ID00021,3.0,447,7269.0,7272.0
22829,ID00022,3.0,447,7381.0,7384.0
22830,ID00023,3.0,447,7378.0,7381.0
22831,ID00024,3.0,447,7380.0,7383.0
22832,ID00025,3.0,447,7385.0,7388.0
22833,ID00026,3.0,447,7381.0,7384.0
22834,ID00027,3.0,447,7274.0,7277.0
22835,ID00028,3.0,447,7274.0,7277.0
22836,ID00029,3.0,447,7274.0,7277.0
22837,ID00030,3.0,447,7274.0,7277.0
22838,ID00031,3.0,447,7275.0,7278.0
22839,ID00032,172.0,447,7386.0,7558.0
22840,ID00033,230.0,447,7383.0,7613.0
22841,ID00034,125.0,447,7385.0,7510.0
22842,ID00035,175.0,447,7391.0,7566.0
22843,ID00036,163.0,447,7386.0,7549.0
22844,ID00037,178.0,447,7278.0,7456.0
22845,ID00038,217.0,447,7278.0,7495.0
22846,ID00039,175.0,447,7278.0,7453.0
22847,ID00040,181.0,447,7278.0,7459.0
22848,ID00041,158.0,447,7279.0,7437.0
22849,ID00042,3.0,447,7615.0,7618.0
22850,ID00043,3.0,447,7496.0,7499.0
22851,ID00044,3.0,447,7626.0,7629.0
22852,ID00045,3.0,447,7640.0,7643.0
22853,ID00046,62.0,447,7644.0,7706.0
22854,finish,0.0,447,7707.0,7707.0
22855,entry,0.0,448,7200,7200.0
22856,ID00000,57.0,448,7486.0,7543.0
22857,ID00001,56.0,448,7486.0,7542.0
22858,ID00002,54.0,448,7486.0,7540.0
22859,ID00003,54.0,448,7486.0,7540.0
22860,ID00004,56.0,448,7485.0,7541.0
22861,ID00005,55.0,448,7486.0,7541.0
22862,ID00006,55.0,448,7486.0,7541.0
22863,ID00007,55.0,448,7486.0,7541.0
22864,ID00008,55.0,448,7486.0,7541.0
22865,ID00009,55.0,448,7486.0,7541.0
22866,ID00010,54.0,448,7486.0,7540.0
22867,ID00011,54.0,448,7486.0,7540.0
22868,ID00012,1768.0,448,7550.0,9318.0
22869,ID00013,1486.0,448,7550.0,9036.0
22870,ID00014,1667.0,448,7548.0,9215.0
22871,ID00015,1360.0,448,7547.0,8907.0
22872,ID00016,1286.0,448,7548.0,8834.0
22873,ID00017,1598.0,448,7548.0,9146.0
22874,ID00018,880.0,448,7548.0,8428.0
22875,ID00019,1746.0,448,7548.0,9294.0
22876,ID00020,988.0,448,7548.0,8536.0
22877,ID00021,1553.0,448,7548.0,9101.0
22878,ID00022,2027.0,448,7548.0,9575.0
22879,ID00023,1807.0,448,7547.0,9354.0
22880,ID00024,17.0,448,9578.0,9595.0
22881,ID00025,15.0,448,9598.0,9613.0
22882,ID00026,15.0,448,9598.0,9613.0
22883,ID00027,16.0,448,9598.0,9614.0
22884,ID00028,14.0,448,9598.0,9612.0
22885,ID00029,18.0,448,9598.0,9616.0
22886,ID00030,17.0,448,9598.0,9615.0
22887,ID00031,17.0,448,9598.0,9615.0
22888,ID00032,16.0,448,9598.0,9614.0
22889,ID00033,16.0,448,9598.0,9614.0
22890,ID00034,17.0,448,9598.0,9615.0
22891,ID00035,15.0,448,9598.0,9613.0
22892,ID00036,13.0,448,9598.0,9611.0
22893,ID00037,1607.0,448,9616.0,11223.0
22894,ID00038,1213.0,448,9616.0,10829.0
22895,ID00039,1186.0,448,9617.0,10803.0
22896,ID00040,1749.0,448,9615.0,11364.0
22897,ID00041,1473.0,448,9619.0,11092.0
22898,ID00042,1670.0,448,9618.0,11288.0
22899,ID00043,1139.0,448,9618.0,10757.0
22900,ID00044,1855.0,448,9617.0,11472.0
22901,ID00045,2015.0,448,9617.0,11632.0
22902,ID00046,2007.0,448,9618.0,11625.0
22903,ID00047,1767.0,448,9616.0,11383.0
22904,ID00048,911.0,448,9614.0,10525.0
22905,ID00049,16.0,448,11635.0,11651.0
22906,finish,0.0,448,11652.0,11652.0
22907,entry,0.0,449,7200,7200.0
22908,ID00000,3.0,449,7208.0,7211.0
22909,ID00001,3.0,449,7204.0,7207.0
22910,ID00002,3.0,449,7204.0,7207.0
22911,ID00003,3.0,449,7204.0,7207.0
22912,ID00004,3.0,449,7204.0,7207.0
22913,ID00005,3.0,449,7204.0,7207.0
22914,ID00006,3.0,449,7204.0,7207.0
22915,ID00007,3.0,449,7204.0,7207.0
22916,ID00008,3.0,449,7204.0,7207.0
22917,ID00009,3.0,449,7204.0,7207.0
22918,ID00010,3.0,449,7204.0,7207.0
22919,ID00011,3.0,449,7204.0,7207.0
22920,ID00012,3.0,449,7204.0,7207.0
22921,ID00013,497.0,449,7202.0,7699.0
22922,ID00014,10.0,449,7202.0,7212.0
22923,ID00015,20.0,449,7203.0,7223.0
22924,ID00016,468.0,449,8104.0,8572.0
22925,ID00017,134.0,449,8575.0,8709.0
22926,ID00018,3.0,449,8723.0,8726.0
22927,ID00019,3.0,449,8723.0,8726.0
22928,ID00020,329.0,449,8723.0,9052.0
22929,ID00021,9.0,449,8727.0,8736.0
22930,ID00022,3.0,449,8723.0,8726.0
22931,ID00023,3.0,449,9060.0,9063.0
22932,ID00025,3.0,449,7208.0,7211.0
22933,ID00026,3.0,449,7204.0,7207.0
22934,ID00027,3.0,449,7204.0,7207.0
22935,ID00028,3.0,449,7204.0,7207.0
22936,ID00029,3.0,449,7204.0,7207.0
22937,ID00030,3.0,449,7204.0,7207.0
22938,ID00031,3.0,449,7204.0,7207.0
22939,ID00032,3.0,449,7204.0,7207.0
22940,ID00033,3.0,449,7204.0,7207.0
22941,ID00034,3.0,449,7204.0,7207.0
22942,ID00035,3.0,449,7204.0,7207.0
22943,ID00036,3.0,449,7204.0,7207.0
22944,ID00037,3.0,449,7204.0,7207.0
22945,ID00038,277.0,449,7202.0,7479.0
22946,ID00039,10.0,449,7202.0,7212.0
22947,ID00040,9.0,449,7203.0,7212.0
22948,ID00041,626.0,449,8108.0,8734.0
22949,ID00042,46.0,449,8737.0,8783.0
22950,ID00043,3.0,449,8797.0,8800.0
22951,ID00044,3.0,449,8797.0,8800.0
22952,ID00045,319.0,449,8797.0,9116.0
22953,ID00046,9.0,449,8801.0,8810.0
22954,ID00047,3.0,449,8797.0,8800.0
22955,ID00048,3.0,449,9124.0,9127.0
22956,finish,0.0,449,9135.0,9135.0
22957,entry,0.0,450,8100,8100.0
22958,ID00000,3.0,450,8174.0,8177.0
22959,ID00001,3.0,450,8127.0,8130.0
22960,ID00002,3.0,450,8253.0,8256.0
22961,ID00003,3.0,450,8253.0,8256.0
22962,ID00004,3.0,450,8253.0,8256.0
22963,ID00005,3.0,450,8253.0,8256.0
22964,ID00006,3.0,450,8253.0,8256.0
22965,ID00007,3.0,450,8160.0,8163.0
22966,ID00008,3.0,450,8160.0,8163.0
22967,ID00009,3.0,450,8160.0,8163.0
22968,ID00010,3.0,450,8160.0,8163.0
22969,ID00011,3.0,450,8160.0,8163.0
22970,ID00012,3.0,450,8272.0,8275.0
22971,ID00013,3.0,450,8270.0,8273.0
22972,ID00014,3.0,450,8272.0,8275.0
22973,ID00015,3.0,450,8272.0,8275.0
22974,ID00016,3.0,450,8272.0,8275.0
22975,ID00017,3.0,450,8169.0,8172.0
22976,ID00018,3.0,450,8169.0,8172.0
22977,ID00019,3.0,450,8169.0,8172.0
22978,ID00020,3.0,450,8169.0,8172.0
22979,ID00021,3.0,450,8169.0,8172.0
22980,ID00022,3.0,450,8281.0,8284.0
22981,ID00023,3.0,450,8278.0,8281.0
22982,ID00024,3.0,450,8280.0,8283.0
22983,ID00025,3.0,450,8285.0,8288.0
22984,ID00026,3.0,450,8281.0,8284.0
22985,ID00027,3.0,450,8174.0,8177.0
22986,ID00028,3.0,450,8174.0,8177.0
22987,ID00029,3.0,450,8174.0,8177.0
22988,ID00030,3.0,450,8174.0,8177.0
22989,ID00031,3.0,450,8175.0,8178.0
22990,ID00032,172.0,450,8286.0,8458.0
22991,ID00033,230.0,450,8283.0,8513.0
22992,ID00034,125.0,450,8285.0,8410.0
22993,ID00035,175.0,450,8291.0,8466.0
22994,ID00036,163.0,450,8286.0,8449.0
22995,ID00037,178.0,450,8178.0,8356.0
22996,ID00038,217.0,450,8178.0,8395.0
22997,ID00039,175.0,450,8178.0,8353.0
22998,ID00040,181.0,450,8178.0,8359.0
22999,ID00041,158.0,450,8179.0,8337.0
23000,ID00042,3.0,450,8515.0,8518.0
23001,ID00043,3.0,450,8396.0,8399.0
23002,ID00044,3.0,450,8526.0,8529.0
23003,ID00045,3.0,450,8540.0,8543.0
23004,ID00046,62.0,450,8544.0,8606.0
23005,finish,0.0,450,8607.0,8607.0
23006,entry,0.0,451,8100,8100.0
23007,ID00000,3.0,451,8108.0,8111.0
23008,ID00001,3.0,451,8104.0,8107.0
23009,ID00002,3.0,451,8104.0,8107.0
23010,ID00003,3.0,451,8104.0,8107.0
23011,ID00004,3.0,451,8104.0,8107.0
23012,ID00005,3.0,451,8104.0,8107.0
23013,ID00006,3.0,451,8104.0,8107.0
23014,ID00007,3.0,451,8104.0,8107.0
23015,ID00008,3.0,451,8104.0,8107.0
23016,ID00009,3.0,451,8104.0,8107.0
23017,ID00010,3.0,451,8104.0,8107.0
23018,ID00011,3.0,451,8104.0,8107.0
23019,ID00012,3.0,451,8104.0,8107.0
23020,ID00013,497.0,451,8102.0,8599.0
23021,ID00014,10.0,451,8102.0,8112.0
23022,ID00015,20.0,451,8103.0,8123.0
23023,ID00016,468.0,451,9004.0,9472.0
23024,ID00017,134.0,451,9475.0,9609.0
23025,ID00018,3.0,451,9623.0,9626.0
23026,ID00019,3.0,451,9623.0,9626.0
23027,ID00020,329.0,451,9623.0,9952.0
23028,ID00021,9.0,451,9627.0,9636.0
23029,ID00022,3.0,451,9623.0,9626.0
23030,ID00023,3.0,451,9960.0,9963.0
23031,ID00025,3.0,451,8108.0,8111.0
23032,ID00026,3.0,451,8104.0,8107.0
23033,ID00027,3.0,451,8104.0,8107.0
23034,ID00028,3.0,451,8104.0,8107.0
23035,ID00029,3.0,451,8104.0,8107.0
23036,ID00030,3.0,451,8104.0,8107.0
23037,ID00031,3.0,451,8104.0,8107.0
23038,ID00032,3.0,451,8104.0,8107.0
23039,ID00033,3.0,451,8104.0,8107.0
23040,ID00034,3.0,451,8104.0,8107.0
23041,ID00035,3.0,451,8104.0,8107.0
23042,ID00036,3.0,451,8104.0,8107.0
23043,ID00037,3.0,451,8104.0,8107.0
23044,ID00038,277.0,451,8102.0,8379.0
23045,ID00039,10.0,451,8102.0,8112.0
23046,ID00040,9.0,451,8103.0,8112.0
23047,ID00041,626.0,451,9008.0,9634.0
23048,ID00042,46.0,451,9637.0,9683.0
23049,ID00043,3.0,451,9697.0,9700.0
23050,ID00044,3.0,451,9697.0,9700.0
23051,ID00045,319.0,451,9697.0,10016.0
23052,ID00046,9.0,451,9701.0,9710.0
23053,ID00047,3.0,451,9697.0,9700.0
23054,ID00048,3.0,451,10024.0,10027.0
23055,finish,0.0,451,10035.0,10035.0
23056,entry,0.0,452,8100,8100.0
23057,ID00000,165.0,452,8123.0,8288.0
23058,ID00001,165.0,452,8123.0,8288.0
23059,ID00002,166.0,452,8123.0,8289.0
23060,ID00003,166.0,452,8123.0,8289.0
23061,ID00004,163.0,452,8123.0,8286.0
23062,ID00005,166.0,452,8123.0,8289.0
23063,ID00006,164.0,452,8123.0,8287.0
23064,ID00007,166.0,452,8123.0,8289.0
23065,ID00008,129.0,452,8330.0,8459.0
23066,ID00009,128.0,452,8331.0,8459.0
23067,ID00010,126.0,452,8330.0,8456.0
23068,ID00011,128.0,452,8331.0,8459.0
23069,ID00012,129.0,452,8330.0,8459.0
23070,ID00013,126.0,452,8331.0,8457.0
23071,ID00014,128.0,452,8331.0,8459.0
23072,ID00015,128.0,452,8331.0,8459.0
23073,ID00016,127.0,452,8331.0,8458.0
23074,ID00017,125.0,452,8331.0,8456.0
23075,ID00018,129.0,452,8331.0,8460.0
23076,ID00019,127.0,452,8331.0,8458.0
23077,ID00020,126.0,452,8331.0,8457.0
23078,ID00021,129.0,452,8331.0,8460.0
23079,ID00022,127.0,452,8331.0,8458.0
23080,ID00023,129.0,452,8331.0,8460.0
23081,ID00024,126.0,452,8328.0,8454.0
23082,ID00025,127.0,452,8331.0,8458.0
23083,ID00026,130.0,452,8331.0,8461.0
23084,ID00027,126.0,452,8331.0,8457.0
23085,ID00028,128.0,452,8331.0,8459.0
23086,ID00029,128.0,452,8330.0,8458.0
23087,ID00030,128.0,452,8331.0,8459.0
23088,ID00031,128.0,452,8331.0,8459.0
23089,ID00032,127.0,452,8331.0,8458.0
23090,ID00033,127.0,452,8331.0,8458.0
23091,ID00034,127.0,452,8331.0,8458.0
23092,ID00035,127.0,452,8331.0,8458.0
23093,ID00036,27.0,452,8467.0,8494.0
23094,ID00037,64.0,452,8497.0,8561.0
23095,ID00038,131.0,452,8564.0,8695.0
23096,ID00039,129.0,452,8564.0,8693.0
23097,ID00040,131.0,452,8564.0,8695.0
23098,ID00041,128.0,452,8564.0,8692.0
23099,ID00042,126.0,452,8564.0,8690.0
23100,ID00043,128.0,452,8564.0,8692.0
23101,ID00044,129.0,452,8564.0,8693.0
23102,ID00045,129.0,452,8564.0,8693.0
23103,ID00046,30.0,452,8737.0,8767.0
23104,ID00047,59.0,452,8770.0,8829.0
23105,ID00048,59.0,452,9481.0,9540.0
23106,ID00049,6.0,452,9554.0,9560.0
23107,finish,0.0,452,9562.0,9562.0
23108,entry,0.0,453,8100,8100.0
23109,ID00000,165.0,453,8123.0,8288.0
23110,ID00001,165.0,453,8123.0,8288.0
23111,ID00002,166.0,453,8123.0,8289.0
23112,ID00003,166.0,453,8123.0,8289.0
23113,ID00004,163.0,453,8123.0,8286.0
23114,ID00005,166.0,453,8123.0,8289.0
23115,ID00006,164.0,453,8123.0,8287.0
23116,ID00007,166.0,453,8123.0,8289.0
23117,ID00008,129.0,453,8330.0,8459.0
23118,ID00009,128.0,453,8331.0,8459.0
23119,ID00010,126.0,453,8330.0,8456.0
23120,ID00011,128.0,453,8331.0,8459.0
23121,ID00012,129.0,453,8330.0,8459.0
23122,ID00013,126.0,453,8331.0,8457.0
23123,ID00014,128.0,453,8331.0,8459.0
23124,ID00015,128.0,453,8331.0,8459.0
23125,ID00016,127.0,453,8331.0,8458.0
23126,ID00017,125.0,453,8331.0,8456.0
23127,ID00018,129.0,453,8331.0,8460.0
23128,ID00019,127.0,453,8331.0,8458.0
23129,ID00020,126.0,453,8331.0,8457.0
23130,ID00021,129.0,453,8331.0,8460.0
23131,ID00022,127.0,453,8331.0,8458.0
23132,ID00023,129.0,453,8331.0,8460.0
23133,ID00024,126.0,453,8328.0,8454.0
23134,ID00025,127.0,453,8331.0,8458.0
23135,ID00026,130.0,453,8331.0,8461.0
23136,ID00027,126.0,453,8331.0,8457.0
23137,ID00028,128.0,453,8331.0,8459.0
23138,ID00029,128.0,453,8330.0,8458.0
23139,ID00030,128.0,453,8331.0,8459.0
23140,ID00031,128.0,453,8331.0,8459.0
23141,ID00032,127.0,453,8331.0,8458.0
23142,ID00033,127.0,453,8331.0,8458.0
23143,ID00034,127.0,453,8331.0,8458.0
23144,ID00035,127.0,453,8331.0,8458.0
23145,ID00036,27.0,453,8467.0,8494.0
23146,ID00037,64.0,453,8497.0,8561.0
23147,ID00038,131.0,453,8564.0,8695.0
23148,ID00039,129.0,453,8564.0,8693.0
23149,ID00040,131.0,453,8564.0,8695.0
23150,ID00041,128.0,453,8564.0,8692.0
23151,ID00042,126.0,453,8564.0,8690.0
23152,ID00043,128.0,453,8564.0,8692.0
23153,ID00044,129.0,453,8564.0,8693.0
23154,ID00045,129.0,453,8564.0,8693.0
23155,ID00046,30.0,453,8737.0,8767.0
23156,ID00047,59.0,453,8770.0,8829.0
23157,ID00048,59.0,453,9481.0,9540.0
23158,ID00049,6.0,453,9554.0,9560.0
23159,finish,0.0,453,9562.0,9562.0
23160,entry,0.0,454,8100,8100.0
23161,ID00000,6.0,454,14087.0,14093.0
23162,ID00001,5.0,454,14058.0,14063.0
23163,ID00002,3417.0,454,9667.0,13084.0
23164,ID00003,542.0,454,13108.0,13650.0
23165,ID00004,27.0,454,13653.0,13680.0
23166,ID00005,627.0,454,13108.0,13735.0
23167,ID00006,22.0,454,13738.0,13760.0
23168,ID00007,382.0,454,13108.0,13490.0
23169,ID00008,20.0,454,13493.0,13513.0
23170,ID00009,449.0,454,13108.0,13557.0
23171,ID00010,27.0,454,13560.0,13587.0
23172,ID00011,453.0,454,13108.0,13561.0
23173,ID00012,27.0,454,13564.0,13591.0
23174,ID00013,757.0,454,13108.0,13865.0
23175,ID00014,28.0,454,13868.0,13896.0
23176,ID00015,598.0,454,13108.0,13706.0
23177,ID00016,12.0,454,13709.0,13721.0
23178,ID00017,445.0,454,13108.0,13553.0
23179,ID00018,10.0,454,13556.0,13566.0
23180,ID00019,947.0,454,13108.0,14055.0
23181,ID00020,26.0,454,14058.0,14084.0
23182,ID00021,688.0,454,13108.0,13796.0
23183,ID00022,25.0,454,13799.0,13824.0
23184,ID00023,2589.0,454,9675.0,12264.0
23185,ID00024,1086.0,454,12280.0,13366.0
23186,ID00025,15.0,454,13369.0,13384.0
23187,ID00026,669.0,454,12280.0,12949.0
23188,ID00027,21.0,454,12952.0,12973.0
23189,ID00028,784.0,454,12280.0,13064.0
23190,ID00029,21.0,454,13067.0,13088.0
23191,ID00030,937.0,454,12280.0,13217.0
23192,ID00031,11.0,454,13220.0,13231.0
23193,ID00032,541.0,454,12280.0,12821.0
23194,ID00033,22.0,454,12824.0,12846.0
23195,ID00034,518.0,454,12280.0,12798.0
23196,ID00035,20.0,454,12801.0,12821.0
23197,ID00036,1103.0,454,12280.0,13383.0
23198,ID00037,19.0,454,13386.0,13405.0
23199,ID00038,969.0,454,12280.0,13249.0
23200,ID00039,19.0,454,13252.0,13271.0
23201,ID00040,490.0,454,12280.0,12770.0
23202,ID00041,27.0,454,12773.0,12800.0
23203,ID00042,984.0,454,12280.0,13264.0
23204,ID00043,19.0,454,13267.0,13286.0
23205,ID00044,446.0,454,12280.0,12726.0
23206,ID00045,23.0,454,12729.0,12752.0
23207,ID00046,441.0,454,12280.0,12721.0
23208,ID00047,10.0,454,12724.0,12734.0
23209,ID00048,602.0,454,12280.0,12882.0
23210,ID00049,12.0,454,12885.0,12897.0
23211,finish,0.0,454,14094.0,14094.0
23212,entry,0.0,455,8100,8100.0
23213,ID00000,3.0,455,8174.0,8177.0
23214,ID00001,3.0,455,8127.0,8130.0
23215,ID00002,3.0,455,8253.0,8256.0
23216,ID00003,3.0,455,8253.0,8256.0
23217,ID00004,3.0,455,8253.0,8256.0
23218,ID00005,3.0,455,8253.0,8256.0
23219,ID00006,3.0,455,8253.0,8256.0
23220,ID00007,3.0,455,8160.0,8163.0
23221,ID00008,3.0,455,8160.0,8163.0
23222,ID00009,3.0,455,8160.0,8163.0
23223,ID00010,3.0,455,8160.0,8163.0
23224,ID00011,3.0,455,8160.0,8163.0
23225,ID00012,3.0,455,8272.0,8275.0
23226,ID00013,3.0,455,8270.0,8273.0
23227,ID00014,3.0,455,8272.0,8275.0
23228,ID00015,3.0,455,8272.0,8275.0
23229,ID00016,3.0,455,8272.0,8275.0
23230,ID00017,3.0,455,8169.0,8172.0
23231,ID00018,3.0,455,8169.0,8172.0
23232,ID00019,3.0,455,8169.0,8172.0
23233,ID00020,3.0,455,8169.0,8172.0
23234,ID00021,3.0,455,8169.0,8172.0
23235,ID00022,3.0,455,8281.0,8284.0
23236,ID00023,3.0,455,8278.0,8281.0
23237,ID00024,3.0,455,8280.0,8283.0
23238,ID00025,3.0,455,8285.0,8288.0
23239,ID00026,3.0,455,8281.0,8284.0
23240,ID00027,3.0,455,8174.0,8177.0
23241,ID00028,3.0,455,8174.0,8177.0
23242,ID00029,3.0,455,8174.0,8177.0
23243,ID00030,3.0,455,8174.0,8177.0
23244,ID00031,3.0,455,8175.0,8178.0
23245,ID00032,172.0,455,8286.0,8458.0
23246,ID00033,230.0,455,8283.0,8513.0
23247,ID00034,125.0,455,8285.0,8410.0
23248,ID00035,175.0,455,8291.0,8466.0
23249,ID00036,163.0,455,8286.0,8449.0
23250,ID00037,178.0,455,8178.0,8356.0
23251,ID00038,217.0,455,8178.0,8395.0
23252,ID00039,175.0,455,8178.0,8353.0
23253,ID00040,181.0,455,8178.0,8359.0
23254,ID00041,158.0,455,8179.0,8337.0
23255,ID00042,3.0,455,8515.0,8518.0
23256,ID00043,3.0,455,8396.0,8399.0
23257,ID00044,3.0,455,8526.0,8529.0
23258,ID00045,3.0,455,8540.0,8543.0
23259,ID00046,62.0,455,8544.0,8606.0
23260,finish,0.0,455,8607.0,8607.0
23261,entry,0.0,456,8100,8100.0
23262,ID00000,165.0,456,8123.0,8288.0
23263,ID00001,165.0,456,8123.0,8288.0
23264,ID00002,166.0,456,8123.0,8289.0
23265,ID00003,166.0,456,8123.0,8289.0
23266,ID00004,163.0,456,8123.0,8286.0
23267,ID00005,166.0,456,8123.0,8289.0
23268,ID00006,164.0,456,8123.0,8287.0
23269,ID00007,166.0,456,8123.0,8289.0
23270,ID00008,129.0,456,8330.0,8459.0
23271,ID00009,128.0,456,8331.0,8459.0
23272,ID00010,126.0,456,8330.0,8456.0
23273,ID00011,128.0,456,8331.0,8459.0
23274,ID00012,129.0,456,8330.0,8459.0
23275,ID00013,126.0,456,8331.0,8457.0
23276,ID00014,128.0,456,8331.0,8459.0
23277,ID00015,128.0,456,8331.0,8459.0
23278,ID00016,127.0,456,8331.0,8458.0
23279,ID00017,125.0,456,8331.0,8456.0
23280,ID00018,129.0,456,8331.0,8460.0
23281,ID00019,127.0,456,8331.0,8458.0
23282,ID00020,126.0,456,8331.0,8457.0
23283,ID00021,129.0,456,8331.0,8460.0
23284,ID00022,127.0,456,8331.0,8458.0
23285,ID00023,129.0,456,8331.0,8460.0
23286,ID00024,126.0,456,8328.0,8454.0
23287,ID00025,127.0,456,8331.0,8458.0
23288,ID00026,130.0,456,8331.0,8461.0
23289,ID00027,126.0,456,8331.0,8457.0
23290,ID00028,128.0,456,8331.0,8459.0
23291,ID00029,128.0,456,8330.0,8458.0
23292,ID00030,128.0,456,8331.0,8459.0
23293,ID00031,128.0,456,8331.0,8459.0
23294,ID00032,127.0,456,8331.0,8458.0
23295,ID00033,127.0,456,8331.0,8458.0
23296,ID00034,127.0,456,8331.0,8458.0
23297,ID00035,127.0,456,8331.0,8458.0
23298,ID00036,27.0,456,8467.0,8494.0
23299,ID00037,64.0,456,8497.0,8561.0
23300,ID00038,131.0,456,8564.0,8695.0
23301,ID00039,129.0,456,8564.0,8693.0
23302,ID00040,131.0,456,8564.0,8695.0
23303,ID00041,128.0,456,8564.0,8692.0
23304,ID00042,126.0,456,8564.0,8690.0
23305,ID00043,128.0,456,8564.0,8692.0
23306,ID00044,129.0,456,8564.0,8693.0
23307,ID00045,129.0,456,8564.0,8693.0
23308,ID00046,30.0,456,8737.0,8767.0
23309,ID00047,59.0,456,8770.0,8829.0
23310,ID00048,59.0,456,9481.0,9540.0
23311,ID00049,6.0,456,9554.0,9560.0
23312,finish,0.0,456,9562.0,9562.0
23313,entry,0.0,457,8100,8100.0
23314,ID00000,3.0,457,8108.0,8111.0
23315,ID00001,3.0,457,8104.0,8107.0
23316,ID00002,3.0,457,8104.0,8107.0
23317,ID00003,3.0,457,8104.0,8107.0
23318,ID00004,3.0,457,8104.0,8107.0
23319,ID00005,3.0,457,8104.0,8107.0
23320,ID00006,3.0,457,8104.0,8107.0
23321,ID00007,3.0,457,8104.0,8107.0
23322,ID00008,3.0,457,8104.0,8107.0
23323,ID00009,3.0,457,8104.0,8107.0
23324,ID00010,3.0,457,8104.0,8107.0
23325,ID00011,3.0,457,8104.0,8107.0
23326,ID00012,3.0,457,8104.0,8107.0
23327,ID00013,497.0,457,8102.0,8599.0
23328,ID00014,10.0,457,8102.0,8112.0
23329,ID00015,20.0,457,8103.0,8123.0
23330,ID00016,468.0,457,9004.0,9472.0
23331,ID00017,134.0,457,9475.0,9609.0
23332,ID00018,3.0,457,9623.0,9626.0
23333,ID00019,3.0,457,9623.0,9626.0
23334,ID00020,329.0,457,9623.0,9952.0
23335,ID00021,9.0,457,9627.0,9636.0
23336,ID00022,3.0,457,9623.0,9626.0
23337,ID00023,3.0,457,9960.0,9963.0
23338,ID00025,3.0,457,8108.0,8111.0
23339,ID00026,3.0,457,8104.0,8107.0
23340,ID00027,3.0,457,8104.0,8107.0
23341,ID00028,3.0,457,8104.0,8107.0
23342,ID00029,3.0,457,8104.0,8107.0
23343,ID00030,3.0,457,8104.0,8107.0
23344,ID00031,3.0,457,8104.0,8107.0
23345,ID00032,3.0,457,8104.0,8107.0
23346,ID00033,3.0,457,8104.0,8107.0
23347,ID00034,3.0,457,8104.0,8107.0
23348,ID00035,3.0,457,8104.0,8107.0
23349,ID00036,3.0,457,8104.0,8107.0
23350,ID00037,3.0,457,8104.0,8107.0
23351,ID00038,277.0,457,8102.0,8379.0
23352,ID00039,10.0,457,8102.0,8112.0
23353,ID00040,9.0,457,8103.0,8112.0
23354,ID00041,626.0,457,9008.0,9634.0
23355,ID00042,46.0,457,9637.0,9683.0
23356,ID00043,3.0,457,9697.0,9700.0
23357,ID00044,3.0,457,9697.0,9700.0
23358,ID00045,319.0,457,9697.0,10016.0
23359,ID00046,9.0,457,9701.0,9710.0
23360,ID00047,3.0,457,9697.0,9700.0
23361,ID00048,3.0,457,10024.0,10027.0
23362,finish,0.0,457,10035.0,10035.0
23363,entry,0.0,458,8100,8100.0
23364,ID00000,165.0,458,8123.0,8288.0
23365,ID00001,165.0,458,8123.0,8288.0
23366,ID00002,166.0,458,8123.0,8289.0
23367,ID00003,166.0,458,8123.0,8289.0
23368,ID00004,163.0,458,8123.0,8286.0
23369,ID00005,166.0,458,8123.0,8289.0
23370,ID00006,164.0,458,8123.0,8287.0
23371,ID00007,166.0,458,8123.0,8289.0
23372,ID00008,129.0,458,8330.0,8459.0
23373,ID00009,128.0,458,8331.0,8459.0
23374,ID00010,126.0,458,8330.0,8456.0
23375,ID00011,128.0,458,8331.0,8459.0
23376,ID00012,129.0,458,8330.0,8459.0
23377,ID00013,126.0,458,8331.0,8457.0
23378,ID00014,128.0,458,8331.0,8459.0
23379,ID00015,128.0,458,8331.0,8459.0
23380,ID00016,127.0,458,8331.0,8458.0
23381,ID00017,125.0,458,8331.0,8456.0
23382,ID00018,129.0,458,8331.0,8460.0
23383,ID00019,127.0,458,8331.0,8458.0
23384,ID00020,126.0,458,8331.0,8457.0
23385,ID00021,129.0,458,8331.0,8460.0
23386,ID00022,127.0,458,8331.0,8458.0
23387,ID00023,129.0,458,8331.0,8460.0
23388,ID00024,126.0,458,8328.0,8454.0
23389,ID00025,127.0,458,8331.0,8458.0
23390,ID00026,130.0,458,8331.0,8461.0
23391,ID00027,126.0,458,8331.0,8457.0
23392,ID00028,128.0,458,8331.0,8459.0
23393,ID00029,128.0,458,8330.0,8458.0
23394,ID00030,128.0,458,8331.0,8459.0
23395,ID00031,128.0,458,8331.0,8459.0
23396,ID00032,127.0,458,8331.0,8458.0
23397,ID00033,127.0,458,8331.0,8458.0
23398,ID00034,127.0,458,8331.0,8458.0
23399,ID00035,127.0,458,8331.0,8458.0
23400,ID00036,27.0,458,8467.0,8494.0
23401,ID00037,64.0,458,8497.0,8561.0
23402,ID00038,131.0,458,8564.0,8695.0
23403,ID00039,129.0,458,8564.0,8693.0
23404,ID00040,131.0,458,8564.0,8695.0
23405,ID00041,128.0,458,8564.0,8692.0
23406,ID00042,126.0,458,8564.0,8690.0
23407,ID00043,128.0,458,8564.0,8692.0
23408,ID00044,129.0,458,8564.0,8693.0
23409,ID00045,129.0,458,8564.0,8693.0
23410,ID00046,30.0,458,8737.0,8767.0
23411,ID00047,59.0,458,8770.0,8829.0
23412,ID00048,59.0,458,9481.0,9540.0
23413,ID00049,6.0,458,9554.0,9560.0
23414,finish,0.0,458,9562.0,9562.0
23415,entry,0.0,459,8100,8100.0
23416,ID00000,3.0,459,8174.0,8177.0
23417,ID00001,3.0,459,8127.0,8130.0
23418,ID00002,3.0,459,8253.0,8256.0
23419,ID00003,3.0,459,8253.0,8256.0
23420,ID00004,3.0,459,8253.0,8256.0
23421,ID00005,3.0,459,8253.0,8256.0
23422,ID00006,3.0,459,8253.0,8256.0
23423,ID00007,3.0,459,8160.0,8163.0
23424,ID00008,3.0,459,8160.0,8163.0
23425,ID00009,3.0,459,8160.0,8163.0
23426,ID00010,3.0,459,8160.0,8163.0
23427,ID00011,3.0,459,8160.0,8163.0
23428,ID00012,3.0,459,8272.0,8275.0
23429,ID00013,3.0,459,8270.0,8273.0
23430,ID00014,3.0,459,8272.0,8275.0
23431,ID00015,3.0,459,8272.0,8275.0
23432,ID00016,3.0,459,8272.0,8275.0
23433,ID00017,3.0,459,8169.0,8172.0
23434,ID00018,3.0,459,8169.0,8172.0
23435,ID00019,3.0,459,8169.0,8172.0
23436,ID00020,3.0,459,8169.0,8172.0
23437,ID00021,3.0,459,8169.0,8172.0
23438,ID00022,3.0,459,8281.0,8284.0
23439,ID00023,3.0,459,8278.0,8281.0
23440,ID00024,3.0,459,8280.0,8283.0
23441,ID00025,3.0,459,8285.0,8288.0
23442,ID00026,3.0,459,8281.0,8284.0
23443,ID00027,3.0,459,8174.0,8177.0
23444,ID00028,3.0,459,8174.0,8177.0
23445,ID00029,3.0,459,8174.0,8177.0
23446,ID00030,3.0,459,8174.0,8177.0
23447,ID00031,3.0,459,8175.0,8178.0
23448,ID00032,172.0,459,8286.0,8458.0
23449,ID00033,230.0,459,8283.0,8513.0
23450,ID00034,125.0,459,8285.0,8410.0
23451,ID00035,175.0,459,8291.0,8466.0
23452,ID00036,163.0,459,8286.0,8449.0
23453,ID00037,178.0,459,8178.0,8356.0
23454,ID00038,217.0,459,8178.0,8395.0
23455,ID00039,175.0,459,8178.0,8353.0
23456,ID00040,181.0,459,8178.0,8359.0
23457,ID00041,158.0,459,8179.0,8337.0
23458,ID00042,3.0,459,8515.0,8518.0
23459,ID00043,3.0,459,8396.0,8399.0
23460,ID00044,3.0,459,8526.0,8529.0
23461,ID00045,3.0,459,8540.0,8543.0
23462,ID00046,62.0,459,8544.0,8606.0
23463,finish,0.0,459,8607.0,8607.0
23464,entry,0.0,460,8100,8100.0
23465,ID00000,165.0,460,8123.0,8288.0
23466,ID00001,165.0,460,8123.0,8288.0
23467,ID00002,166.0,460,8123.0,8289.0
23468,ID00003,166.0,460,8123.0,8289.0
23469,ID00004,163.0,460,8123.0,8286.0
23470,ID00005,166.0,460,8123.0,8289.0
23471,ID00006,164.0,460,8123.0,8287.0
23472,ID00007,166.0,460,8123.0,8289.0
23473,ID00008,129.0,460,8330.0,8459.0
23474,ID00009,128.0,460,8331.0,8459.0
23475,ID00010,126.0,460,8330.0,8456.0
23476,ID00011,128.0,460,8331.0,8459.0
23477,ID00012,129.0,460,8330.0,8459.0
23478,ID00013,126.0,460,8331.0,8457.0
23479,ID00014,128.0,460,8331.0,8459.0
23480,ID00015,128.0,460,8331.0,8459.0
23481,ID00016,127.0,460,8331.0,8458.0
23482,ID00017,125.0,460,8331.0,8456.0
23483,ID00018,129.0,460,8331.0,8460.0
23484,ID00019,127.0,460,8331.0,8458.0
23485,ID00020,126.0,460,8331.0,8457.0
23486,ID00021,129.0,460,8331.0,8460.0
23487,ID00022,127.0,460,8331.0,8458.0
23488,ID00023,129.0,460,8331.0,8460.0
23489,ID00024,126.0,460,8328.0,8454.0
23490,ID00025,127.0,460,8331.0,8458.0
23491,ID00026,130.0,460,8331.0,8461.0
23492,ID00027,126.0,460,8331.0,8457.0
23493,ID00028,128.0,460,8331.0,8459.0
23494,ID00029,128.0,460,8330.0,8458.0
23495,ID00030,128.0,460,8331.0,8459.0
23496,ID00031,128.0,460,8331.0,8459.0
23497,ID00032,127.0,460,8331.0,8458.0
23498,ID00033,127.0,460,8331.0,8458.0
23499,ID00034,127.0,460,8331.0,8458.0
23500,ID00035,127.0,460,8331.0,8458.0
23501,ID00036,27.0,460,8467.0,8494.0
23502,ID00037,64.0,460,8497.0,8561.0
23503,ID00038,131.0,460,8564.0,8695.0
23504,ID00039,129.0,460,8564.0,8693.0
23505,ID00040,131.0,460,8564.0,8695.0
23506,ID00041,128.0,460,8564.0,8692.0
23507,ID00042,126.0,460,8564.0,8690.0
23508,ID00043,128.0,460,8564.0,8692.0
23509,ID00044,129.0,460,8564.0,8693.0
23510,ID00045,129.0,460,8564.0,8693.0
23511,ID00046,30.0,460,8737.0,8767.0
23512,ID00047,59.0,460,8770.0,8829.0
23513,ID00048,59.0,460,9481.0,9540.0
23514,ID00049,6.0,460,9554.0,9560.0
23515,finish,0.0,460,9562.0,9562.0
23516,entry,0.0,461,8100,8100.0
23517,ID00000,57.0,461,8386.0,8443.0
23518,ID00001,56.0,461,8386.0,8442.0
23519,ID00002,54.0,461,8386.0,8440.0
23520,ID00003,54.0,461,8386.0,8440.0
23521,ID00004,56.0,461,8385.0,8441.0
23522,ID00005,55.0,461,8386.0,8441.0
23523,ID00006,55.0,461,8386.0,8441.0
23524,ID00007,55.0,461,8386.0,8441.0
23525,ID00008,55.0,461,8386.0,8441.0
23526,ID00009,55.0,461,8386.0,8441.0
23527,ID00010,54.0,461,8386.0,8440.0
23528,ID00011,54.0,461,8386.0,8440.0
23529,ID00012,1768.0,461,8450.0,10218.0
23530,ID00013,1486.0,461,8450.0,9936.0
23531,ID00014,1667.0,461,8448.0,10115.0
23532,ID00015,1360.0,461,8447.0,9807.0
23533,ID00016,1286.0,461,8448.0,9734.0
23534,ID00017,1598.0,461,8448.0,10046.0
23535,ID00018,880.0,461,8448.0,9328.0
23536,ID00019,1746.0,461,8448.0,10194.0
23537,ID00020,988.0,461,8448.0,9436.0
23538,ID00021,1553.0,461,8448.0,10001.0
23539,ID00022,2027.0,461,8448.0,10475.0
23540,ID00023,1807.0,461,8447.0,10254.0
23541,ID00024,17.0,461,10478.0,10495.0
23542,ID00025,15.0,461,10498.0,10513.0
23543,ID00026,15.0,461,10498.0,10513.0
23544,ID00027,16.0,461,10498.0,10514.0
23545,ID00028,14.0,461,10498.0,10512.0
23546,ID00029,18.0,461,10498.0,10516.0
23547,ID00030,17.0,461,10498.0,10515.0
23548,ID00031,17.0,461,10498.0,10515.0
23549,ID00032,16.0,461,10498.0,10514.0
23550,ID00033,16.0,461,10498.0,10514.0
23551,ID00034,17.0,461,10498.0,10515.0
23552,ID00035,15.0,461,10498.0,10513.0
23553,ID00036,13.0,461,10498.0,10511.0
23554,ID00037,1607.0,461,10516.0,12123.0
23555,ID00038,1213.0,461,10516.0,11729.0
23556,ID00039,1186.0,461,10517.0,11703.0
23557,ID00040,1749.0,461,10515.0,12264.0
23558,ID00041,1473.0,461,10519.0,11992.0
23559,ID00042,1670.0,461,10518.0,12188.0
23560,ID00043,1139.0,461,10518.0,11657.0
23561,ID00044,1855.0,461,10517.0,12372.0
23562,ID00045,2015.0,461,10517.0,12532.0
23563,ID00046,2007.0,461,10518.0,12525.0
23564,ID00047,1767.0,461,10516.0,12283.0
23565,ID00048,911.0,461,10514.0,11425.0
23566,ID00049,16.0,461,12535.0,12551.0
23567,finish,0.0,461,12552.0,12552.0
23568,entry,0.0,462,8100,8100.0
23569,ID00000,57.0,462,8386.0,8443.0
23570,ID00001,56.0,462,8386.0,8442.0
23571,ID00002,54.0,462,8386.0,8440.0
23572,ID00003,54.0,462,8386.0,8440.0
23573,ID00004,56.0,462,8385.0,8441.0
23574,ID00005,55.0,462,8386.0,8441.0
23575,ID00006,55.0,462,8386.0,8441.0
23576,ID00007,55.0,462,8386.0,8441.0
23577,ID00008,55.0,462,8386.0,8441.0
23578,ID00009,55.0,462,8386.0,8441.0
23579,ID00010,54.0,462,8386.0,8440.0
23580,ID00011,54.0,462,8386.0,8440.0
23581,ID00012,1768.0,462,8450.0,10218.0
23582,ID00013,1486.0,462,8450.0,9936.0
23583,ID00014,1667.0,462,8448.0,10115.0
23584,ID00015,1360.0,462,8447.0,9807.0
23585,ID00016,1286.0,462,8448.0,9734.0
23586,ID00017,1598.0,462,8448.0,10046.0
23587,ID00018,880.0,462,8448.0,9328.0
23588,ID00019,1746.0,462,8448.0,10194.0
23589,ID00020,988.0,462,8448.0,9436.0
23590,ID00021,1553.0,462,8448.0,10001.0
23591,ID00022,2027.0,462,8448.0,10475.0
23592,ID00023,1807.0,462,8447.0,10254.0
23593,ID00024,17.0,462,10478.0,10495.0
23594,ID00025,15.0,462,10498.0,10513.0
23595,ID00026,15.0,462,10498.0,10513.0
23596,ID00027,16.0,462,10498.0,10514.0
23597,ID00028,14.0,462,10498.0,10512.0
23598,ID00029,18.0,462,10498.0,10516.0
23599,ID00030,17.0,462,10498.0,10515.0
23600,ID00031,17.0,462,10498.0,10515.0
23601,ID00032,16.0,462,10498.0,10514.0
23602,ID00033,16.0,462,10498.0,10514.0
23603,ID00034,17.0,462,10498.0,10515.0
23604,ID00035,15.0,462,10498.0,10513.0
23605,ID00036,13.0,462,10498.0,10511.0
23606,ID00037,1607.0,462,10516.0,12123.0
23607,ID00038,1213.0,462,10516.0,11729.0
23608,ID00039,1186.0,462,10517.0,11703.0
23609,ID00040,1749.0,462,10515.0,12264.0
23610,ID00041,1473.0,462,10519.0,11992.0
23611,ID00042,1670.0,462,10518.0,12188.0
23612,ID00043,1139.0,462,10518.0,11657.0
23613,ID00044,1855.0,462,10517.0,12372.0
23614,ID00045,2015.0,462,10517.0,12532.0
23615,ID00046,2007.0,462,10518.0,12525.0
23616,ID00047,1767.0,462,10516.0,12283.0
23617,ID00048,911.0,462,10514.0,11425.0
23618,ID00049,16.0,462,12535.0,12551.0
23619,finish,0.0,462,12552.0,12552.0
23620,entry,0.0,463,8100,8100.0
23621,ID00000,6.0,463,14087.0,14093.0
23622,ID00001,5.0,463,14058.0,14063.0
23623,ID00002,3417.0,463,9667.0,13084.0
23624,ID00003,542.0,463,13108.0,13650.0
23625,ID00004,27.0,463,13653.0,13680.0
23626,ID00005,627.0,463,13108.0,13735.0
23627,ID00006,22.0,463,13738.0,13760.0
23628,ID00007,382.0,463,13108.0,13490.0
23629,ID00008,20.0,463,13493.0,13513.0
23630,ID00009,449.0,463,13108.0,13557.0
23631,ID00010,27.0,463,13560.0,13587.0
23632,ID00011,453.0,463,13108.0,13561.0
23633,ID00012,27.0,463,13564.0,13591.0
23634,ID00013,757.0,463,13108.0,13865.0
23635,ID00014,28.0,463,13868.0,13896.0
23636,ID00015,598.0,463,13108.0,13706.0
23637,ID00016,12.0,463,13709.0,13721.0
23638,ID00017,445.0,463,13108.0,13553.0
23639,ID00018,10.0,463,13556.0,13566.0
23640,ID00019,947.0,463,13108.0,14055.0
23641,ID00020,26.0,463,14058.0,14084.0
23642,ID00021,688.0,463,13108.0,13796.0
23643,ID00022,25.0,463,13799.0,13824.0
23644,ID00023,2589.0,463,9675.0,12264.0
23645,ID00024,1086.0,463,12280.0,13366.0
23646,ID00025,15.0,463,13369.0,13384.0
23647,ID00026,669.0,463,12280.0,12949.0
23648,ID00027,21.0,463,12952.0,12973.0
23649,ID00028,784.0,463,12280.0,13064.0
23650,ID00029,21.0,463,13067.0,13088.0
23651,ID00030,937.0,463,12280.0,13217.0
23652,ID00031,11.0,463,13220.0,13231.0
23653,ID00032,541.0,463,12280.0,12821.0
23654,ID00033,22.0,463,12824.0,12846.0
23655,ID00034,518.0,463,12280.0,12798.0
23656,ID00035,20.0,463,12801.0,12821.0
23657,ID00036,1103.0,463,12280.0,13383.0
23658,ID00037,19.0,463,13386.0,13405.0
23659,ID00038,969.0,463,12280.0,13249.0
23660,ID00039,19.0,463,13252.0,13271.0
23661,ID00040,490.0,463,12280.0,12770.0
23662,ID00041,27.0,463,12773.0,12800.0
23663,ID00042,984.0,463,12280.0,13264.0
23664,ID00043,19.0,463,13267.0,13286.0
23665,ID00044,446.0,463,12280.0,12726.0
23666,ID00045,23.0,463,12729.0,12752.0
23667,ID00046,441.0,463,12280.0,12721.0
23668,ID00047,10.0,463,12724.0,12734.0
23669,ID00048,602.0,463,12280.0,12882.0
23670,ID00049,12.0,463,12885.0,12897.0
23671,finish,0.0,463,14094.0,14094.0
23672,entry,0.0,464,8100,8100.0
23673,ID00000,3.0,464,8174.0,8177.0
23674,ID00001,3.0,464,8127.0,8130.0
23675,ID00002,3.0,464,8253.0,8256.0
23676,ID00003,3.0,464,8253.0,8256.0
23677,ID00004,3.0,464,8253.0,8256.0
23678,ID00005,3.0,464,8253.0,8256.0
23679,ID00006,3.0,464,8253.0,8256.0
23680,ID00007,3.0,464,8160.0,8163.0
23681,ID00008,3.0,464,8160.0,8163.0
23682,ID00009,3.0,464,8160.0,8163.0
23683,ID00010,3.0,464,8160.0,8163.0
23684,ID00011,3.0,464,8160.0,8163.0
23685,ID00012,3.0,464,8272.0,8275.0
23686,ID00013,3.0,464,8270.0,8273.0
23687,ID00014,3.0,464,8272.0,8275.0
23688,ID00015,3.0,464,8272.0,8275.0
23689,ID00016,3.0,464,8272.0,8275.0
23690,ID00017,3.0,464,8169.0,8172.0
23691,ID00018,3.0,464,8169.0,8172.0
23692,ID00019,3.0,464,8169.0,8172.0
23693,ID00020,3.0,464,8169.0,8172.0
23694,ID00021,3.0,464,8169.0,8172.0
23695,ID00022,3.0,464,8281.0,8284.0
23696,ID00023,3.0,464,8278.0,8281.0
23697,ID00024,3.0,464,8280.0,8283.0
23698,ID00025,3.0,464,8285.0,8288.0
23699,ID00026,3.0,464,8281.0,8284.0
23700,ID00027,3.0,464,8174.0,8177.0
23701,ID00028,3.0,464,8174.0,8177.0
23702,ID00029,3.0,464,8174.0,8177.0
23703,ID00030,3.0,464,8174.0,8177.0
23704,ID00031,3.0,464,8175.0,8178.0
23705,ID00032,172.0,464,8286.0,8458.0
23706,ID00033,230.0,464,8283.0,8513.0
23707,ID00034,125.0,464,8285.0,8410.0
23708,ID00035,175.0,464,8291.0,8466.0
23709,ID00036,163.0,464,8286.0,8449.0
23710,ID00037,178.0,464,8178.0,8356.0
23711,ID00038,217.0,464,8178.0,8395.0
23712,ID00039,175.0,464,8178.0,8353.0
23713,ID00040,181.0,464,8178.0,8359.0
23714,ID00041,158.0,464,8179.0,8337.0
23715,ID00042,3.0,464,8515.0,8518.0
23716,ID00043,3.0,464,8396.0,8399.0
23717,ID00044,3.0,464,8526.0,8529.0
23718,ID00045,3.0,464,8540.0,8543.0
23719,ID00046,62.0,464,8544.0,8606.0
23720,finish,0.0,464,8607.0,8607.0
23721,entry,0.0,465,8100,8100.0
23722,ID00000,3.0,465,8174.0,8177.0
23723,ID00001,3.0,465,8127.0,8130.0
23724,ID00002,3.0,465,8253.0,8256.0
23725,ID00003,3.0,465,8253.0,8256.0
23726,ID00004,3.0,465,8253.0,8256.0
23727,ID00005,3.0,465,8253.0,8256.0
23728,ID00006,3.0,465,8253.0,8256.0
23729,ID00007,3.0,465,8160.0,8163.0
23730,ID00008,3.0,465,8160.0,8163.0
23731,ID00009,3.0,465,8160.0,8163.0
23732,ID00010,3.0,465,8160.0,8163.0
23733,ID00011,3.0,465,8160.0,8163.0
23734,ID00012,3.0,465,8272.0,8275.0
23735,ID00013,3.0,465,8270.0,8273.0
23736,ID00014,3.0,465,8272.0,8275.0
23737,ID00015,3.0,465,8272.0,8275.0
23738,ID00016,3.0,465,8272.0,8275.0
23739,ID00017,3.0,465,8169.0,8172.0
23740,ID00018,3.0,465,8169.0,8172.0
23741,ID00019,3.0,465,8169.0,8172.0
23742,ID00020,3.0,465,8169.0,8172.0
23743,ID00021,3.0,465,8169.0,8172.0
23744,ID00022,3.0,465,8281.0,8284.0
23745,ID00023,3.0,465,8278.0,8281.0
23746,ID00024,3.0,465,8280.0,8283.0
23747,ID00025,3.0,465,8285.0,8288.0
23748,ID00026,3.0,465,8281.0,8284.0
23749,ID00027,3.0,465,8174.0,8177.0
23750,ID00028,3.0,465,8174.0,8177.0
23751,ID00029,3.0,465,8174.0,8177.0
23752,ID00030,3.0,465,8174.0,8177.0
23753,ID00031,3.0,465,8175.0,8178.0
23754,ID00032,172.0,465,8286.0,8458.0
23755,ID00033,230.0,465,8283.0,8513.0
23756,ID00034,125.0,465,8285.0,8410.0
23757,ID00035,175.0,465,8291.0,8466.0
23758,ID00036,163.0,465,8286.0,8449.0
23759,ID00037,178.0,465,8178.0,8356.0
23760,ID00038,217.0,465,8178.0,8395.0
23761,ID00039,175.0,465,8178.0,8353.0
23762,ID00040,181.0,465,8178.0,8359.0
23763,ID00041,158.0,465,8179.0,8337.0
23764,ID00042,3.0,465,8515.0,8518.0
23765,ID00043,3.0,465,8396.0,8399.0
23766,ID00044,3.0,465,8526.0,8529.0
23767,ID00045,3.0,465,8540.0,8543.0
23768,ID00046,62.0,465,8544.0,8606.0
23769,finish,0.0,465,8607.0,8607.0
23770,entry,0.0,466,8100,8100.0
23771,ID00000,6.0,466,14087.0,14093.0
23772,ID00001,5.0,466,14058.0,14063.0
23773,ID00002,3417.0,466,9667.0,13084.0
23774,ID00003,542.0,466,13108.0,13650.0
23775,ID00004,27.0,466,13653.0,13680.0
23776,ID00005,627.0,466,13108.0,13735.0
23777,ID00006,22.0,466,13738.0,13760.0
23778,ID00007,382.0,466,13108.0,13490.0
23779,ID00008,20.0,466,13493.0,13513.0
23780,ID00009,449.0,466,13108.0,13557.0
23781,ID00010,27.0,466,13560.0,13587.0
23782,ID00011,453.0,466,13108.0,13561.0
23783,ID00012,27.0,466,13564.0,13591.0
23784,ID00013,757.0,466,13108.0,13865.0
23785,ID00014,28.0,466,13868.0,13896.0
23786,ID00015,598.0,466,13108.0,13706.0
23787,ID00016,12.0,466,13709.0,13721.0
23788,ID00017,445.0,466,13108.0,13553.0
23789,ID00018,10.0,466,13556.0,13566.0
23790,ID00019,947.0,466,13108.0,14055.0
23791,ID00020,26.0,466,14058.0,14084.0
23792,ID00021,688.0,466,13108.0,13796.0
23793,ID00022,25.0,466,13799.0,13824.0
23794,ID00023,2589.0,466,9675.0,12264.0
23795,ID00024,1086.0,466,12280.0,13366.0
23796,ID00025,15.0,466,13369.0,13384.0
23797,ID00026,669.0,466,12280.0,12949.0
23798,ID00027,21.0,466,12952.0,12973.0
23799,ID00028,784.0,466,12280.0,13064.0
23800,ID00029,21.0,466,13067.0,13088.0
23801,ID00030,937.0,466,12280.0,13217.0
23802,ID00031,11.0,466,13220.0,13231.0
23803,ID00032,541.0,466,12280.0,12821.0
23804,ID00033,22.0,466,12824.0,12846.0
23805,ID00034,518.0,466,12280.0,12798.0
23806,ID00035,20.0,466,12801.0,12821.0
23807,ID00036,1103.0,466,12280.0,13383.0
23808,ID00037,19.0,466,13386.0,13405.0
23809,ID00038,969.0,466,12280.0,13249.0
23810,ID00039,19.0,466,13252.0,13271.0
23811,ID00040,490.0,466,12280.0,12770.0
23812,ID00041,27.0,466,12773.0,12800.0
23813,ID00042,984.0,466,12280.0,13264.0
23814,ID00043,19.0,466,13267.0,13286.0
23815,ID00044,446.0,466,12280.0,12726.0
23816,ID00045,23.0,466,12729.0,12752.0
23817,ID00046,441.0,466,12280.0,12721.0
23818,ID00047,10.0,466,12724.0,12734.0
23819,ID00048,602.0,466,12280.0,12882.0
23820,ID00049,12.0,466,12885.0,12897.0
23821,finish,0.0,466,14094.0,14094.0
23822,entry,0.0,467,8100,8100.0
23823,ID00000,3.0,467,8108.0,8111.0
23824,ID00001,3.0,467,8104.0,8107.0
23825,ID00002,3.0,467,8104.0,8107.0
23826,ID00003,3.0,467,8104.0,8107.0
23827,ID00004,3.0,467,8104.0,8107.0
23828,ID00005,3.0,467,8104.0,8107.0
23829,ID00006,3.0,467,8104.0,8107.0
23830,ID00007,3.0,467,8104.0,8107.0
23831,ID00008,3.0,467,8104.0,8107.0
23832,ID00009,3.0,467,8104.0,8107.0
23833,ID00010,3.0,467,8104.0,8107.0
23834,ID00011,3.0,467,8104.0,8107.0
23835,ID00012,3.0,467,8104.0,8107.0
23836,ID00013,497.0,467,8102.0,8599.0
23837,ID00014,10.0,467,8102.0,8112.0
23838,ID00015,20.0,467,8103.0,8123.0
23839,ID00016,468.0,467,9004.0,9472.0
23840,ID00017,134.0,467,9475.0,9609.0
23841,ID00018,3.0,467,9623.0,9626.0
23842,ID00019,3.0,467,9623.0,9626.0
23843,ID00020,329.0,467,9623.0,9952.0
23844,ID00021,9.0,467,9627.0,9636.0
23845,ID00022,3.0,467,9623.0,9626.0
23846,ID00023,3.0,467,9960.0,9963.0
23847,ID00025,3.0,467,8108.0,8111.0
23848,ID00026,3.0,467,8104.0,8107.0
23849,ID00027,3.0,467,8104.0,8107.0
23850,ID00028,3.0,467,8104.0,8107.0
23851,ID00029,3.0,467,8104.0,8107.0
23852,ID00030,3.0,467,8104.0,8107.0
23853,ID00031,3.0,467,8104.0,8107.0
23854,ID00032,3.0,467,8104.0,8107.0
23855,ID00033,3.0,467,8104.0,8107.0
23856,ID00034,3.0,467,8104.0,8107.0
23857,ID00035,3.0,467,8104.0,8107.0
23858,ID00036,3.0,467,8104.0,8107.0
23859,ID00037,3.0,467,8104.0,8107.0
23860,ID00038,277.0,467,8102.0,8379.0
23861,ID00039,10.0,467,8102.0,8112.0
23862,ID00040,9.0,467,8103.0,8112.0
23863,ID00041,626.0,467,9008.0,9634.0
23864,ID00042,46.0,467,9637.0,9683.0
23865,ID00043,3.0,467,9697.0,9700.0
23866,ID00044,3.0,467,9697.0,9700.0
23867,ID00045,319.0,467,9697.0,10016.0
23868,ID00046,9.0,467,9701.0,9710.0
23869,ID00047,3.0,467,9697.0,9700.0
23870,ID00048,3.0,467,10024.0,10027.0
23871,finish,0.0,467,10035.0,10035.0
23872,entry,0.0,468,8100,8100.0
23873,ID00000,3.0,468,8108.0,8111.0
23874,ID00001,3.0,468,8104.0,8107.0
23875,ID00002,3.0,468,8104.0,8107.0
23876,ID00003,3.0,468,8104.0,8107.0
23877,ID00004,3.0,468,8104.0,8107.0
23878,ID00005,3.0,468,8104.0,8107.0
23879,ID00006,3.0,468,8104.0,8107.0
23880,ID00007,3.0,468,8104.0,8107.0
23881,ID00008,3.0,468,8104.0,8107.0
23882,ID00009,3.0,468,8104.0,8107.0
23883,ID00010,3.0,468,8104.0,8107.0
23884,ID00011,3.0,468,8104.0,8107.0
23885,ID00012,3.0,468,8104.0,8107.0
23886,ID00013,497.0,468,8102.0,8599.0
23887,ID00014,10.0,468,8102.0,8112.0
23888,ID00015,20.0,468,8103.0,8123.0
23889,ID00016,468.0,468,9004.0,9472.0
23890,ID00017,134.0,468,9475.0,9609.0
23891,ID00018,3.0,468,9623.0,9626.0
23892,ID00019,3.0,468,9623.0,9626.0
23893,ID00020,329.0,468,9623.0,9952.0
23894,ID00021,9.0,468,9627.0,9636.0
23895,ID00022,3.0,468,9623.0,9626.0
23896,ID00023,3.0,468,9960.0,9963.0
23897,ID00025,3.0,468,8108.0,8111.0
23898,ID00026,3.0,468,8104.0,8107.0
23899,ID00027,3.0,468,8104.0,8107.0
23900,ID00028,3.0,468,8104.0,8107.0
23901,ID00029,3.0,468,8104.0,8107.0
23902,ID00030,3.0,468,8104.0,8107.0
23903,ID00031,3.0,468,8104.0,8107.0
23904,ID00032,3.0,468,8104.0,8107.0
23905,ID00033,3.0,468,8104.0,8107.0
23906,ID00034,3.0,468,8104.0,8107.0
23907,ID00035,3.0,468,8104.0,8107.0
23908,ID00036,3.0,468,8104.0,8107.0
23909,ID00037,3.0,468,8104.0,8107.0
23910,ID00038,277.0,468,8102.0,8379.0
23911,ID00039,10.0,468,8102.0,8112.0
23912,ID00040,9.0,468,8103.0,8112.0
23913,ID00041,626.0,468,9008.0,9634.0
23914,ID00042,46.0,468,9637.0,9683.0
23915,ID00043,3.0,468,9697.0,9700.0
23916,ID00044,3.0,468,9697.0,9700.0
23917,ID00045,319.0,468,9697.0,10016.0
23918,ID00046,9.0,468,9701.0,9710.0
23919,ID00047,3.0,468,9697.0,9700.0
23920,ID00048,3.0,468,10024.0,10027.0
23921,finish,0.0,468,10035.0,10035.0
23922,entry,0.0,469,8100,8100.0
23923,ID00000,6.0,469,14087.0,14093.0
23924,ID00001,5.0,469,14058.0,14063.0
23925,ID00002,3417.0,469,9667.0,13084.0
23926,ID00003,542.0,469,13108.0,13650.0
23927,ID00004,27.0,469,13653.0,13680.0
23928,ID00005,627.0,469,13108.0,13735.0
23929,ID00006,22.0,469,13738.0,13760.0
23930,ID00007,382.0,469,13108.0,13490.0
23931,ID00008,20.0,469,13493.0,13513.0
23932,ID00009,449.0,469,13108.0,13557.0
23933,ID00010,27.0,469,13560.0,13587.0
23934,ID00011,453.0,469,13108.0,13561.0
23935,ID00012,27.0,469,13564.0,13591.0
23936,ID00013,757.0,469,13108.0,13865.0
23937,ID00014,28.0,469,13868.0,13896.0
23938,ID00015,598.0,469,13108.0,13706.0
23939,ID00016,12.0,469,13709.0,13721.0
23940,ID00017,445.0,469,13108.0,13553.0
23941,ID00018,10.0,469,13556.0,13566.0
23942,ID00019,947.0,469,13108.0,14055.0
23943,ID00020,26.0,469,14058.0,14084.0
23944,ID00021,688.0,469,13108.0,13796.0
23945,ID00022,25.0,469,13799.0,13824.0
23946,ID00023,2589.0,469,9675.0,12264.0
23947,ID00024,1086.0,469,12280.0,13366.0
23948,ID00025,15.0,469,13369.0,13384.0
23949,ID00026,669.0,469,12280.0,12949.0
23950,ID00027,21.0,469,12952.0,12973.0
23951,ID00028,784.0,469,12280.0,13064.0
23952,ID00029,21.0,469,13067.0,13088.0
23953,ID00030,937.0,469,12280.0,13217.0
23954,ID00031,11.0,469,13220.0,13231.0
23955,ID00032,541.0,469,12280.0,12821.0
23956,ID00033,22.0,469,12824.0,12846.0
23957,ID00034,518.0,469,12280.0,12798.0
23958,ID00035,20.0,469,12801.0,12821.0
23959,ID00036,1103.0,469,12280.0,13383.0
23960,ID00037,19.0,469,13386.0,13405.0
23961,ID00038,969.0,469,12280.0,13249.0
23962,ID00039,19.0,469,13252.0,13271.0
23963,ID00040,490.0,469,12280.0,12770.0
23964,ID00041,27.0,469,12773.0,12800.0
23965,ID00042,984.0,469,12280.0,13264.0
23966,ID00043,19.0,469,13267.0,13286.0
23967,ID00044,446.0,469,12280.0,12726.0
23968,ID00045,23.0,469,12729.0,12752.0
23969,ID00046,441.0,469,12280.0,12721.0
23970,ID00047,10.0,469,12724.0,12734.0
23971,ID00048,602.0,469,12280.0,12882.0
23972,ID00049,12.0,469,12885.0,12897.0
23973,finish,0.0,469,14094.0,14094.0
23974,entry,0.0,470,8100,8100.0
23975,ID00000,165.0,470,8123.0,8288.0
23976,ID00001,165.0,470,8123.0,8288.0
23977,ID00002,166.0,470,8123.0,8289.0
23978,ID00003,166.0,470,8123.0,8289.0
23979,ID00004,163.0,470,8123.0,8286.0
23980,ID00005,166.0,470,8123.0,8289.0
23981,ID00006,164.0,470,8123.0,8287.0
23982,ID00007,166.0,470,8123.0,8289.0
23983,ID00008,129.0,470,8330.0,8459.0
23984,ID00009,128.0,470,8331.0,8459.0
23985,ID00010,126.0,470,8330.0,8456.0
23986,ID00011,128.0,470,8331.0,8459.0
23987,ID00012,129.0,470,8330.0,8459.0
23988,ID00013,126.0,470,8331.0,8457.0
23989,ID00014,128.0,470,8331.0,8459.0
23990,ID00015,128.0,470,8331.0,8459.0
23991,ID00016,127.0,470,8331.0,8458.0
23992,ID00017,125.0,470,8331.0,8456.0
23993,ID00018,129.0,470,8331.0,8460.0
23994,ID00019,127.0,470,8331.0,8458.0
23995,ID00020,126.0,470,8331.0,8457.0
23996,ID00021,129.0,470,8331.0,8460.0
23997,ID00022,127.0,470,8331.0,8458.0
23998,ID00023,129.0,470,8331.0,8460.0
23999,ID00024,126.0,470,8328.0,8454.0
24000,ID00025,127.0,470,8331.0,8458.0
24001,ID00026,130.0,470,8331.0,8461.0
24002,ID00027,126.0,470,8331.0,8457.0
24003,ID00028,128.0,470,8331.0,8459.0
24004,ID00029,128.0,470,8330.0,8458.0
24005,ID00030,128.0,470,8331.0,8459.0
24006,ID00031,128.0,470,8331.0,8459.0
24007,ID00032,127.0,470,8331.0,8458.0
24008,ID00033,127.0,470,8331.0,8458.0
24009,ID00034,127.0,470,8331.0,8458.0
24010,ID00035,127.0,470,8331.0,8458.0
24011,ID00036,27.0,470,8467.0,8494.0
24012,ID00037,64.0,470,8497.0,8561.0
24013,ID00038,131.0,470,8564.0,8695.0
24014,ID00039,129.0,470,8564.0,8693.0
24015,ID00040,131.0,470,8564.0,8695.0
24016,ID00041,128.0,470,8564.0,8692.0
24017,ID00042,126.0,470,8564.0,8690.0
24018,ID00043,128.0,470,8564.0,8692.0
24019,ID00044,129.0,470,8564.0,8693.0
24020,ID00045,129.0,470,8564.0,8693.0
24021,ID00046,30.0,470,8737.0,8767.0
24022,ID00047,59.0,470,8770.0,8829.0
24023,ID00048,59.0,470,9481.0,9540.0
24024,ID00049,6.0,470,9554.0,9560.0
24025,finish,0.0,470,9562.0,9562.0
24026,entry,0.0,471,8100,8100.0
24027,ID00000,6.0,471,14087.0,14093.0
24028,ID00001,5.0,471,14058.0,14063.0
24029,ID00002,3417.0,471,9667.0,13084.0
24030,ID00003,542.0,471,13108.0,13650.0
24031,ID00004,27.0,471,13653.0,13680.0
24032,ID00005,627.0,471,13108.0,13735.0
24033,ID00006,22.0,471,13738.0,13760.0
24034,ID00007,382.0,471,13108.0,13490.0
24035,ID00008,20.0,471,13493.0,13513.0
24036,ID00009,449.0,471,13108.0,13557.0
24037,ID00010,27.0,471,13560.0,13587.0
24038,ID00011,453.0,471,13108.0,13561.0
24039,ID00012,27.0,471,13564.0,13591.0
24040,ID00013,757.0,471,13108.0,13865.0
24041,ID00014,28.0,471,13868.0,13896.0
24042,ID00015,598.0,471,13108.0,13706.0
24043,ID00016,12.0,471,13709.0,13721.0
24044,ID00017,445.0,471,13108.0,13553.0
24045,ID00018,10.0,471,13556.0,13566.0
24046,ID00019,947.0,471,13108.0,14055.0
24047,ID00020,26.0,471,14058.0,14084.0
24048,ID00021,688.0,471,13108.0,13796.0
24049,ID00022,25.0,471,13799.0,13824.0
24050,ID00023,2589.0,471,9675.0,12264.0
24051,ID00024,1086.0,471,12280.0,13366.0
24052,ID00025,15.0,471,13369.0,13384.0
24053,ID00026,669.0,471,12280.0,12949.0
24054,ID00027,21.0,471,12952.0,12973.0
24055,ID00028,784.0,471,12280.0,13064.0
24056,ID00029,21.0,471,13067.0,13088.0
24057,ID00030,937.0,471,12280.0,13217.0
24058,ID00031,11.0,471,13220.0,13231.0
24059,ID00032,541.0,471,12280.0,12821.0
24060,ID00033,22.0,471,12824.0,12846.0
24061,ID00034,518.0,471,12280.0,12798.0
24062,ID00035,20.0,471,12801.0,12821.0
24063,ID00036,1103.0,471,12280.0,13383.0
24064,ID00037,19.0,471,13386.0,13405.0
24065,ID00038,969.0,471,12280.0,13249.0
24066,ID00039,19.0,471,13252.0,13271.0
24067,ID00040,490.0,471,12280.0,12770.0
24068,ID00041,27.0,471,12773.0,12800.0
24069,ID00042,984.0,471,12280.0,13264.0
24070,ID00043,19.0,471,13267.0,13286.0
24071,ID00044,446.0,471,12280.0,12726.0
24072,ID00045,23.0,471,12729.0,12752.0
24073,ID00046,441.0,471,12280.0,12721.0
24074,ID00047,10.0,471,12724.0,12734.0
24075,ID00048,602.0,471,12280.0,12882.0
24076,ID00049,12.0,471,12885.0,12897.0
24077,finish,0.0,471,14094.0,14094.0
24078,entry,0.0,472,8100,8100.0
24079,ID00000,57.0,472,8386.0,8443.0
24080,ID00001,56.0,472,8386.0,8442.0
24081,ID00002,54.0,472,8386.0,8440.0
24082,ID00003,54.0,472,8386.0,8440.0
24083,ID00004,56.0,472,8385.0,8441.0
24084,ID00005,55.0,472,8386.0,8441.0
24085,ID00006,55.0,472,8386.0,8441.0
24086,ID00007,55.0,472,8386.0,8441.0
24087,ID00008,55.0,472,8386.0,8441.0
24088,ID00009,55.0,472,8386.0,8441.0
24089,ID00010,54.0,472,8386.0,8440.0
24090,ID00011,54.0,472,8386.0,8440.0
24091,ID00012,1768.0,472,8450.0,10218.0
24092,ID00013,1486.0,472,8450.0,9936.0
24093,ID00014,1667.0,472,8448.0,10115.0
24094,ID00015,1360.0,472,8447.0,9807.0
24095,ID00016,1286.0,472,8448.0,9734.0
24096,ID00017,1598.0,472,8448.0,10046.0
24097,ID00018,880.0,472,8448.0,9328.0
24098,ID00019,1746.0,472,8448.0,10194.0
24099,ID00020,988.0,472,8448.0,9436.0
24100,ID00021,1553.0,472,8448.0,10001.0
24101,ID00022,2027.0,472,8448.0,10475.0
24102,ID00023,1807.0,472,8447.0,10254.0
24103,ID00024,17.0,472,10478.0,10495.0
24104,ID00025,15.0,472,10498.0,10513.0
24105,ID00026,15.0,472,10498.0,10513.0
24106,ID00027,16.0,472,10498.0,10514.0
24107,ID00028,14.0,472,10498.0,10512.0
24108,ID00029,18.0,472,10498.0,10516.0
24109,ID00030,17.0,472,10498.0,10515.0
24110,ID00031,17.0,472,10498.0,10515.0
24111,ID00032,16.0,472,10498.0,10514.0
24112,ID00033,16.0,472,10498.0,10514.0
24113,ID00034,17.0,472,10498.0,10515.0
24114,ID00035,15.0,472,10498.0,10513.0
24115,ID00036,13.0,472,10498.0,10511.0
24116,ID00037,1607.0,472,10516.0,12123.0
24117,ID00038,1213.0,472,10516.0,11729.0
24118,ID00039,1186.0,472,10517.0,11703.0
24119,ID00040,1749.0,472,10515.0,12264.0
24120,ID00041,1473.0,472,10519.0,11992.0
24121,ID00042,1670.0,472,10518.0,12188.0
24122,ID00043,1139.0,472,10518.0,11657.0
24123,ID00044,1855.0,472,10517.0,12372.0
24124,ID00045,2015.0,472,10517.0,12532.0
24125,ID00046,2007.0,472,10518.0,12525.0
24126,ID00047,1767.0,472,10516.0,12283.0
24127,ID00048,911.0,472,10514.0,11425.0
24128,ID00049,16.0,472,12535.0,12551.0
24129,finish,0.0,472,12552.0,12552.0
24130,entry,0.0,473,8100,8100.0
24131,ID00000,6.0,473,14087.0,14093.0
24132,ID00001,5.0,473,14058.0,14063.0
24133,ID00002,3417.0,473,9667.0,13084.0
24134,ID00003,542.0,473,13108.0,13650.0
24135,ID00004,27.0,473,13653.0,13680.0
24136,ID00005,627.0,473,13108.0,13735.0
24137,ID00006,22.0,473,13738.0,13760.0
24138,ID00007,382.0,473,13108.0,13490.0
24139,ID00008,20.0,473,13493.0,13513.0
24140,ID00009,449.0,473,13108.0,13557.0
24141,ID00010,27.0,473,13560.0,13587.0
24142,ID00011,453.0,473,13108.0,13561.0
24143,ID00012,27.0,473,13564.0,13591.0
24144,ID00013,757.0,473,13108.0,13865.0
24145,ID00014,28.0,473,13868.0,13896.0
24146,ID00015,598.0,473,13108.0,13706.0
24147,ID00016,12.0,473,13709.0,13721.0
24148,ID00017,445.0,473,13108.0,13553.0
24149,ID00018,10.0,473,13556.0,13566.0
24150,ID00019,947.0,473,13108.0,14055.0
24151,ID00020,26.0,473,14058.0,14084.0
24152,ID00021,688.0,473,13108.0,13796.0
24153,ID00022,25.0,473,13799.0,13824.0
24154,ID00023,2589.0,473,9675.0,12264.0
24155,ID00024,1086.0,473,12280.0,13366.0
24156,ID00025,15.0,473,13369.0,13384.0
24157,ID00026,669.0,473,12280.0,12949.0
24158,ID00027,21.0,473,12952.0,12973.0
24159,ID00028,784.0,473,12280.0,13064.0
24160,ID00029,21.0,473,13067.0,13088.0
24161,ID00030,937.0,473,12280.0,13217.0
24162,ID00031,11.0,473,13220.0,13231.0
24163,ID00032,541.0,473,12280.0,12821.0
24164,ID00033,22.0,473,12824.0,12846.0
24165,ID00034,518.0,473,12280.0,12798.0
24166,ID00035,20.0,473,12801.0,12821.0
24167,ID00036,1103.0,473,12280.0,13383.0
24168,ID00037,19.0,473,13386.0,13405.0
24169,ID00038,969.0,473,12280.0,13249.0
24170,ID00039,19.0,473,13252.0,13271.0
24171,ID00040,490.0,473,12280.0,12770.0
24172,ID00041,27.0,473,12773.0,12800.0
24173,ID00042,984.0,473,12280.0,13264.0
24174,ID00043,19.0,473,13267.0,13286.0
24175,ID00044,446.0,473,12280.0,12726.0
24176,ID00045,23.0,473,12729.0,12752.0
24177,ID00046,441.0,473,12280.0,12721.0
24178,ID00047,10.0,473,12724.0,12734.0
24179,ID00048,602.0,473,12280.0,12882.0
24180,ID00049,12.0,473,12885.0,12897.0
24181,finish,0.0,473,14094.0,14094.0
24182,entry,0.0,474,8100,8100.0
24183,ID00000,3.0,474,8108.0,8111.0
24184,ID00001,3.0,474,8104.0,8107.0
24185,ID00002,3.0,474,8104.0,8107.0
24186,ID00003,3.0,474,8104.0,8107.0
24187,ID00004,3.0,474,8104.0,8107.0
24188,ID00005,3.0,474,8104.0,8107.0
24189,ID00006,3.0,474,8104.0,8107.0
24190,ID00007,3.0,474,8104.0,8107.0
24191,ID00008,3.0,474,8104.0,8107.0
24192,ID00009,3.0,474,8104.0,8107.0
24193,ID00010,3.0,474,8104.0,8107.0
24194,ID00011,3.0,474,8104.0,8107.0
24195,ID00012,3.0,474,8104.0,8107.0
24196,ID00013,497.0,474,8102.0,8599.0
24197,ID00014,10.0,474,8102.0,8112.0
24198,ID00015,20.0,474,8103.0,8123.0
24199,ID00016,468.0,474,9004.0,9472.0
24200,ID00017,134.0,474,9475.0,9609.0
24201,ID00018,3.0,474,9623.0,9626.0
24202,ID00019,3.0,474,9623.0,9626.0
24203,ID00020,329.0,474,9623.0,9952.0
24204,ID00021,9.0,474,9627.0,9636.0
24205,ID00022,3.0,474,9623.0,9626.0
24206,ID00023,3.0,474,9960.0,9963.0
24207,ID00025,3.0,474,8108.0,8111.0
24208,ID00026,3.0,474,8104.0,8107.0
24209,ID00027,3.0,474,8104.0,8107.0
24210,ID00028,3.0,474,8104.0,8107.0
24211,ID00029,3.0,474,8104.0,8107.0
24212,ID00030,3.0,474,8104.0,8107.0
24213,ID00031,3.0,474,8104.0,8107.0
24214,ID00032,3.0,474,8104.0,8107.0
24215,ID00033,3.0,474,8104.0,8107.0
24216,ID00034,3.0,474,8104.0,8107.0
24217,ID00035,3.0,474,8104.0,8107.0
24218,ID00036,3.0,474,8104.0,8107.0
24219,ID00037,3.0,474,8104.0,8107.0
24220,ID00038,277.0,474,8102.0,8379.0
24221,ID00039,10.0,474,8102.0,8112.0
24222,ID00040,9.0,474,8103.0,8112.0
24223,ID00041,626.0,474,9008.0,9634.0
24224,ID00042,46.0,474,9637.0,9683.0
24225,ID00043,3.0,474,9697.0,9700.0
24226,ID00044,3.0,474,9697.0,9700.0
24227,ID00045,319.0,474,9697.0,10016.0
24228,ID00046,9.0,474,9701.0,9710.0
24229,ID00047,3.0,474,9697.0,9700.0
24230,ID00048,3.0,474,10024.0,10027.0
24231,finish,0.0,474,10035.0,10035.0
24232,entry,0.0,475,8100,8100.0
24233,ID00000,6.0,475,14087.0,14093.0
24234,ID00001,5.0,475,14058.0,14063.0
24235,ID00002,3417.0,475,9667.0,13084.0
24236,ID00003,542.0,475,13108.0,13650.0
24237,ID00004,27.0,475,13653.0,13680.0
24238,ID00005,627.0,475,13108.0,13735.0
24239,ID00006,22.0,475,13738.0,13760.0
24240,ID00007,382.0,475,13108.0,13490.0
24241,ID00008,20.0,475,13493.0,13513.0
24242,ID00009,449.0,475,13108.0,13557.0
24243,ID00010,27.0,475,13560.0,13587.0
24244,ID00011,453.0,475,13108.0,13561.0
24245,ID00012,27.0,475,13564.0,13591.0
24246,ID00013,757.0,475,13108.0,13865.0
24247,ID00014,28.0,475,13868.0,13896.0
24248,ID00015,598.0,475,13108.0,13706.0
24249,ID00016,12.0,475,13709.0,13721.0
24250,ID00017,445.0,475,13108.0,13553.0
24251,ID00018,10.0,475,13556.0,13566.0
24252,ID00019,947.0,475,13108.0,14055.0
24253,ID00020,26.0,475,14058.0,14084.0
24254,ID00021,688.0,475,13108.0,13796.0
24255,ID00022,25.0,475,13799.0,13824.0
24256,ID00023,2589.0,475,9675.0,12264.0
24257,ID00024,1086.0,475,12280.0,13366.0
24258,ID00025,15.0,475,13369.0,13384.0
24259,ID00026,669.0,475,12280.0,12949.0
24260,ID00027,21.0,475,12952.0,12973.0
24261,ID00028,784.0,475,12280.0,13064.0
24262,ID00029,21.0,475,13067.0,13088.0
24263,ID00030,937.0,475,12280.0,13217.0
24264,ID00031,11.0,475,13220.0,13231.0
24265,ID00032,541.0,475,12280.0,12821.0
24266,ID00033,22.0,475,12824.0,12846.0
24267,ID00034,518.0,475,12280.0,12798.0
24268,ID00035,20.0,475,12801.0,12821.0
24269,ID00036,1103.0,475,12280.0,13383.0
24270,ID00037,19.0,475,13386.0,13405.0
24271,ID00038,969.0,475,12280.0,13249.0
24272,ID00039,19.0,475,13252.0,13271.0
24273,ID00040,490.0,475,12280.0,12770.0
24274,ID00041,27.0,475,12773.0,12800.0
24275,ID00042,984.0,475,12280.0,13264.0
24276,ID00043,19.0,475,13267.0,13286.0
24277,ID00044,446.0,475,12280.0,12726.0
24278,ID00045,23.0,475,12729.0,12752.0
24279,ID00046,441.0,475,12280.0,12721.0
24280,ID00047,10.0,475,12724.0,12734.0
24281,ID00048,602.0,475,12280.0,12882.0
24282,ID00049,12.0,475,12885.0,12897.0
24283,finish,0.0,475,14094.0,14094.0
24284,entry,0.0,476,8100,8100.0
24285,ID00000,3.0,476,8108.0,8111.0
24286,ID00001,3.0,476,8104.0,8107.0
24287,ID00002,3.0,476,8104.0,8107.0
24288,ID00003,3.0,476,8104.0,8107.0
24289,ID00004,3.0,476,8104.0,8107.0
24290,ID00005,3.0,476,8104.0,8107.0
24291,ID00006,3.0,476,8104.0,8107.0
24292,ID00007,3.0,476,8104.0,8107.0
24293,ID00008,3.0,476,8104.0,8107.0
24294,ID00009,3.0,476,8104.0,8107.0
24295,ID00010,3.0,476,8104.0,8107.0
24296,ID00011,3.0,476,8104.0,8107.0
24297,ID00012,3.0,476,8104.0,8107.0
24298,ID00013,497.0,476,8102.0,8599.0
24299,ID00014,10.0,476,8102.0,8112.0
24300,ID00015,20.0,476,8103.0,8123.0
24301,ID00016,468.0,476,9004.0,9472.0
24302,ID00017,134.0,476,9475.0,9609.0
24303,ID00018,3.0,476,9623.0,9626.0
24304,ID00019,3.0,476,9623.0,9626.0
24305,ID00020,329.0,476,9623.0,9952.0
24306,ID00021,9.0,476,9627.0,9636.0
24307,ID00022,3.0,476,9623.0,9626.0
24308,ID00023,3.0,476,9960.0,9963.0
24309,ID00025,3.0,476,8108.0,8111.0
24310,ID00026,3.0,476,8104.0,8107.0
24311,ID00027,3.0,476,8104.0,8107.0
24312,ID00028,3.0,476,8104.0,8107.0
24313,ID00029,3.0,476,8104.0,8107.0
24314,ID00030,3.0,476,8104.0,8107.0
24315,ID00031,3.0,476,8104.0,8107.0
24316,ID00032,3.0,476,8104.0,8107.0
24317,ID00033,3.0,476,8104.0,8107.0
24318,ID00034,3.0,476,8104.0,8107.0
24319,ID00035,3.0,476,8104.0,8107.0
24320,ID00036,3.0,476,8104.0,8107.0
24321,ID00037,3.0,476,8104.0,8107.0
24322,ID00038,277.0,476,8102.0,8379.0
24323,ID00039,10.0,476,8102.0,8112.0
24324,ID00040,9.0,476,8103.0,8112.0
24325,ID00041,626.0,476,9008.0,9634.0
24326,ID00042,46.0,476,9637.0,9683.0
24327,ID00043,3.0,476,9697.0,9700.0
24328,ID00044,3.0,476,9697.0,9700.0
24329,ID00045,319.0,476,9697.0,10016.0
24330,ID00046,9.0,476,9701.0,9710.0
24331,ID00047,3.0,476,9697.0,9700.0
24332,ID00048,3.0,476,10024.0,10027.0
24333,finish,0.0,476,10035.0,10035.0
24334,entry,0.0,477,8100,8100.0
24335,ID00000,57.0,477,8386.0,8443.0
24336,ID00001,56.0,477,8386.0,8442.0
24337,ID00002,54.0,477,8386.0,8440.0
24338,ID00003,54.0,477,8386.0,8440.0
24339,ID00004,56.0,477,8385.0,8441.0
24340,ID00005,55.0,477,8386.0,8441.0
24341,ID00006,55.0,477,8386.0,8441.0
24342,ID00007,55.0,477,8386.0,8441.0
24343,ID00008,55.0,477,8386.0,8441.0
24344,ID00009,55.0,477,8386.0,8441.0
24345,ID00010,54.0,477,8386.0,8440.0
24346,ID00011,54.0,477,8386.0,8440.0
24347,ID00012,1768.0,477,8450.0,10218.0
24348,ID00013,1486.0,477,8450.0,9936.0
24349,ID00014,1667.0,477,8448.0,10115.0
24350,ID00015,1360.0,477,8447.0,9807.0
24351,ID00016,1286.0,477,8448.0,9734.0
24352,ID00017,1598.0,477,8448.0,10046.0
24353,ID00018,880.0,477,8448.0,9328.0
24354,ID00019,1746.0,477,8448.0,10194.0
24355,ID00020,988.0,477,8448.0,9436.0
24356,ID00021,1553.0,477,8448.0,10001.0
24357,ID00022,2027.0,477,8448.0,10475.0
24358,ID00023,1807.0,477,8447.0,10254.0
24359,ID00024,17.0,477,10478.0,10495.0
24360,ID00025,15.0,477,10498.0,10513.0
24361,ID00026,15.0,477,10498.0,10513.0
24362,ID00027,16.0,477,10498.0,10514.0
24363,ID00028,14.0,477,10498.0,10512.0
24364,ID00029,18.0,477,10498.0,10516.0
24365,ID00030,17.0,477,10498.0,10515.0
24366,ID00031,17.0,477,10498.0,10515.0
24367,ID00032,16.0,477,10498.0,10514.0
24368,ID00033,16.0,477,10498.0,10514.0
24369,ID00034,17.0,477,10498.0,10515.0
24370,ID00035,15.0,477,10498.0,10513.0
24371,ID00036,13.0,477,10498.0,10511.0
24372,ID00037,1607.0,477,10516.0,12123.0
24373,ID00038,1213.0,477,10516.0,11729.0
24374,ID00039,1186.0,477,10517.0,11703.0
24375,ID00040,1749.0,477,10515.0,12264.0
24376,ID00041,1473.0,477,10519.0,11992.0
24377,ID00042,1670.0,477,10518.0,12188.0
24378,ID00043,1139.0,477,10518.0,11657.0
24379,ID00044,1855.0,477,10517.0,12372.0
24380,ID00045,2015.0,477,10517.0,12532.0
24381,ID00046,2007.0,477,10518.0,12525.0
24382,ID00047,1767.0,477,10516.0,12283.0
24383,ID00048,911.0,477,10514.0,11425.0
24384,ID00049,16.0,477,12535.0,12551.0
24385,finish,0.0,477,12552.0,12552.0
24386,entry,0.0,478,8100,8100.0
24387,ID00000,6.0,478,14087.0,14093.0
24388,ID00001,5.0,478,14058.0,14063.0
24389,ID00002,3417.0,478,9667.0,13084.0
24390,ID00003,542.0,478,13108.0,13650.0
24391,ID00004,27.0,478,13653.0,13680.0
24392,ID00005,627.0,478,13108.0,13735.0
24393,ID00006,22.0,478,13738.0,13760.0
24394,ID00007,382.0,478,13108.0,13490.0
24395,ID00008,20.0,478,13493.0,13513.0
24396,ID00009,449.0,478,13108.0,13557.0
24397,ID00010,27.0,478,13560.0,13587.0
24398,ID00011,453.0,478,13108.0,13561.0
24399,ID00012,27.0,478,13564.0,13591.0
24400,ID00013,757.0,478,13108.0,13865.0
24401,ID00014,28.0,478,13868.0,13896.0
24402,ID00015,598.0,478,13108.0,13706.0
24403,ID00016,12.0,478,13709.0,13721.0
24404,ID00017,445.0,478,13108.0,13553.0
24405,ID00018,10.0,478,13556.0,13566.0
24406,ID00019,947.0,478,13108.0,14055.0
24407,ID00020,26.0,478,14058.0,14084.0
24408,ID00021,688.0,478,13108.0,13796.0
24409,ID00022,25.0,478,13799.0,13824.0
24410,ID00023,2589.0,478,9675.0,12264.0
24411,ID00024,1086.0,478,12280.0,13366.0
24412,ID00025,15.0,478,13369.0,13384.0
24413,ID00026,669.0,478,12280.0,12949.0
24414,ID00027,21.0,478,12952.0,12973.0
24415,ID00028,784.0,478,12280.0,13064.0
24416,ID00029,21.0,478,13067.0,13088.0
24417,ID00030,937.0,478,12280.0,13217.0
24418,ID00031,11.0,478,13220.0,13231.0
24419,ID00032,541.0,478,12280.0,12821.0
24420,ID00033,22.0,478,12824.0,12846.0
24421,ID00034,518.0,478,12280.0,12798.0
24422,ID00035,20.0,478,12801.0,12821.0
24423,ID00036,1103.0,478,12280.0,13383.0
24424,ID00037,19.0,478,13386.0,13405.0
24425,ID00038,969.0,478,12280.0,13249.0
24426,ID00039,19.0,478,13252.0,13271.0
24427,ID00040,490.0,478,12280.0,12770.0
24428,ID00041,27.0,478,12773.0,12800.0
24429,ID00042,984.0,478,12280.0,13264.0
24430,ID00043,19.0,478,13267.0,13286.0
24431,ID00044,446.0,478,12280.0,12726.0
24432,ID00045,23.0,478,12729.0,12752.0
24433,ID00046,441.0,478,12280.0,12721.0
24434,ID00047,10.0,478,12724.0,12734.0
24435,ID00048,602.0,478,12280.0,12882.0
24436,ID00049,12.0,478,12885.0,12897.0
24437,finish,0.0,478,14094.0,14094.0
24438,entry,0.0,479,8100,8100.0
24439,ID00000,165.0,479,8123.0,8288.0
24440,ID00001,165.0,479,8123.0,8288.0
24441,ID00002,166.0,479,8123.0,8289.0
24442,ID00003,166.0,479,8123.0,8289.0
24443,ID00004,163.0,479,8123.0,8286.0
24444,ID00005,166.0,479,8123.0,8289.0
24445,ID00006,164.0,479,8123.0,8287.0
24446,ID00007,166.0,479,8123.0,8289.0
24447,ID00008,129.0,479,8330.0,8459.0
24448,ID00009,128.0,479,8331.0,8459.0
24449,ID00010,126.0,479,8330.0,8456.0
24450,ID00011,128.0,479,8331.0,8459.0
24451,ID00012,129.0,479,8330.0,8459.0
24452,ID00013,126.0,479,8331.0,8457.0
24453,ID00014,128.0,479,8331.0,8459.0
24454,ID00015,128.0,479,8331.0,8459.0
24455,ID00016,127.0,479,8331.0,8458.0
24456,ID00017,125.0,479,8331.0,8456.0
24457,ID00018,129.0,479,8331.0,8460.0
24458,ID00019,127.0,479,8331.0,8458.0
24459,ID00020,126.0,479,8331.0,8457.0
24460,ID00021,129.0,479,8331.0,8460.0
24461,ID00022,127.0,479,8331.0,8458.0
24462,ID00023,129.0,479,8331.0,8460.0
24463,ID00024,126.0,479,8328.0,8454.0
24464,ID00025,127.0,479,8331.0,8458.0
24465,ID00026,130.0,479,8331.0,8461.0
24466,ID00027,126.0,479,8331.0,8457.0
24467,ID00028,128.0,479,8331.0,8459.0
24468,ID00029,128.0,479,8330.0,8458.0
24469,ID00030,128.0,479,8331.0,8459.0
24470,ID00031,128.0,479,8331.0,8459.0
24471,ID00032,127.0,479,8331.0,8458.0
24472,ID00033,127.0,479,8331.0,8458.0
24473,ID00034,127.0,479,8331.0,8458.0
24474,ID00035,127.0,479,8331.0,8458.0
24475,ID00036,27.0,479,8467.0,8494.0
24476,ID00037,64.0,479,8497.0,8561.0
24477,ID00038,131.0,479,8564.0,8695.0
24478,ID00039,129.0,479,8564.0,8693.0
24479,ID00040,131.0,479,8564.0,8695.0
24480,ID00041,128.0,479,8564.0,8692.0
24481,ID00042,126.0,479,8564.0,8690.0
24482,ID00043,128.0,479,8564.0,8692.0
24483,ID00044,129.0,479,8564.0,8693.0
24484,ID00045,129.0,479,8564.0,8693.0
24485,ID00046,30.0,479,8737.0,8767.0
24486,ID00047,59.0,479,8770.0,8829.0
24487,ID00048,59.0,479,9481.0,9540.0
24488,ID00049,6.0,479,9554.0,9560.0
24489,finish,0.0,479,9562.0,9562.0
24490,entry,0.0,480,8100,8100.0
24491,ID00000,165.0,480,8123.0,8288.0
24492,ID00001,165.0,480,8123.0,8288.0
24493,ID00002,166.0,480,8123.0,8289.0
24494,ID00003,166.0,480,8123.0,8289.0
24495,ID00004,163.0,480,8123.0,8286.0
24496,ID00005,166.0,480,8123.0,8289.0
24497,ID00006,164.0,480,8123.0,8287.0
24498,ID00007,166.0,480,8123.0,8289.0
24499,ID00008,129.0,480,8330.0,8459.0
24500,ID00009,128.0,480,8331.0,8459.0
24501,ID00010,126.0,480,8330.0,8456.0
24502,ID00011,128.0,480,8331.0,8459.0
24503,ID00012,129.0,480,8330.0,8459.0
24504,ID00013,126.0,480,8331.0,8457.0
24505,ID00014,128.0,480,8331.0,8459.0
24506,ID00015,128.0,480,8331.0,8459.0
24507,ID00016,127.0,480,8331.0,8458.0
24508,ID00017,125.0,480,8331.0,8456.0
24509,ID00018,129.0,480,8331.0,8460.0
24510,ID00019,127.0,480,8331.0,8458.0
24511,ID00020,126.0,480,8331.0,8457.0
24512,ID00021,129.0,480,8331.0,8460.0
24513,ID00022,127.0,480,8331.0,8458.0
24514,ID00023,129.0,480,8331.0,8460.0
24515,ID00024,126.0,480,8328.0,8454.0
24516,ID00025,127.0,480,8331.0,8458.0
24517,ID00026,130.0,480,8331.0,8461.0
24518,ID00027,126.0,480,8331.0,8457.0
24519,ID00028,128.0,480,8331.0,8459.0
24520,ID00029,128.0,480,8330.0,8458.0
24521,ID00030,128.0,480,8331.0,8459.0
24522,ID00031,128.0,480,8331.0,8459.0
24523,ID00032,127.0,480,8331.0,8458.0
24524,ID00033,127.0,480,8331.0,8458.0
24525,ID00034,127.0,480,8331.0,8458.0
24526,ID00035,127.0,480,8331.0,8458.0
24527,ID00036,27.0,480,8467.0,8494.0
24528,ID00037,64.0,480,8497.0,8561.0
24529,ID00038,131.0,480,8564.0,8695.0
24530,ID00039,129.0,480,8564.0,8693.0
24531,ID00040,131.0,480,8564.0,8695.0
24532,ID00041,128.0,480,8564.0,8692.0
24533,ID00042,126.0,480,8564.0,8690.0
24534,ID00043,128.0,480,8564.0,8692.0
24535,ID00044,129.0,480,8564.0,8693.0
24536,ID00045,129.0,480,8564.0,8693.0
24537,ID00046,30.0,480,8737.0,8767.0
24538,ID00047,59.0,480,8770.0,8829.0
24539,ID00048,59.0,480,9481.0,9540.0
24540,ID00049,6.0,480,9554.0,9560.0
24541,finish,0.0,480,9562.0,9562.0
24542,entry,0.0,481,8100,8100.0
24543,ID00000,165.0,481,8123.0,8288.0
24544,ID00001,165.0,481,8123.0,8288.0
24545,ID00002,166.0,481,8123.0,8289.0
24546,ID00003,166.0,481,8123.0,8289.0
24547,ID00004,163.0,481,8123.0,8286.0
24548,ID00005,166.0,481,8123.0,8289.0
24549,ID00006,164.0,481,8123.0,8287.0
24550,ID00007,166.0,481,8123.0,8289.0
24551,ID00008,129.0,481,8330.0,8459.0
24552,ID00009,128.0,481,8331.0,8459.0
24553,ID00010,126.0,481,8330.0,8456.0
24554,ID00011,128.0,481,8331.0,8459.0
24555,ID00012,129.0,481,8330.0,8459.0
24556,ID00013,126.0,481,8331.0,8457.0
24557,ID00014,128.0,481,8331.0,8459.0
24558,ID00015,128.0,481,8331.0,8459.0
24559,ID00016,127.0,481,8331.0,8458.0
24560,ID00017,125.0,481,8331.0,8456.0
24561,ID00018,129.0,481,8331.0,8460.0
24562,ID00019,127.0,481,8331.0,8458.0
24563,ID00020,126.0,481,8331.0,8457.0
24564,ID00021,129.0,481,8331.0,8460.0
24565,ID00022,127.0,481,8331.0,8458.0
24566,ID00023,129.0,481,8331.0,8460.0
24567,ID00024,126.0,481,8328.0,8454.0
24568,ID00025,127.0,481,8331.0,8458.0
24569,ID00026,130.0,481,8331.0,8461.0
24570,ID00027,126.0,481,8331.0,8457.0
24571,ID00028,128.0,481,8331.0,8459.0
24572,ID00029,128.0,481,8330.0,8458.0
24573,ID00030,128.0,481,8331.0,8459.0
24574,ID00031,128.0,481,8331.0,8459.0
24575,ID00032,127.0,481,8331.0,8458.0
24576,ID00033,127.0,481,8331.0,8458.0
24577,ID00034,127.0,481,8331.0,8458.0
24578,ID00035,127.0,481,8331.0,8458.0
24579,ID00036,27.0,481,8467.0,8494.0
24580,ID00037,64.0,481,8497.0,8561.0
24581,ID00038,131.0,481,8564.0,8695.0
24582,ID00039,129.0,481,8564.0,8693.0
24583,ID00040,131.0,481,8564.0,8695.0
24584,ID00041,128.0,481,8564.0,8692.0
24585,ID00042,126.0,481,8564.0,8690.0
24586,ID00043,128.0,481,8564.0,8692.0
24587,ID00044,129.0,481,8564.0,8693.0
24588,ID00045,129.0,481,8564.0,8693.0
24589,ID00046,30.0,481,8737.0,8767.0
24590,ID00047,59.0,481,8770.0,8829.0
24591,ID00048,59.0,481,9481.0,9540.0
24592,ID00049,6.0,481,9554.0,9560.0
24593,finish,0.0,481,9562.0,9562.0
24594,entry,0.0,482,8100,8100.0
24595,ID00000,3.0,482,8108.0,8111.0
24596,ID00001,3.0,482,8104.0,8107.0
24597,ID00002,3.0,482,8104.0,8107.0
24598,ID00003,3.0,482,8104.0,8107.0
24599,ID00004,3.0,482,8104.0,8107.0
24600,ID00005,3.0,482,8104.0,8107.0
24601,ID00006,3.0,482,8104.0,8107.0
24602,ID00007,3.0,482,8104.0,8107.0
24603,ID00008,3.0,482,8104.0,8107.0
24604,ID00009,3.0,482,8104.0,8107.0
24605,ID00010,3.0,482,8104.0,8107.0
24606,ID00011,3.0,482,8104.0,8107.0
24607,ID00012,3.0,482,8104.0,8107.0
24608,ID00013,497.0,482,8102.0,8599.0
24609,ID00014,10.0,482,8102.0,8112.0
24610,ID00015,20.0,482,8103.0,8123.0
24611,ID00016,468.0,482,9004.0,9472.0
24612,ID00017,134.0,482,9475.0,9609.0
24613,ID00018,3.0,482,9623.0,9626.0
24614,ID00019,3.0,482,9623.0,9626.0
24615,ID00020,329.0,482,9623.0,9952.0
24616,ID00021,9.0,482,9627.0,9636.0
24617,ID00022,3.0,482,9623.0,9626.0
24618,ID00023,3.0,482,9960.0,9963.0
24619,ID00025,3.0,482,8108.0,8111.0
24620,ID00026,3.0,482,8104.0,8107.0
24621,ID00027,3.0,482,8104.0,8107.0
24622,ID00028,3.0,482,8104.0,8107.0
24623,ID00029,3.0,482,8104.0,8107.0
24624,ID00030,3.0,482,8104.0,8107.0
24625,ID00031,3.0,482,8104.0,8107.0
24626,ID00032,3.0,482,8104.0,8107.0
24627,ID00033,3.0,482,8104.0,8107.0
24628,ID00034,3.0,482,8104.0,8107.0
24629,ID00035,3.0,482,8104.0,8107.0
24630,ID00036,3.0,482,8104.0,8107.0
24631,ID00037,3.0,482,8104.0,8107.0
24632,ID00038,277.0,482,8102.0,8379.0
24633,ID00039,10.0,482,8102.0,8112.0
24634,ID00040,9.0,482,8103.0,8112.0
24635,ID00041,626.0,482,9008.0,9634.0
24636,ID00042,46.0,482,9637.0,9683.0
24637,ID00043,3.0,482,9697.0,9700.0
24638,ID00044,3.0,482,9697.0,9700.0
24639,ID00045,319.0,482,9697.0,10016.0
24640,ID00046,9.0,482,9701.0,9710.0
24641,ID00047,3.0,482,9697.0,9700.0
24642,ID00048,3.0,482,10024.0,10027.0
24643,finish,0.0,482,10035.0,10035.0
24644,entry,0.0,483,8100,8100.0
24645,ID00000,57.0,483,8386.0,8443.0
24646,ID00001,56.0,483,8386.0,8442.0
24647,ID00002,54.0,483,8386.0,8440.0
24648,ID00003,54.0,483,8386.0,8440.0
24649,ID00004,56.0,483,8385.0,8441.0
24650,ID00005,55.0,483,8386.0,8441.0
24651,ID00006,55.0,483,8386.0,8441.0
24652,ID00007,55.0,483,8386.0,8441.0
24653,ID00008,55.0,483,8386.0,8441.0
24654,ID00009,55.0,483,8386.0,8441.0
24655,ID00010,54.0,483,8386.0,8440.0
24656,ID00011,54.0,483,8386.0,8440.0
24657,ID00012,1768.0,483,8450.0,10218.0
24658,ID00013,1486.0,483,8450.0,9936.0
24659,ID00014,1667.0,483,8448.0,10115.0
24660,ID00015,1360.0,483,8447.0,9807.0
24661,ID00016,1286.0,483,8448.0,9734.0
24662,ID00017,1598.0,483,8448.0,10046.0
24663,ID00018,880.0,483,8448.0,9328.0
24664,ID00019,1746.0,483,8448.0,10194.0
24665,ID00020,988.0,483,8448.0,9436.0
24666,ID00021,1553.0,483,8448.0,10001.0
24667,ID00022,2027.0,483,8448.0,10475.0
24668,ID00023,1807.0,483,8447.0,10254.0
24669,ID00024,17.0,483,10478.0,10495.0
24670,ID00025,15.0,483,10498.0,10513.0
24671,ID00026,15.0,483,10498.0,10513.0
24672,ID00027,16.0,483,10498.0,10514.0
24673,ID00028,14.0,483,10498.0,10512.0
24674,ID00029,18.0,483,10498.0,10516.0
24675,ID00030,17.0,483,10498.0,10515.0
24676,ID00031,17.0,483,10498.0,10515.0
24677,ID00032,16.0,483,10498.0,10514.0
24678,ID00033,16.0,483,10498.0,10514.0
24679,ID00034,17.0,483,10498.0,10515.0
24680,ID00035,15.0,483,10498.0,10513.0
24681,ID00036,13.0,483,10498.0,10511.0
24682,ID00037,1607.0,483,10516.0,12123.0
24683,ID00038,1213.0,483,10516.0,11729.0
24684,ID00039,1186.0,483,10517.0,11703.0
24685,ID00040,1749.0,483,10515.0,12264.0
24686,ID00041,1473.0,483,10519.0,11992.0
24687,ID00042,1670.0,483,10518.0,12188.0
24688,ID00043,1139.0,483,10518.0,11657.0
24689,ID00044,1855.0,483,10517.0,12372.0
24690,ID00045,2015.0,483,10517.0,12532.0
24691,ID00046,2007.0,483,10518.0,12525.0
24692,ID00047,1767.0,483,10516.0,12283.0
24693,ID00048,911.0,483,10514.0,11425.0
24694,ID00049,16.0,483,12535.0,12551.0
24695,finish,0.0,483,12552.0,12552.0
24696,entry,0.0,484,8100,8100.0
24697,ID00000,3.0,484,8108.0,8111.0
24698,ID00001,3.0,484,8104.0,8107.0
24699,ID00002,3.0,484,8104.0,8107.0
24700,ID00003,3.0,484,8104.0,8107.0
24701,ID00004,3.0,484,8104.0,8107.0
24702,ID00005,3.0,484,8104.0,8107.0
24703,ID00006,3.0,484,8104.0,8107.0
24704,ID00007,3.0,484,8104.0,8107.0
24705,ID00008,3.0,484,8104.0,8107.0
24706,ID00009,3.0,484,8104.0,8107.0
24707,ID00010,3.0,484,8104.0,8107.0
24708,ID00011,3.0,484,8104.0,8107.0
24709,ID00012,3.0,484,8104.0,8107.0
24710,ID00013,497.0,484,8102.0,8599.0
24711,ID00014,10.0,484,8102.0,8112.0
24712,ID00015,20.0,484,8103.0,8123.0
24713,ID00016,468.0,484,9004.0,9472.0
24714,ID00017,134.0,484,9475.0,9609.0
24715,ID00018,3.0,484,9623.0,9626.0
24716,ID00019,3.0,484,9623.0,9626.0
24717,ID00020,329.0,484,9623.0,9952.0
24718,ID00021,9.0,484,9627.0,9636.0
24719,ID00022,3.0,484,9623.0,9626.0
24720,ID00023,3.0,484,9960.0,9963.0
24721,ID00025,3.0,484,8108.0,8111.0
24722,ID00026,3.0,484,8104.0,8107.0
24723,ID00027,3.0,484,8104.0,8107.0
24724,ID00028,3.0,484,8104.0,8107.0
24725,ID00029,3.0,484,8104.0,8107.0
24726,ID00030,3.0,484,8104.0,8107.0
24727,ID00031,3.0,484,8104.0,8107.0
24728,ID00032,3.0,484,8104.0,8107.0
24729,ID00033,3.0,484,8104.0,8107.0
24730,ID00034,3.0,484,8104.0,8107.0
24731,ID00035,3.0,484,8104.0,8107.0
24732,ID00036,3.0,484,8104.0,8107.0
24733,ID00037,3.0,484,8104.0,8107.0
24734,ID00038,277.0,484,8102.0,8379.0
24735,ID00039,10.0,484,8102.0,8112.0
24736,ID00040,9.0,484,8103.0,8112.0
24737,ID00041,626.0,484,9008.0,9634.0
24738,ID00042,46.0,484,9637.0,9683.0
24739,ID00043,3.0,484,9697.0,9700.0
24740,ID00044,3.0,484,9697.0,9700.0
24741,ID00045,319.0,484,9697.0,10016.0
24742,ID00046,9.0,484,9701.0,9710.0
24743,ID00047,3.0,484,9697.0,9700.0
24744,ID00048,3.0,484,10024.0,10027.0
24745,finish,0.0,484,10035.0,10035.0
24746,entry,0.0,485,8100,8100.0
24747,ID00000,165.0,485,8123.0,8288.0
24748,ID00001,165.0,485,8123.0,8288.0
24749,ID00002,166.0,485,8123.0,8289.0
24750,ID00003,166.0,485,8123.0,8289.0
24751,ID00004,163.0,485,8123.0,8286.0
24752,ID00005,166.0,485,8123.0,8289.0
24753,ID00006,164.0,485,8123.0,8287.0
24754,ID00007,166.0,485,8123.0,8289.0
24755,ID00008,129.0,485,8330.0,8459.0
24756,ID00009,128.0,485,8331.0,8459.0
24757,ID00010,126.0,485,8330.0,8456.0
24758,ID00011,128.0,485,8331.0,8459.0
24759,ID00012,129.0,485,8330.0,8459.0
24760,ID00013,126.0,485,8331.0,8457.0
24761,ID00014,128.0,485,8331.0,8459.0
24762,ID00015,128.0,485,8331.0,8459.0
24763,ID00016,127.0,485,8331.0,8458.0
24764,ID00017,125.0,485,8331.0,8456.0
24765,ID00018,129.0,485,8331.0,8460.0
24766,ID00019,127.0,485,8331.0,8458.0
24767,ID00020,126.0,485,8331.0,8457.0
24768,ID00021,129.0,485,8331.0,8460.0
24769,ID00022,127.0,485,8331.0,8458.0
24770,ID00023,129.0,485,8331.0,8460.0
24771,ID00024,126.0,485,8328.0,8454.0
24772,ID00025,127.0,485,8331.0,8458.0
24773,ID00026,130.0,485,8331.0,8461.0
24774,ID00027,126.0,485,8331.0,8457.0
24775,ID00028,128.0,485,8331.0,8459.0
24776,ID00029,128.0,485,8330.0,8458.0
24777,ID00030,128.0,485,8331.0,8459.0
24778,ID00031,128.0,485,8331.0,8459.0
24779,ID00032,127.0,485,8331.0,8458.0
24780,ID00033,127.0,485,8331.0,8458.0
24781,ID00034,127.0,485,8331.0,8458.0
24782,ID00035,127.0,485,8331.0,8458.0
24783,ID00036,27.0,485,8467.0,8494.0
24784,ID00037,64.0,485,8497.0,8561.0
24785,ID00038,131.0,485,8564.0,8695.0
24786,ID00039,129.0,485,8564.0,8693.0
24787,ID00040,131.0,485,8564.0,8695.0
24788,ID00041,128.0,485,8564.0,8692.0
24789,ID00042,126.0,485,8564.0,8690.0
24790,ID00043,128.0,485,8564.0,8692.0
24791,ID00044,129.0,485,8564.0,8693.0
24792,ID00045,129.0,485,8564.0,8693.0
24793,ID00046,30.0,485,8737.0,8767.0
24794,ID00047,59.0,485,8770.0,8829.0
24795,ID00048,59.0,485,9481.0,9540.0
24796,ID00049,6.0,485,9554.0,9560.0
24797,finish,0.0,485,9562.0,9562.0
24798,entry,0.0,486,8100,8100.0
24799,ID00000,6.0,486,14087.0,14093.0
24800,ID00001,5.0,486,14058.0,14063.0
24801,ID00002,3417.0,486,9667.0,13084.0
24802,ID00003,542.0,486,13108.0,13650.0
24803,ID00004,27.0,486,13653.0,13680.0
24804,ID00005,627.0,486,13108.0,13735.0
24805,ID00006,22.0,486,13738.0,13760.0
24806,ID00007,382.0,486,13108.0,13490.0
24807,ID00008,20.0,486,13493.0,13513.0
24808,ID00009,449.0,486,13108.0,13557.0
24809,ID00010,27.0,486,13560.0,13587.0
24810,ID00011,453.0,486,13108.0,13561.0
24811,ID00012,27.0,486,13564.0,13591.0
24812,ID00013,757.0,486,13108.0,13865.0
24813,ID00014,28.0,486,13868.0,13896.0
24814,ID00015,598.0,486,13108.0,13706.0
24815,ID00016,12.0,486,13709.0,13721.0
24816,ID00017,445.0,486,13108.0,13553.0
24817,ID00018,10.0,486,13556.0,13566.0
24818,ID00019,947.0,486,13108.0,14055.0
24819,ID00020,26.0,486,14058.0,14084.0
24820,ID00021,688.0,486,13108.0,13796.0
24821,ID00022,25.0,486,13799.0,13824.0
24822,ID00023,2589.0,486,9675.0,12264.0
24823,ID00024,1086.0,486,12280.0,13366.0
24824,ID00025,15.0,486,13369.0,13384.0
24825,ID00026,669.0,486,12280.0,12949.0
24826,ID00027,21.0,486,12952.0,12973.0
24827,ID00028,784.0,486,12280.0,13064.0
24828,ID00029,21.0,486,13067.0,13088.0
24829,ID00030,937.0,486,12280.0,13217.0
24830,ID00031,11.0,486,13220.0,13231.0
24831,ID00032,541.0,486,12280.0,12821.0
24832,ID00033,22.0,486,12824.0,12846.0
24833,ID00034,518.0,486,12280.0,12798.0
24834,ID00035,20.0,486,12801.0,12821.0
24835,ID00036,1103.0,486,12280.0,13383.0
24836,ID00037,19.0,486,13386.0,13405.0
24837,ID00038,969.0,486,12280.0,13249.0
24838,ID00039,19.0,486,13252.0,13271.0
24839,ID00040,490.0,486,12280.0,12770.0
24840,ID00041,27.0,486,12773.0,12800.0
24841,ID00042,984.0,486,12280.0,13264.0
24842,ID00043,19.0,486,13267.0,13286.0
24843,ID00044,446.0,486,12280.0,12726.0
24844,ID00045,23.0,486,12729.0,12752.0
24845,ID00046,441.0,486,12280.0,12721.0
24846,ID00047,10.0,486,12724.0,12734.0
24847,ID00048,602.0,486,12280.0,12882.0
24848,ID00049,12.0,486,12885.0,12897.0
24849,finish,0.0,486,14094.0,14094.0
24850,entry,0.0,487,8100,8100.0
24851,ID00000,3.0,487,8174.0,8177.0
24852,ID00001,3.0,487,8127.0,8130.0
24853,ID00002,3.0,487,8253.0,8256.0
24854,ID00003,3.0,487,8253.0,8256.0
24855,ID00004,3.0,487,8253.0,8256.0
24856,ID00005,3.0,487,8253.0,8256.0
24857,ID00006,3.0,487,8253.0,8256.0
24858,ID00007,3.0,487,8160.0,8163.0
24859,ID00008,3.0,487,8160.0,8163.0
24860,ID00009,3.0,487,8160.0,8163.0
24861,ID00010,3.0,487,8160.0,8163.0
24862,ID00011,3.0,487,8160.0,8163.0
24863,ID00012,3.0,487,8272.0,8275.0
24864,ID00013,3.0,487,8270.0,8273.0
24865,ID00014,3.0,487,8272.0,8275.0
24866,ID00015,3.0,487,8272.0,8275.0
24867,ID00016,3.0,487,8272.0,8275.0
24868,ID00017,3.0,487,8169.0,8172.0
24869,ID00018,3.0,487,8169.0,8172.0
24870,ID00019,3.0,487,8169.0,8172.0
24871,ID00020,3.0,487,8169.0,8172.0
24872,ID00021,3.0,487,8169.0,8172.0
24873,ID00022,3.0,487,8281.0,8284.0
24874,ID00023,3.0,487,8278.0,8281.0
24875,ID00024,3.0,487,8280.0,8283.0
24876,ID00025,3.0,487,8285.0,8288.0
24877,ID00026,3.0,487,8281.0,8284.0
24878,ID00027,3.0,487,8174.0,8177.0
24879,ID00028,3.0,487,8174.0,8177.0
24880,ID00029,3.0,487,8174.0,8177.0
24881,ID00030,3.0,487,8174.0,8177.0
24882,ID00031,3.0,487,8175.0,8178.0
24883,ID00032,172.0,487,8286.0,8458.0
24884,ID00033,230.0,487,8283.0,8513.0
24885,ID00034,125.0,487,8285.0,8410.0
24886,ID00035,175.0,487,8291.0,8466.0
24887,ID00036,163.0,487,8286.0,8449.0
24888,ID00037,178.0,487,8178.0,8356.0
24889,ID00038,217.0,487,8178.0,8395.0
24890,ID00039,175.0,487,8178.0,8353.0
24891,ID00040,181.0,487,8178.0,8359.0
24892,ID00041,158.0,487,8179.0,8337.0
24893,ID00042,3.0,487,8515.0,8518.0
24894,ID00043,3.0,487,8396.0,8399.0
24895,ID00044,3.0,487,8526.0,8529.0
24896,ID00045,3.0,487,8540.0,8543.0
24897,ID00046,62.0,487,8544.0,8606.0
24898,finish,0.0,487,8607.0,8607.0
24899,entry,0.0,488,8100,8100.0
24900,ID00000,3.0,488,8108.0,8111.0
24901,ID00001,3.0,488,8104.0,8107.0
24902,ID00002,3.0,488,8104.0,8107.0
24903,ID00003,3.0,488,8104.0,8107.0
24904,ID00004,3.0,488,8104.0,8107.0
24905,ID00005,3.0,488,8104.0,8107.0
24906,ID00006,3.0,488,8104.0,8107.0
24907,ID00007,3.0,488,8104.0,8107.0
24908,ID00008,3.0,488,8104.0,8107.0
24909,ID00009,3.0,488,8104.0,8107.0
24910,ID00010,3.0,488,8104.0,8107.0
24911,ID00011,3.0,488,8104.0,8107.0
24912,ID00012,3.0,488,8104.0,8107.0
24913,ID00013,497.0,488,8102.0,8599.0
24914,ID00014,10.0,488,8102.0,8112.0
24915,ID00015,20.0,488,8103.0,8123.0
24916,ID00016,468.0,488,9004.0,9472.0
24917,ID00017,134.0,488,9475.0,9609.0
24918,ID00018,3.0,488,9623.0,9626.0
24919,ID00019,3.0,488,9623.0,9626.0
24920,ID00020,329.0,488,9623.0,9952.0
24921,ID00021,9.0,488,9627.0,9636.0
24922,ID00022,3.0,488,9623.0,9626.0
24923,ID00023,3.0,488,9960.0,9963.0
24924,ID00025,3.0,488,8108.0,8111.0
24925,ID00026,3.0,488,8104.0,8107.0
24926,ID00027,3.0,488,8104.0,8107.0
24927,ID00028,3.0,488,8104.0,8107.0
24928,ID00029,3.0,488,8104.0,8107.0
24929,ID00030,3.0,488,8104.0,8107.0
24930,ID00031,3.0,488,8104.0,8107.0
24931,ID00032,3.0,488,8104.0,8107.0
24932,ID00033,3.0,488,8104.0,8107.0
24933,ID00034,3.0,488,8104.0,8107.0
24934,ID00035,3.0,488,8104.0,8107.0
24935,ID00036,3.0,488,8104.0,8107.0
24936,ID00037,3.0,488,8104.0,8107.0
24937,ID00038,277.0,488,8102.0,8379.0
24938,ID00039,10.0,488,8102.0,8112.0
24939,ID00040,9.0,488,8103.0,8112.0
24940,ID00041,626.0,488,9008.0,9634.0
24941,ID00042,46.0,488,9637.0,9683.0
24942,ID00043,3.0,488,9697.0,9700.0
24943,ID00044,3.0,488,9697.0,9700.0
24944,ID00045,319.0,488,9697.0,10016.0
24945,ID00046,9.0,488,9701.0,9710.0
24946,ID00047,3.0,488,9697.0,9700.0
24947,ID00048,3.0,488,10024.0,10027.0
24948,finish,0.0,488,10035.0,10035.0
24949,entry,0.0,489,8100,8100.0
24950,ID00000,3.0,489,8108.0,8111.0
24951,ID00001,3.0,489,8104.0,8107.0
24952,ID00002,3.0,489,8104.0,8107.0
24953,ID00003,3.0,489,8104.0,8107.0
24954,ID00004,3.0,489,8104.0,8107.0
24955,ID00005,3.0,489,8104.0,8107.0
24956,ID00006,3.0,489,8104.0,8107.0
24957,ID00007,3.0,489,8104.0,8107.0
24958,ID00008,3.0,489,8104.0,8107.0
24959,ID00009,3.0,489,8104.0,8107.0
24960,ID00010,3.0,489,8104.0,8107.0
24961,ID00011,3.0,489,8104.0,8107.0
24962,ID00012,3.0,489,8104.0,8107.0
24963,ID00013,497.0,489,8102.0,8599.0
24964,ID00014,10.0,489,8102.0,8112.0
24965,ID00015,20.0,489,8103.0,8123.0
24966,ID00016,468.0,489,9004.0,9472.0
24967,ID00017,134.0,489,9475.0,9609.0
24968,ID00018,3.0,489,9623.0,9626.0
24969,ID00019,3.0,489,9623.0,9626.0
24970,ID00020,329.0,489,9623.0,9952.0
24971,ID00021,9.0,489,9627.0,9636.0
24972,ID00022,3.0,489,9623.0,9626.0
24973,ID00023,3.0,489,9960.0,9963.0
24974,ID00025,3.0,489,8108.0,8111.0
24975,ID00026,3.0,489,8104.0,8107.0
24976,ID00027,3.0,489,8104.0,8107.0
24977,ID00028,3.0,489,8104.0,8107.0
24978,ID00029,3.0,489,8104.0,8107.0
24979,ID00030,3.0,489,8104.0,8107.0
24980,ID00031,3.0,489,8104.0,8107.0
24981,ID00032,3.0,489,8104.0,8107.0
24982,ID00033,3.0,489,8104.0,8107.0
24983,ID00034,3.0,489,8104.0,8107.0
24984,ID00035,3.0,489,8104.0,8107.0
24985,ID00036,3.0,489,8104.0,8107.0
24986,ID00037,3.0,489,8104.0,8107.0
24987,ID00038,277.0,489,8102.0,8379.0
24988,ID00039,10.0,489,8102.0,8112.0
24989,ID00040,9.0,489,8103.0,8112.0
24990,ID00041,626.0,489,9008.0,9634.0
24991,ID00042,46.0,489,9637.0,9683.0
24992,ID00043,3.0,489,9697.0,9700.0
24993,ID00044,3.0,489,9697.0,9700.0
24994,ID00045,319.0,489,9697.0,10016.0
24995,ID00046,9.0,489,9701.0,9710.0
24996,ID00047,3.0,489,9697.0,9700.0
24997,ID00048,3.0,489,10024.0,10027.0
24998,finish,0.0,489,10035.0,10035.0
24999,entry,0.0,490,8100,8100.0
25000,ID00000,165.0,490,8123.0,8288.0
25001,ID00001,165.0,490,8123.0,8288.0
25002,ID00002,166.0,490,8123.0,8289.0
25003,ID00003,166.0,490,8123.0,8289.0
25004,ID00004,163.0,490,8123.0,8286.0
25005,ID00005,166.0,490,8123.0,8289.0
25006,ID00006,164.0,490,8123.0,8287.0
25007,ID00007,166.0,490,8123.0,8289.0
25008,ID00008,129.0,490,8330.0,8459.0
25009,ID00009,128.0,490,8331.0,8459.0
25010,ID00010,126.0,490,8330.0,8456.0
25011,ID00011,128.0,490,8331.0,8459.0
25012,ID00012,129.0,490,8330.0,8459.0
25013,ID00013,126.0,490,8331.0,8457.0
25014,ID00014,128.0,490,8331.0,8459.0
25015,ID00015,128.0,490,8331.0,8459.0
25016,ID00016,127.0,490,8331.0,8458.0
25017,ID00017,125.0,490,8331.0,8456.0
25018,ID00018,129.0,490,8331.0,8460.0
25019,ID00019,127.0,490,8331.0,8458.0
25020,ID00020,126.0,490,8331.0,8457.0
25021,ID00021,129.0,490,8331.0,8460.0
25022,ID00022,127.0,490,8331.0,8458.0
25023,ID00023,129.0,490,8331.0,8460.0
25024,ID00024,126.0,490,8328.0,8454.0
25025,ID00025,127.0,490,8331.0,8458.0
25026,ID00026,130.0,490,8331.0,8461.0
25027,ID00027,126.0,490,8331.0,8457.0
25028,ID00028,128.0,490,8331.0,8459.0
25029,ID00029,128.0,490,8330.0,8458.0
25030,ID00030,128.0,490,8331.0,8459.0
25031,ID00031,128.0,490,8331.0,8459.0
25032,ID00032,127.0,490,8331.0,8458.0
25033,ID00033,127.0,490,8331.0,8458.0
25034,ID00034,127.0,490,8331.0,8458.0
25035,ID00035,127.0,490,8331.0,8458.0
25036,ID00036,27.0,490,8467.0,8494.0
25037,ID00037,64.0,490,8497.0,8561.0
25038,ID00038,131.0,490,8564.0,8695.0
25039,ID00039,129.0,490,8564.0,8693.0
25040,ID00040,131.0,490,8564.0,8695.0
25041,ID00041,128.0,490,8564.0,8692.0
25042,ID00042,126.0,490,8564.0,8690.0
25043,ID00043,128.0,490,8564.0,8692.0
25044,ID00044,129.0,490,8564.0,8693.0
25045,ID00045,129.0,490,8564.0,8693.0
25046,ID00046,30.0,490,8737.0,8767.0
25047,ID00047,59.0,490,8770.0,8829.0
25048,ID00048,59.0,490,9481.0,9540.0
25049,ID00049,6.0,490,9554.0,9560.0
25050,finish,0.0,490,9562.0,9562.0
25051,entry,0.0,491,8100,8100.0
25052,ID00000,6.0,491,14087.0,14093.0
25053,ID00001,5.0,491,14058.0,14063.0
25054,ID00002,3417.0,491,9667.0,13084.0
25055,ID00003,542.0,491,13108.0,13650.0
25056,ID00004,27.0,491,13653.0,13680.0
25057,ID00005,627.0,491,13108.0,13735.0
25058,ID00006,22.0,491,13738.0,13760.0
25059,ID00007,382.0,491,13108.0,13490.0
25060,ID00008,20.0,491,13493.0,13513.0
25061,ID00009,449.0,491,13108.0,13557.0
25062,ID00010,27.0,491,13560.0,13587.0
25063,ID00011,453.0,491,13108.0,13561.0
25064,ID00012,27.0,491,13564.0,13591.0
25065,ID00013,757.0,491,13108.0,13865.0
25066,ID00014,28.0,491,13868.0,13896.0
25067,ID00015,598.0,491,13108.0,13706.0
25068,ID00016,12.0,491,13709.0,13721.0
25069,ID00017,445.0,491,13108.0,13553.0
25070,ID00018,10.0,491,13556.0,13566.0
25071,ID00019,947.0,491,13108.0,14055.0
25072,ID00020,26.0,491,14058.0,14084.0
25073,ID00021,688.0,491,13108.0,13796.0
25074,ID00022,25.0,491,13799.0,13824.0
25075,ID00023,2589.0,491,9675.0,12264.0
25076,ID00024,1086.0,491,12280.0,13366.0
25077,ID00025,15.0,491,13369.0,13384.0
25078,ID00026,669.0,491,12280.0,12949.0
25079,ID00027,21.0,491,12952.0,12973.0
25080,ID00028,784.0,491,12280.0,13064.0
25081,ID00029,21.0,491,13067.0,13088.0
25082,ID00030,937.0,491,12280.0,13217.0
25083,ID00031,11.0,491,13220.0,13231.0
25084,ID00032,541.0,491,12280.0,12821.0
25085,ID00033,22.0,491,12824.0,12846.0
25086,ID00034,518.0,491,12280.0,12798.0
25087,ID00035,20.0,491,12801.0,12821.0
25088,ID00036,1103.0,491,12280.0,13383.0
25089,ID00037,19.0,491,13386.0,13405.0
25090,ID00038,969.0,491,12280.0,13249.0
25091,ID00039,19.0,491,13252.0,13271.0
25092,ID00040,490.0,491,12280.0,12770.0
25093,ID00041,27.0,491,12773.0,12800.0
25094,ID00042,984.0,491,12280.0,13264.0
25095,ID00043,19.0,491,13267.0,13286.0
25096,ID00044,446.0,491,12280.0,12726.0
25097,ID00045,23.0,491,12729.0,12752.0
25098,ID00046,441.0,491,12280.0,12721.0
25099,ID00047,10.0,491,12724.0,12734.0
25100,ID00048,602.0,491,12280.0,12882.0
25101,ID00049,12.0,491,12885.0,12897.0
25102,finish,0.0,491,14094.0,14094.0
25103,entry,0.0,492,8100,8100.0
25104,ID00000,3.0,492,8108.0,8111.0
25105,ID00001,3.0,492,8104.0,8107.0
25106,ID00002,3.0,492,8104.0,8107.0
25107,ID00003,3.0,492,8104.0,8107.0
25108,ID00004,3.0,492,8104.0,8107.0
25109,ID00005,3.0,492,8104.0,8107.0
25110,ID00006,3.0,492,8104.0,8107.0
25111,ID00007,3.0,492,8104.0,8107.0
25112,ID00008,3.0,492,8104.0,8107.0
25113,ID00009,3.0,492,8104.0,8107.0
25114,ID00010,3.0,492,8104.0,8107.0
25115,ID00011,3.0,492,8104.0,8107.0
25116,ID00012,3.0,492,8104.0,8107.0
25117,ID00013,497.0,492,8102.0,8599.0
25118,ID00014,10.0,492,8102.0,8112.0
25119,ID00015,20.0,492,8103.0,8123.0
25120,ID00016,468.0,492,9004.0,9472.0
25121,ID00017,134.0,492,9475.0,9609.0
25122,ID00018,3.0,492,9623.0,9626.0
25123,ID00019,3.0,492,9623.0,9626.0
25124,ID00020,329.0,492,9623.0,9952.0
25125,ID00021,9.0,492,9627.0,9636.0
25126,ID00022,3.0,492,9623.0,9626.0
25127,ID00023,3.0,492,9960.0,9963.0
25128,ID00025,3.0,492,8108.0,8111.0
25129,ID00026,3.0,492,8104.0,8107.0
25130,ID00027,3.0,492,8104.0,8107.0
25131,ID00028,3.0,492,8104.0,8107.0
25132,ID00029,3.0,492,8104.0,8107.0
25133,ID00030,3.0,492,8104.0,8107.0
25134,ID00031,3.0,492,8104.0,8107.0
25135,ID00032,3.0,492,8104.0,8107.0
25136,ID00033,3.0,492,8104.0,8107.0
25137,ID00034,3.0,492,8104.0,8107.0
25138,ID00035,3.0,492,8104.0,8107.0
25139,ID00036,3.0,492,8104.0,8107.0
25140,ID00037,3.0,492,8104.0,8107.0
25141,ID00038,277.0,492,8102.0,8379.0
25142,ID00039,10.0,492,8102.0,8112.0
25143,ID00040,9.0,492,8103.0,8112.0
25144,ID00041,626.0,492,9008.0,9634.0
25145,ID00042,46.0,492,9637.0,9683.0
25146,ID00043,3.0,492,9697.0,9700.0
25147,ID00044,3.0,492,9697.0,9700.0
25148,ID00045,319.0,492,9697.0,10016.0
25149,ID00046,9.0,492,9701.0,9710.0
25150,ID00047,3.0,492,9697.0,9700.0
25151,ID00048,3.0,492,10024.0,10027.0
25152,finish,0.0,492,10035.0,10035.0
25153,entry,0.0,493,8100,8100.0
25154,ID00000,57.0,493,8386.0,8443.0
25155,ID00001,56.0,493,8386.0,8442.0
25156,ID00002,54.0,493,8386.0,8440.0
25157,ID00003,54.0,493,8386.0,8440.0
25158,ID00004,56.0,493,8385.0,8441.0
25159,ID00005,55.0,493,8386.0,8441.0
25160,ID00006,55.0,493,8386.0,8441.0
25161,ID00007,55.0,493,8386.0,8441.0
25162,ID00008,55.0,493,8386.0,8441.0
25163,ID00009,55.0,493,8386.0,8441.0
25164,ID00010,54.0,493,8386.0,8440.0
25165,ID00011,54.0,493,8386.0,8440.0
25166,ID00012,1768.0,493,8450.0,10218.0
25167,ID00013,1486.0,493,8450.0,9936.0
25168,ID00014,1667.0,493,8448.0,10115.0
25169,ID00015,1360.0,493,8447.0,9807.0
25170,ID00016,1286.0,493,8448.0,9734.0
25171,ID00017,1598.0,493,8448.0,10046.0
25172,ID00018,880.0,493,8448.0,9328.0
25173,ID00019,1746.0,493,8448.0,10194.0
25174,ID00020,988.0,493,8448.0,9436.0
25175,ID00021,1553.0,493,8448.0,10001.0
25176,ID00022,2027.0,493,8448.0,10475.0
25177,ID00023,1807.0,493,8447.0,10254.0
25178,ID00024,17.0,493,10478.0,10495.0
25179,ID00025,15.0,493,10498.0,10513.0
25180,ID00026,15.0,493,10498.0,10513.0
25181,ID00027,16.0,493,10498.0,10514.0
25182,ID00028,14.0,493,10498.0,10512.0
25183,ID00029,18.0,493,10498.0,10516.0
25184,ID00030,17.0,493,10498.0,10515.0
25185,ID00031,17.0,493,10498.0,10515.0
25186,ID00032,16.0,493,10498.0,10514.0
25187,ID00033,16.0,493,10498.0,10514.0
25188,ID00034,17.0,493,10498.0,10515.0
25189,ID00035,15.0,493,10498.0,10513.0
25190,ID00036,13.0,493,10498.0,10511.0
25191,ID00037,1607.0,493,10516.0,12123.0
25192,ID00038,1213.0,493,10516.0,11729.0
25193,ID00039,1186.0,493,10517.0,11703.0
25194,ID00040,1749.0,493,10515.0,12264.0
25195,ID00041,1473.0,493,10519.0,11992.0
25196,ID00042,1670.0,493,10518.0,12188.0
25197,ID00043,1139.0,493,10518.0,11657.0
25198,ID00044,1855.0,493,10517.0,12372.0
25199,ID00045,2015.0,493,10517.0,12532.0
25200,ID00046,2007.0,493,10518.0,12525.0
25201,ID00047,1767.0,493,10516.0,12283.0
25202,ID00048,911.0,493,10514.0,11425.0
25203,ID00049,16.0,493,12535.0,12551.0
25204,finish,0.0,493,12552.0,12552.0
25205,entry,0.0,494,8100,8100.0
25206,ID00000,3.0,494,8174.0,8177.0
25207,ID00001,3.0,494,8127.0,8130.0
25208,ID00002,3.0,494,8253.0,8256.0
25209,ID00003,3.0,494,8253.0,8256.0
25210,ID00004,3.0,494,8253.0,8256.0
25211,ID00005,3.0,494,8253.0,8256.0
25212,ID00006,3.0,494,8253.0,8256.0
25213,ID00007,3.0,494,8160.0,8163.0
25214,ID00008,3.0,494,8160.0,8163.0
25215,ID00009,3.0,494,8160.0,8163.0
25216,ID00010,3.0,494,8160.0,8163.0
25217,ID00011,3.0,494,8160.0,8163.0
25218,ID00012,3.0,494,8272.0,8275.0
25219,ID00013,3.0,494,8270.0,8273.0
25220,ID00014,3.0,494,8272.0,8275.0
25221,ID00015,3.0,494,8272.0,8275.0
25222,ID00016,3.0,494,8272.0,8275.0
25223,ID00017,3.0,494,8169.0,8172.0
25224,ID00018,3.0,494,8169.0,8172.0
25225,ID00019,3.0,494,8169.0,8172.0
25226,ID00020,3.0,494,8169.0,8172.0
25227,ID00021,3.0,494,8169.0,8172.0
25228,ID00022,3.0,494,8281.0,8284.0
25229,ID00023,3.0,494,8278.0,8281.0
25230,ID00024,3.0,494,8280.0,8283.0
25231,ID00025,3.0,494,8285.0,8288.0
25232,ID00026,3.0,494,8281.0,8284.0
25233,ID00027,3.0,494,8174.0,8177.0
25234,ID00028,3.0,494,8174.0,8177.0
25235,ID00029,3.0,494,8174.0,8177.0
25236,ID00030,3.0,494,8174.0,8177.0
25237,ID00031,3.0,494,8175.0,8178.0
25238,ID00032,172.0,494,8286.0,8458.0
25239,ID00033,230.0,494,8283.0,8513.0
25240,ID00034,125.0,494,8285.0,8410.0
25241,ID00035,175.0,494,8291.0,8466.0
25242,ID00036,163.0,494,8286.0,8449.0
25243,ID00037,178.0,494,8178.0,8356.0
25244,ID00038,217.0,494,8178.0,8395.0
25245,ID00039,175.0,494,8178.0,8353.0
25246,ID00040,181.0,494,8178.0,8359.0
25247,ID00041,158.0,494,8179.0,8337.0
25248,ID00042,3.0,494,8515.0,8518.0
25249,ID00043,3.0,494,8396.0,8399.0
25250,ID00044,3.0,494,8526.0,8529.0
25251,ID00045,3.0,494,8540.0,8543.0
25252,ID00046,62.0,494,8544.0,8606.0
25253,finish,0.0,494,8607.0,8607.0
25254,entry,0.0,495,8100,8100.0
25255,ID00000,3.0,495,8108.0,8111.0
25256,ID00001,3.0,495,8104.0,8107.0
25257,ID00002,3.0,495,8104.0,8107.0
25258,ID00003,3.0,495,8104.0,8107.0
25259,ID00004,3.0,495,8104.0,8107.0
25260,ID00005,3.0,495,8104.0,8107.0
25261,ID00006,3.0,495,8104.0,8107.0
25262,ID00007,3.0,495,8104.0,8107.0
25263,ID00008,3.0,495,8104.0,8107.0
25264,ID00009,3.0,495,8104.0,8107.0
25265,ID00010,3.0,495,8104.0,8107.0
25266,ID00011,3.0,495,8104.0,8107.0
25267,ID00012,3.0,495,8104.0,8107.0
25268,ID00013,497.0,495,8102.0,8599.0
25269,ID00014,10.0,495,8102.0,8112.0
25270,ID00015,20.0,495,8103.0,8123.0
25271,ID00016,468.0,495,9004.0,9472.0
25272,ID00017,134.0,495,9475.0,9609.0
25273,ID00018,3.0,495,9623.0,9626.0
25274,ID00019,3.0,495,9623.0,9626.0
25275,ID00020,329.0,495,9623.0,9952.0
25276,ID00021,9.0,495,9627.0,9636.0
25277,ID00022,3.0,495,9623.0,9626.0
25278,ID00023,3.0,495,9960.0,9963.0
25279,ID00025,3.0,495,8108.0,8111.0
25280,ID00026,3.0,495,8104.0,8107.0
25281,ID00027,3.0,495,8104.0,8107.0
25282,ID00028,3.0,495,8104.0,8107.0
25283,ID00029,3.0,495,8104.0,8107.0
25284,ID00030,3.0,495,8104.0,8107.0
25285,ID00031,3.0,495,8104.0,8107.0
25286,ID00032,3.0,495,8104.0,8107.0
25287,ID00033,3.0,495,8104.0,8107.0
25288,ID00034,3.0,495,8104.0,8107.0
25289,ID00035,3.0,495,8104.0,8107.0
25290,ID00036,3.0,495,8104.0,8107.0
25291,ID00037,3.0,495,8104.0,8107.0
25292,ID00038,277.0,495,8102.0,8379.0
25293,ID00039,10.0,495,8102.0,8112.0
25294,ID00040,9.0,495,8103.0,8112.0
25295,ID00041,626.0,495,9008.0,9634.0
25296,ID00042,46.0,495,9637.0,9683.0
25297,ID00043,3.0,495,9697.0,9700.0
25298,ID00044,3.0,495,9697.0,9700.0
25299,ID00045,319.0,495,9697.0,10016.0
25300,ID00046,9.0,495,9701.0,9710.0
25301,ID00047,3.0,495,9697.0,9700.0
25302,ID00048,3.0,495,10024.0,10027.0
25303,finish,0.0,495,10035.0,10035.0
25304,entry,0.0,496,8100,8100.0
25305,ID00000,57.0,496,8386.0,8443.0
25306,ID00001,56.0,496,8386.0,8442.0
25307,ID00002,54.0,496,8386.0,8440.0
25308,ID00003,54.0,496,8386.0,8440.0
25309,ID00004,56.0,496,8385.0,8441.0
25310,ID00005,55.0,496,8386.0,8441.0
25311,ID00006,55.0,496,8386.0,8441.0
25312,ID00007,55.0,496,8386.0,8441.0
25313,ID00008,55.0,496,8386.0,8441.0
25314,ID00009,55.0,496,8386.0,8441.0
25315,ID00010,54.0,496,8386.0,8440.0
25316,ID00011,54.0,496,8386.0,8440.0
25317,ID00012,1768.0,496,8450.0,10218.0
25318,ID00013,1486.0,496,8450.0,9936.0
25319,ID00014,1667.0,496,8448.0,10115.0
25320,ID00015,1360.0,496,8447.0,9807.0
25321,ID00016,1286.0,496,8448.0,9734.0
25322,ID00017,1598.0,496,8448.0,10046.0
25323,ID00018,880.0,496,8448.0,9328.0
25324,ID00019,1746.0,496,8448.0,10194.0
25325,ID00020,988.0,496,8448.0,9436.0
25326,ID00021,1553.0,496,8448.0,10001.0
25327,ID00022,2027.0,496,8448.0,10475.0
25328,ID00023,1807.0,496,8447.0,10254.0
25329,ID00024,17.0,496,10478.0,10495.0
25330,ID00025,15.0,496,10498.0,10513.0
25331,ID00026,15.0,496,10498.0,10513.0
25332,ID00027,16.0,496,10498.0,10514.0
25333,ID00028,14.0,496,10498.0,10512.0
25334,ID00029,18.0,496,10498.0,10516.0
25335,ID00030,17.0,496,10498.0,10515.0
25336,ID00031,17.0,496,10498.0,10515.0
25337,ID00032,16.0,496,10498.0,10514.0
25338,ID00033,16.0,496,10498.0,10514.0
25339,ID00034,17.0,496,10498.0,10515.0
25340,ID00035,15.0,496,10498.0,10513.0
25341,ID00036,13.0,496,10498.0,10511.0
25342,ID00037,1607.0,496,10516.0,12123.0
25343,ID00038,1213.0,496,10516.0,11729.0
25344,ID00039,1186.0,496,10517.0,11703.0
25345,ID00040,1749.0,496,10515.0,12264.0
25346,ID00041,1473.0,496,10519.0,11992.0
25347,ID00042,1670.0,496,10518.0,12188.0
25348,ID00043,1139.0,496,10518.0,11657.0
25349,ID00044,1855.0,496,10517.0,12372.0
25350,ID00045,2015.0,496,10517.0,12532.0
25351,ID00046,2007.0,496,10518.0,12525.0
25352,ID00047,1767.0,496,10516.0,12283.0
25353,ID00048,911.0,496,10514.0,11425.0
25354,ID00049,16.0,496,12535.0,12551.0
25355,finish,0.0,496,12552.0,12552.0
25356,entry,0.0,497,8100,8100.0
25357,ID00000,165.0,497,8123.0,8288.0
25358,ID00001,165.0,497,8123.0,8288.0
25359,ID00002,166.0,497,8123.0,8289.0
25360,ID00003,166.0,497,8123.0,8289.0
25361,ID00004,163.0,497,8123.0,8286.0
25362,ID00005,166.0,497,8123.0,8289.0
25363,ID00006,164.0,497,8123.0,8287.0
25364,ID00007,166.0,497,8123.0,8289.0
25365,ID00008,129.0,497,8330.0,8459.0
25366,ID00009,128.0,497,8331.0,8459.0
25367,ID00010,126.0,497,8330.0,8456.0
25368,ID00011,128.0,497,8331.0,8459.0
25369,ID00012,129.0,497,8330.0,8459.0
25370,ID00013,126.0,497,8331.0,8457.0
25371,ID00014,128.0,497,8331.0,8459.0
25372,ID00015,128.0,497,8331.0,8459.0
25373,ID00016,127.0,497,8331.0,8458.0
25374,ID00017,125.0,497,8331.0,8456.0
25375,ID00018,129.0,497,8331.0,8460.0
25376,ID00019,127.0,497,8331.0,8458.0
25377,ID00020,126.0,497,8331.0,8457.0
25378,ID00021,129.0,497,8331.0,8460.0
25379,ID00022,127.0,497,8331.0,8458.0
25380,ID00023,129.0,497,8331.0,8460.0
25381,ID00024,126.0,497,8328.0,8454.0
25382,ID00025,127.0,497,8331.0,8458.0
25383,ID00026,130.0,497,8331.0,8461.0
25384,ID00027,126.0,497,8331.0,8457.0
25385,ID00028,128.0,497,8331.0,8459.0
25386,ID00029,128.0,497,8330.0,8458.0
25387,ID00030,128.0,497,8331.0,8459.0
25388,ID00031,128.0,497,8331.0,8459.0
25389,ID00032,127.0,497,8331.0,8458.0
25390,ID00033,127.0,497,8331.0,8458.0
25391,ID00034,127.0,497,8331.0,8458.0
25392,ID00035,127.0,497,8331.0,8458.0
25393,ID00036,27.0,497,8467.0,8494.0
25394,ID00037,64.0,497,8497.0,8561.0
25395,ID00038,131.0,497,8564.0,8695.0
25396,ID00039,129.0,497,8564.0,8693.0
25397,ID00040,131.0,497,8564.0,8695.0
25398,ID00041,128.0,497,8564.0,8692.0
25399,ID00042,126.0,497,8564.0,8690.0
25400,ID00043,128.0,497,8564.0,8692.0
25401,ID00044,129.0,497,8564.0,8693.0
25402,ID00045,129.0,497,8564.0,8693.0
25403,ID00046,30.0,497,8737.0,8767.0
25404,ID00047,59.0,497,8770.0,8829.0
25405,ID00048,59.0,497,9481.0,9540.0
25406,ID00049,6.0,497,9554.0,9560.0
25407,finish,0.0,497,9562.0,9562.0
25408,entry,0.0,498,8100,8100.0
25409,ID00000,6.0,498,14087.0,14093.0
25410,ID00001,5.0,498,14058.0,14063.0
25411,ID00002,3417.0,498,9667.0,13084.0
25412,ID00003,542.0,498,13108.0,13650.0
25413,ID00004,27.0,498,13653.0,13680.0
25414,ID00005,627.0,498,13108.0,13735.0
25415,ID00006,22.0,498,13738.0,13760.0
25416,ID00007,382.0,498,13108.0,13490.0
25417,ID00008,20.0,498,13493.0,13513.0
25418,ID00009,449.0,498,13108.0,13557.0
25419,ID00010,27.0,498,13560.0,13587.0
25420,ID00011,453.0,498,13108.0,13561.0
25421,ID00012,27.0,498,13564.0,13591.0
25422,ID00013,757.0,498,13108.0,13865.0
25423,ID00014,28.0,498,13868.0,13896.0
25424,ID00015,598.0,498,13108.0,13706.0
25425,ID00016,12.0,498,13709.0,13721.0
25426,ID00017,445.0,498,13108.0,13553.0
25427,ID00018,10.0,498,13556.0,13566.0
25428,ID00019,947.0,498,13108.0,14055.0
25429,ID00020,26.0,498,14058.0,14084.0
25430,ID00021,688.0,498,13108.0,13796.0
25431,ID00022,25.0,498,13799.0,13824.0
25432,ID00023,2589.0,498,9675.0,12264.0
25433,ID00024,1086.0,498,12280.0,13366.0
25434,ID00025,15.0,498,13369.0,13384.0
25435,ID00026,669.0,498,12280.0,12949.0
25436,ID00027,21.0,498,12952.0,12973.0
25437,ID00028,784.0,498,12280.0,13064.0
25438,ID00029,21.0,498,13067.0,13088.0
25439,ID00030,937.0,498,12280.0,13217.0
25440,ID00031,11.0,498,13220.0,13231.0
25441,ID00032,541.0,498,12280.0,12821.0
25442,ID00033,22.0,498,12824.0,12846.0
25443,ID00034,518.0,498,12280.0,12798.0
25444,ID00035,20.0,498,12801.0,12821.0
25445,ID00036,1103.0,498,12280.0,13383.0
25446,ID00037,19.0,498,13386.0,13405.0
25447,ID00038,969.0,498,12280.0,13249.0
25448,ID00039,19.0,498,13252.0,13271.0
25449,ID00040,490.0,498,12280.0,12770.0
25450,ID00041,27.0,498,12773.0,12800.0
25451,ID00042,984.0,498,12280.0,13264.0
25452,ID00043,19.0,498,13267.0,13286.0
25453,ID00044,446.0,498,12280.0,12726.0
25454,ID00045,23.0,498,12729.0,12752.0
25455,ID00046,441.0,498,12280.0,12721.0
25456,ID00047,10.0,498,12724.0,12734.0
25457,ID00048,602.0,498,12280.0,12882.0
25458,ID00049,12.0,498,12885.0,12897.0
25459,finish,0.0,498,14094.0,14094.0
25460,entry,0.0,499,8100,8100.0
25461,ID00000,165.0,499,8123.0,8288.0
25462,ID00001,165.0,499,8123.0,8288.0
25463,ID00002,166.0,499,8123.0,8289.0
25464,ID00003,166.0,499,8123.0,8289.0
25465,ID00004,163.0,499,8123.0,8286.0
25466,ID00005,166.0,499,8123.0,8289.0
25467,ID00006,164.0,499,8123.0,8287.0
25468,ID00007,166.0,499,8123.0,8289.0
25469,ID00008,129.0,499,8330.0,8459.0
25470,ID00009,128.0,499,8331.0,8459.0
25471,ID00010,126.0,499,8330.0,8456.0
25472,ID00011,128.0,499,8331.0,8459.0
25473,ID00012,129.0,499,8330.0,8459.0
25474,ID00013,126.0,499,8331.0,8457.0
25475,ID00014,128.0,499,8331.0,8459.0
25476,ID00015,128.0,499,8331.0,8459.0
25477,ID00016,127.0,499,8331.0,8458.0
25478,ID00017,125.0,499,8331.0,8456.0
25479,ID00018,129.0,499,8331.0,8460.0
25480,ID00019,127.0,499,8331.0,8458.0
25481,ID00020,126.0,499,8331.0,8457.0
25482,ID00021,129.0,499,8331.0,8460.0
25483,ID00022,127.0,499,8331.0,8458.0
25484,ID00023,129.0,499,8331.0,8460.0
25485,ID00024,126.0,499,8328.0,8454.0
25486,ID00025,127.0,499,8331.0,8458.0
25487,ID00026,130.0,499,8331.0,8461.0
25488,ID00027,126.0,499,8331.0,8457.0
25489,ID00028,128.0,499,8331.0,8459.0
25490,ID00029,128.0,499,8330.0,8458.0
25491,ID00030,128.0,499,8331.0,8459.0
25492,ID00031,128.0,499,8331.0,8459.0
25493,ID00032,127.0,499,8331.0,8458.0
25494,ID00033,127.0,499,8331.0,8458.0
25495,ID00034,127.0,499,8331.0,8458.0
25496,ID00035,127.0,499,8331.0,8458.0
25497,ID00036,27.0,499,8467.0,8494.0
25498,ID00037,64.0,499,8497.0,8561.0
25499,ID00038,131.0,499,8564.0,8695.0
25500,ID00039,129.0,499,8564.0,8693.0
25501,ID00040,131.0,499,8564.0,8695.0
25502,ID00041,128.0,499,8564.0,8692.0
25503,ID00042,126.0,499,8564.0,8690.0
25504,ID00043,128.0,499,8564.0,8692.0
25505,ID00044,129.0,499,8564.0,8693.0
25506,ID00045,129.0,499,8564.0,8693.0
25507,ID00046,30.0,499,8737.0,8767.0
25508,ID00047,59.0,499,8770.0,8829.0
25509,ID00048,59.0,499,9481.0,9540.0
25510,ID00049,6.0,499,9554.0,9560.0
25511,finish,0.0,499,9562.0,9562.0
